#
# There is insufficient memory for the Java Runtime Environment to continue.
# Native memory allocation (mmap) failed to map 65536 bytes. Error detail: Failed to commit metaspace.
# Possible reasons:
#   The system is out of physical RAM or swap space
#   This process is running with CompressedOops enabled, and the Java Heap may be blocking the growth of the native heap
# Possible solutions:
#   Reduce memory load on the system
#   Increase physical memory or swap space
#   Check if swap backing store is full
#   Decrease Java heap size (-Xmx/-Xms)
#   Decrease number of Java threads
#   Decrease Java thread stack sizes (-Xss)
#   Set larger code cache with -XX:ReservedCodeCacheSize=
#   JVM is running with Unscaled Compressed Oops mode in which the Java heap is
#     placed in the first 4GB address space. The Java Heap base address is the
#     maximum limit for the native heap growth. Please use -XX:HeapBaseMinAddress
#     to set the Java Heap base and to place the Java Heap above 4GB virtual address.
# This output file may be truncated or incomplete.
#
#  Out of Memory Error (virtualSpaceNode.cpp:110), pid=12576, tid=12584
#
# JRE version: OpenJDK Runtime Environment Temurin-17.0.11+9 (17.0.11+9) (build 17.0.11+9)
# Java VM: OpenJDK 64-Bit Server VM Temurin-17.0.11+9 (17.0.11+9, mixed mode, tiered, compressed oops, compressed class ptrs, parallel gc, windows-amd64)
# No core dump will be written. Minidumps are not enabled by default on client versions of Windows
#

---------------  S U M M A R Y ------------

Command Line: --add-modules=ALL-SYSTEM --add-opens=java.base/java.util=ALL-UNNAMED --add-opens=java.base/java.lang=ALL-UNNAMED --add-opens=java.base/sun.nio.fs=ALL-UNNAMED -Declipse.application=org.eclipse.jdt.ls.core.id1 -Dosgi.bundles.defaultStartLevel=4 -Declipse.product=org.eclipse.jdt.ls.core.product -Djava.import.generatesMetadataFilesAtProjectRoot=false -DDetectVMInstallationsJob.disabled=true -Dfile.encoding=utf8 -XX:+UseParallelGC -XX:GCTimeRatio=4 -XX:AdaptiveSizePolicyWeight=90 -Dsun.zip.disableMemoryMapping=true -Xmx1G -Xms100m -Xlog:disable -javaagent:c:\Users\thinkpad\.vscode\extensions\redhat.java-1.32.0-win32-x64\lombok\lombok-1.18.33.jar c:\Users\thinkpad\.vscode\extensions\redhat.java-1.32.0-win32-x64\server\plugins\org.eclipse.equinox.launcher_1.6.900.v20240613-2009.jar -configuration c:\Users\thinkpad\AppData\Roaming\Code\User\globalStorage\redhat.java\1.32.0\config_ss_win -data c:\Users\thinkpad\AppData\Roaming\Code\User\workspaceStorage\51565181f65691b3f7f12234beb67880\redhat.java\ss_ws --pipe=\\.\pipe\lsp-e0f7746035b15e39c2b275724b68228d-sock

Host: Intel(R) Core(TM) i5-1035G1 CPU @ 1.00GHz, 8 cores, 7G,  Windows 11 , 64 bit Build 22621 (10.0.22621.3672)
Time: Sun Jul  7 23:56:24 2024 Maroc (heure d64 bit Build 22621 (10.0.22621.3672) elapsed time: 3.051501 seconds (0d 0h 0m 3s)

---------------  T H R E A D  ---------------

Current thread (0x0000026c8f0cafd0):  JavaThread "Start Level: Equinox Container: 2d390687-81e9-479c-a54a-593068421c93" daemon [_thread_in_vm, id=12584, stack(0x00000089c2600000,0x00000089c2700000)]

Stack: [0x00000089c2600000,0x00000089c2700000]
Native frames: (J=compiled Java code, j=interpreted, Vv=VM code, C=native code)
V  [jvm.dll+0x67d429]
V  [jvm.dll+0x834b7a]
V  [jvm.dll+0x83663e]
V  [jvm.dll+0x836ca3]
V  [jvm.dll+0x247dbf]
V  [jvm.dll+0x83083b]
V  [jvm.dll+0x621d56]
V  [jvm.dll+0x1c1b3e]
V  [jvm.dll+0x6246b1]
V  [jvm.dll+0x6226f6]
V  [jvm.dll+0x23d6c6]
V  [jvm.dll+0x1ec56b]
V  [jvm.dll+0x1e1f11]
V  [jvm.dll+0x54250e]
V  [jvm.dll+0x1f2957]
V  [jvm.dll+0x7ae0cb]
V  [jvm.dll+0x7af499]
V  [jvm.dll+0x7af7e8]
V  [jvm.dll+0x24007e]
V  [jvm.dll+0x2402cf]
V  [jvm.dll+0x560723]
V  [jvm.dll+0x562bd4]
V  [jvm.dll+0x38612b]
V  [jvm.dll+0x385be2]
C  0x0000026c875486ff

The last pc belongs to getstatic (printed below).
Java frames: (J=compiled Java code, j=interpreted, Vv=VM code)
j  java.time.format.DateTimeFormatter.<clinit>()V+46 java.base@17.0.11
v  ~StubRoutines::call_stub
j  org.eclipse.osgi.internal.debug.EclipseDebugTrace.<clinit>()V+2
v  ~StubRoutines::call_stub
j  org.eclipse.osgi.internal.debug.FrameworkDebugOptions.newDebugTrace(Ljava/lang/String;Ljava/lang/Class;)Lorg/eclipse/osgi/service/debug/DebugTrace;+28
j  org.eclipse.osgi.internal.debug.FrameworkDebugOptions.newDebugTrace(Ljava/lang/String;)Lorg/eclipse/osgi/service/debug/DebugTrace;+3
j  org.eclipse.core.internal.utils.Policy$1.optionsChanged(Lorg/eclipse/osgi/service/debug/DebugOptions;)V+3
j  org.eclipse.osgi.internal.debug.FrameworkDebugOptions.addingService(Lorg/osgi/framework/ServiceReference;)Lorg/eclipse/osgi/service/debug/DebugOptionsListener;+16
j  org.eclipse.osgi.internal.debug.FrameworkDebugOptions.addingService(Lorg/osgi/framework/ServiceReference;)Ljava/lang/Object;+5
j  org.osgi.util.tracker.ServiceTracker$Tracked.customizerAdding(Lorg/osgi/framework/ServiceReference;Lorg/osgi/framework/ServiceEvent;)Ljava/lang/Object;+8
j  org.osgi.util.tracker.ServiceTracker$Tracked.customizerAdding(Ljava/lang/Object;Ljava/lang/Object;)Ljava/lang/Object;+9
j  org.osgi.util.tracker.AbstractTracked.trackAdding(Ljava/lang/Object;Ljava/lang/Object;)V+8
j  org.osgi.util.tracker.AbstractTracked.track(Ljava/lang/Object;Ljava/lang/Object;)V+83
j  org.osgi.util.tracker.ServiceTracker$Tracked.serviceChanged(Lorg/osgi/framework/ServiceEvent;)V+67
J 1626 c1 org.eclipse.osgi.internal.serviceregistry.FilteredServiceListener.serviceChanged(Lorg/osgi/framework/ServiceEvent;)V (284 bytes) @ 0x0000026c802dbfb4 [0x0000026c802d9ce0+0x00000000000022d4]
J 1747 c1 org.eclipse.osgi.internal.framework.BundleContextImpl.dispatchEvent(Ljava/lang/Object;Ljava/lang/Object;ILjava/lang/Object;)V (558 bytes) @ 0x0000026c8031faec [0x0000026c8031ca20+0x00000000000030cc]
J 1907 c1 org.eclipse.osgi.framework.eventmgr.EventManager.dispatchEvent(Ljava/util/Set;Lorg/eclipse/osgi/framework/eventmgr/EventDispatcher;ILjava/lang/Object;)V (69 bytes) @ 0x0000026c80376cf4 [0x0000026c80376820+0x00000000000004d4]
j  org.eclipse.osgi.framework.eventmgr.ListenerQueue.dispatchEventSynchronous(ILjava/lang/Object;)V+67
j  org.eclipse.osgi.internal.serviceregistry.ServiceRegistry.publishServiceEventPrivileged(Lorg/osgi/framework/ServiceEvent;)V+320
j  org.eclipse.osgi.internal.serviceregistry.ServiceRegistry.publishServiceEvent(Lorg/osgi/framework/ServiceEvent;)V+8
j  org.eclipse.osgi.internal.serviceregistry.ServiceRegistrationImpl.register(Ljava/util/Dictionary;)V+128
j  org.eclipse.osgi.internal.serviceregistry.ServiceRegistry.registerService(Lorg/eclipse/osgi/internal/framework/BundleContextImpl;[Ljava/lang/String;Ljava/lang/Object;Ljava/util/Dictionary;)Lorg/eclipse/osgi/internal/serviceregistry/ServiceRegistrationImpl;+298
j  org.eclipse.osgi.internal.framework.BundleContextImpl.registerService([Ljava/lang/String;Ljava/lang/Object;Ljava/util/Dictionary;)Lorg/osgi/framework/ServiceRegistration;+15
j  org.eclipse.osgi.internal.framework.BundleContextImpl.registerService(Ljava/lang/String;Ljava/lang/Object;Ljava/util/Dictionary;)Lorg/osgi/framework/ServiceRegistration;+15
j  org.eclipse.osgi.internal.framework.BundleContextImpl.registerService(Ljava/lang/Class;Ljava/lang/Object;Ljava/util/Dictionary;)Lorg/osgi/framework/ServiceRegistration;+7
j  org.eclipse.core.resources.ResourcesPlugin.start(Lorg/osgi/framework/BundleContext;)V+46
j  org.eclipse.osgi.internal.framework.BundleContextImpl$2.run()Ljava/lang/Void;+23
j  org.eclipse.osgi.internal.framework.BundleContextImpl$2.run()Ljava/lang/Object;+1
J 1130 c1 java.security.AccessController.executePrivileged(Ljava/security/PrivilegedExceptionAction;Ljava/security/AccessControlContext;Ljava/lang/Class;)Ljava/lang/Object; java.base@17.0.11 (65 bytes) @ 0x0000026c801f2234 [0x0000026c801f20e0+0x0000000000000154]
j  java.security.AccessController.doPrivileged(Ljava/security/PrivilegedExceptionAction;)Ljava/lang/Object;+9 java.base@17.0.11
j  org.eclipse.osgi.internal.framework.BundleContextImpl.startActivator(Lorg/osgi/framework/BundleActivator;)V+9
j  org.eclipse.osgi.internal.framework.BundleContextImpl.start()V+134
j  org.eclipse.osgi.internal.framework.EquinoxBundle.startWorker0()V+35
j  org.eclipse.osgi.internal.framework.EquinoxBundle$EquinoxModule.startWorker()V+4
j  org.eclipse.osgi.container.Module.doStart([Lorg/eclipse/osgi/container/Module$StartOptions;)Lorg/eclipse/osgi/container/ModuleContainerAdaptor$ModuleEvent;+190
j  org.eclipse.osgi.container.Module.start([Lorg/eclipse/osgi/container/Module$StartOptions;)V+460
j  org.eclipse.osgi.framework.util.SecureAction.start(Lorg/eclipse/osgi/container/Module;[Lorg/eclipse/osgi/container/Module$StartOptions;)V+8
J 1762 c1 org.eclipse.osgi.internal.hooks.EclipseLazyStarter.postFindLocalClass(Ljava/lang/String;Ljava/lang/Class;Lorg/eclipse/osgi/internal/loader/classpath/ClasspathManager;)V (394 bytes) @ 0x0000026c8032c6dc [0x0000026c8032b760+0x0000000000000f7c]
J 1894 c1 org.eclipse.osgi.internal.loader.classpath.ClasspathManager.findLocalClass(Ljava/lang/String;)Ljava/lang/Class; (210 bytes) @ 0x0000026c8036d054 [0x0000026c8036c0a0+0x0000000000000fb4]
J 1760 c1 org.eclipse.osgi.internal.loader.BundleLoader.findLocalClass(Ljava/lang/String;)Ljava/lang/Class; (152 bytes) @ 0x0000026c8032976c [0x0000026c80328f20+0x000000000000084c]
J 1676 c1 org.eclipse.osgi.internal.loader.BundleLoader.findClass0(Ljava/lang/String;ZZ)Ljava/lang/Class; (470 bytes) @ 0x0000026c802f5294 [0x0000026c802f2ba0+0x00000000000026f4]
J 1675 c1 org.eclipse.osgi.internal.loader.BundleLoader.findClass(Ljava/lang/String;)Ljava/lang/Class; (8 bytes) @ 0x0000026c802f229c [0x0000026c802f2220+0x000000000000007c]
J 1678 c1 org.eclipse.osgi.internal.loader.ModuleClassLoader.loadClass(Ljava/lang/String;Z)Ljava/lang/Class; (36 bytes) @ 0x0000026c802f863c [0x0000026c802f8420+0x000000000000021c]
J 802 c1 java.lang.ClassLoader.loadClass(Ljava/lang/String;)Ljava/lang/Class; java.base@17.0.11 (7 bytes) @ 0x0000026c8014cb3c [0x0000026c8014ca40+0x00000000000000fc]
v  ~StubRoutines::call_stub
j  java.lang.Class.getDeclaredConstructors0(Z)[Ljava/lang/reflect/Constructor;+0 java.base@17.0.11
j  java.lang.Class.privateGetDeclaredConstructors(Z)[Ljava/lang/reflect/Constructor;+52 java.base@17.0.11
j  java.lang.Class.getConstructor0([Ljava/lang/Class;I)Ljava/lang/reflect/Constructor;+14 java.base@17.0.11
j  java.lang.Class.getConstructor([Ljava/lang/Class;)Ljava/lang/reflect/Constructor;+24 java.base@17.0.11
j  org.eclipse.osgi.internal.framework.BundleContextImpl.loadBundleActivator()Lorg/osgi/framework/BundleActivator;+105
j  org.eclipse.osgi.internal.framework.BundleContextImpl.start()V+18
j  org.eclipse.osgi.internal.framework.EquinoxBundle.startWorker0()V+35
j  org.eclipse.osgi.internal.framework.EquinoxBundle$EquinoxModule.startWorker()V+4
j  org.eclipse.osgi.container.Module.doStart([Lorg/eclipse/osgi/container/Module$StartOptions;)Lorg/eclipse/osgi/container/ModuleContainerAdaptor$ModuleEvent;+190
j  org.eclipse.osgi.container.Module.start([Lorg/eclipse/osgi/container/Module$StartOptions;)V+460
j  org.eclipse.osgi.container.ModuleContainer$ContainerStartLevel$2.run()V+71
j  org.eclipse.osgi.internal.framework.EquinoxContainerAdaptor$1$1.execute(Ljava/lang/Runnable;)V+1
j  org.eclipse.osgi.container.ModuleContainer$ContainerStartLevel.incStartLevel(ILjava/util/List;Z)V+193
j  org.eclipse.osgi.container.ModuleContainer$ContainerStartLevel.incStartLevel(ILjava/util/List;Ljava/util/List;Ljava/util/List;Ljava/util/List;)V+19
j  org.eclipse.osgi.container.ModuleContainer$ContainerStartLevel.doContainerStartLevel(Lorg/eclipse/osgi/container/Module;I[Lorg/osgi/framework/FrameworkListener;)V+349
j  org.eclipse.osgi.container.ModuleContainer$ContainerStartLevel.dispatchEvent(Lorg/eclipse/osgi/container/Module;[Lorg/osgi/framework/FrameworkListener;ILjava/lang/Integer;)V+32
j  org.eclipse.osgi.container.ModuleContainer$ContainerStartLevel.dispatchEvent(Ljava/lang/Object;Ljava/lang/Object;ILjava/lang/Object;)V+15
j  org.eclipse.osgi.framework.eventmgr.EventManager.dispatchEvent(Ljava/util/Set;Lorg/eclipse/osgi/framework/eventmgr/EventDispatcher;ILjava/lang/Object;)V+48
j  org.eclipse.osgi.framework.eventmgr.EventManager$EventThread.run()V+26
v  ~StubRoutines::call_stub
getstatic  178 getstatic  [0x0000026c87548660, 0x0000026c87548860]  512 bytes
[MachCode]
  0x0000026c87548660: 4883 ec08 | c5fa 1104 | 24eb 1f48 | 83ec 10c5 | fb11 0424 | eb14 4883 | ec10 4889 | 0424 48c7 
  0x0000026c87548680: 4424 0800 | 0000 00eb | 0150 410f | b755 0148 | 8b4d d0c1 | e202 8b5c | d120 c1eb | 1081 e3ff 
  0x0000026c875486a0: 0000 0081 | fbb2 0000 | 000f 84b6 | 0000 00bb | b200 0000 | e805 0000 | 00e9 9b00 | 0000 488b 
  0x0000026c875486c0: d348 8d44 | 2408 4c89 | 6dc0 498b | cfc5 f877 | 4989 afa8 | 0200 0049 | 8987 9802 | 0000 4883 
  0x0000026c875486e0: ec20 f7c4 | 0f00 0000 | 0f84 1a00 | 0000 4883 | ec08 49ba | 805b ddfe | fa7f 0000 | 41ff d248 
  0x0000026c87548700: 83c4 08e9 | 0d00 0000 | 49ba 805b | ddfe fa7f | 0000 41ff | d248 83c4 | 2049 c787 | 9802 0000 
  0x0000026c87548720: 0000 0000 | 49c7 87a8 | 0200 0000 | 0000 0049 | c787 a002 | 0000 0000 | 0000 c5f8 | 7749 817f 
  0x0000026c87548740: 0800 0000 | 000f 8405 | 0000 00e9 | b087 feff | 4c8b 6dc0 | 4c8b 75c8 | c341 0fb7 | 5501 488b 
  0x0000026c87548760: 4dd0 c1e2 | 0248 8b5c | d130 8b44 | d138 4c8b | 4cd1 284d | 8b49 704d | 8b09 c1e8 | 1c83 e00f 
  0x0000026c87548780: 0f85 0b00 | 0000 410f | be04 1950 | e9b1 0000 | 0083 f801 | 0f85 0b00 | 0000 410f | b604 1950 
  0x0000026c875487a0: e99d 0000 | 0083 f808 | 0f85 0a00 | 0000 418b | 0419 50e9 | 8a00 0000 | 83f8 040f | 850a 0000 
  0x0000026c875487c0: 0041 8b04 | 1950 e977 | 0000 0083 | f802 0f85 | 0b00 0000 | 410f b704 | 1950 e963 | 0000 0083 
  0x0000026c875487e0: f803 0f85 | 0b00 0000 | 410f bf04 | 1950 e94f | 0000 0083 | f805 0f85 | 1a00 0000 | 498b 0419 
  0x0000026c87548800: 4883 ec10 | 4889 0424 | 48c7 4424 | 0800 0000 | 00e9 2c00 | 0000 83f8 | 060f 8514 | 0000 00c4 
  0x0000026c87548820: c17a 1004 | 1948 83ec | 08c5 fa11 | 0424 e90f | 0000 00c4 | c17b 1004 | 1948 83ec | 10c5 fb11 
  0x0000026c87548840: 0424 410f | b65d 0349 | 83c5 0349 | bad0 a95f | fffa 7f00 | 0041 ff24 | da0f 1f80 | 0000 0000 
[/MachCode]

Compiled method (c1)    3096 1626       3       org.eclipse.osgi.internal.serviceregistry.FilteredServiceListener::serviceChanged (284 bytes)
 total in heap  [0x0000026c802d9690,0x0000026c802dda90] = 17408
 relocation     [0x0000026c802d97e8,0x0000026c802d9ce0] = 1272
 main code      [0x0000026c802d9ce0,0x0000026c802dc7e0] = 11008
 stub code      [0x0000026c802dc7e0,0x0000026c802dcad8] = 760
 oops           [0x0000026c802dcad8,0x0000026c802dcb18] = 64
 metadata       [0x0000026c802dcb18,0x0000026c802dcbe0] = 200
 scopes data    [0x0000026c802dcbe0,0x0000026c802dd220] = 1600
 scopes pcs     [0x0000026c802dd220,0x0000026c802dd9b0] = 1936
 dependencies   [0x0000026c802dd9b0,0x0000026c802dd9f0] = 64
 nul chk table  [0x0000026c802dd9f0,0x0000026c802dda90] = 160

[Constant Pool (empty)]

[MachCode]
[Entry Point]
  # {method} {0x0000026cf9c2c2d0} 'serviceChanged' '(Lorg/osgi/framework/ServiceEvent;)V' in 'org/eclipse/osgi/internal/serviceregistry/FilteredServiceListener'
  # this:     rdx:rdx   = 'org/eclipse/osgi/internal/serviceregistry/FilteredServiceListener'
  # parm0:    r8:r8     = 'org/osgi/framework/ServiceEvent'
  #           [sp+0xf0]  (sp of caller)
  0x0000026c802d9ce0: 448b 5208 | 49c1 e203 

  0x0000026c802d9ce8: ;   {runtime_call ic_miss_stub}
  0x0000026c802d9ce8: 4c3b d00f | 858f 782a | 0766 6666 | 0f1f 8400 | 0000 0000 | 6666 6690 
[Verified Entry Point]
  0x0000026c802d9d00: 8984 2400 | 90ff ff55 | 4881 ece0 | 0000 0048 | 8954 2468 

  0x0000026c802d9d14: ;   {metadata(method data for {method} {0x0000026cf9c2c2d0} 'serviceChanged' '(Lorg/osgi/framework/ServiceEvent;)V' in 'org/eclipse/osgi/internal/serviceregistry/FilteredServiceListener')}
  0x0000026c802d9d14: 48be 0075 | d0f9 6c02 | 0000 8bbe | cc00 0000 | 83c7 0289 | becc 0000 | 0081 e7fe | 0700 0083 
  0x0000026c802d9d34: ff00 0f84 | 1923 0000 

  0x0000026c802d9d3c: ; implicit exception: dispatches to 0x0000026c802dc076
  0x0000026c802d9d3c: 493b 0049 

  0x0000026c802d9d40: ;   {metadata(method data for {method} {0x0000026cf9c2c2d0} 'serviceChanged' '(Lorg/osgi/framework/ServiceEvent;)V' in 'org/eclipse/osgi/internal/serviceregistry/FilteredServiceListener')}
  0x0000026c802d9d40: 8bf0 48bf | 0075 d0f9 | 6c02 0000 | 8b76 0848 | c1e6 0348 | 3bb7 2001 | 0000 750d | 4883 8728 
  0x0000026c802d9d60: 0100 0001 | e966 0000 | 0048 3bb7 | 3001 0000 | 750d 4883 | 8738 0100 | 0001 e950 | 0000 0048 
  0x0000026c802d9d80: 81bf 2001 | 0000 0000 | 0000 7517 | 4889 b720 | 0100 0048 | c787 2801 | 0000 0100 | 0000 e92c 
  0x0000026c802d9da0: 0000 0048 | 81bf 3001 | 0000 0000 | 0000 7517 | 4889 b730 | 0100 0048 | c787 3801 | 0000 0100 
  0x0000026c802d9dc0: 0000 e908 | 0000 0048 | 8387 1001 | 0000 0141 | 8b70 1448 | 83fe 0075 

  0x0000026c802d9dd8: ;   {metadata(method data for {method} {0x0000026cf9c2c2d0} 'serviceChanged' '(Lorg/osgi/framework/ServiceEvent;)V' in 'org/eclipse/osgi/internal/serviceregistry/FilteredServiceListener')}
  0x0000026c802d9dd8: 1648 bb00 | 75d0 f96c | 0200 0080 | 8b41 0100 | 0001 e9c0 

  0x0000026c802d9dec: ;   {metadata('org/eclipse/osgi/internal/serviceregistry/ServiceReferenceImpl')}
  0x0000026c802d9dec: 0000 0048 | b820 3813 | 0001 0000 | 008b 7e08 | 48c1 e703 | 483b c70f | 858a 0000 

  0x0000026c802d9e08: ;   {metadata(method data for {method} {0x0000026cf9c2c2d0} 'serviceChanged' '(Lorg/osgi/framework/ServiceEvent;)V' in 'org/eclipse/osgi/internal/serviceregistry/FilteredServiceListener')}
  0x0000026c802d9e08: 0048 bb00 | 75d0 f96c | 0200 008b | 4608 48c1 | e003 483b | 8358 0100 | 0075 0d48 | 8383 6001 
  0x0000026c802d9e28: 0000 01e9 | 7f00 0000 | 483b 8368 | 0100 0075 | 0d48 8383 | 7001 0000 | 01e9 6900 | 0000 4881 
  0x0000026c802d9e48: bb58 0100 | 0000 0000 | 0075 1748 | 8983 5801 | 0000 48c7 | 8360 0100 | 0001 0000 | 00e9 4500 
  0x0000026c802d9e68: 0000 4881 | bb68 0100 | 0000 0000 | 0075 1748 | 8983 6801 | 0000 48c7 | 8370 0100 | 0001 0000 
  0x0000026c802d9e88: 00e9 2100 | 0000 e91c 

  0x0000026c802d9e90: ;   {metadata(method data for {method} {0x0000026cf9c2c2d0} 'serviceChanged' '(Lorg/osgi/framework/ServiceEvent;)V' in 'org/eclipse/osgi/internal/serviceregistry/FilteredServiceListener')}
  0x0000026c802d9e90: 0000 0048 | bb00 75d0 | f96c 0200 | 0048 83ab | 4801 0000 | 01e9 d121 | 0000 e900 | 0000 0048 
  0x0000026c802d9eb0: 8974 2470 | 8b7a 1c48 

  0x0000026c802d9eb8: ;   {metadata(method data for {method} {0x0000026cf9c2c2d0} 'serviceChanged' '(Lorg/osgi/framework/ServiceEvent;)V' in 'org/eclipse/osgi/internal/serviceregistry/FilteredServiceListener')}
  0x0000026c802d9eb8: 83ff 0048 | bb00 75d0 | f96c 0200 | 0048 b880 | 0100 0000 | 0000 000f | 840a 0000 | 0048 b890 
  0x0000026c802d9ed8: 0100 0000 | 0000 0048 | 8b0c 0348 | 8d49 0148 | 890c 030f | 8402 0200 | 0048 3b06 

  0x0000026c802d9ef4: ;   {metadata(method data for {method} {0x0000026cf9c2c2d0} 'serviceChanged' '(Lorg/osgi/framework/ServiceEvent;)V' in 'org/eclipse/osgi/internal/serviceregistry/FilteredServiceListener')}
  0x0000026c802d9ef4: 488b de48 | b800 75d0 | f96c 0200 

  0x0000026c802d9f00: ;   {metadata('org/eclipse/osgi/internal/serviceregistry/ServiceReferenceImpl')}
  0x0000026c802d9f00: 0049 ba20 | 3813 0001 | 0000 004c | 8990 b001 | 0000 4883 | 80b8 0100 

  0x0000026c802d9f18: ;   {metadata(method data for {method} {0x0000026cf9c42fc8} 'getClasses' '()[Ljava/lang/String;' in 'org/eclipse/osgi/internal/serviceregistry/ServiceReferenceImpl')}
  0x0000026c802d9f18: 0001 48bb | e816 d2f9 | 6c02 0000 | 8b83 cc00 | 0000 83c0 | 0289 83cc | 0000 0081 | e0fe ff1f 
  0x0000026c802d9f38: 0083 f800 | 0f84 4721 | 0000 8b5e | 0c48 3b03 

  0x0000026c802d9f48: ;   {metadata(method data for {method} {0x0000026cf9c42fc8} 'getClasses' '()[Ljava/lang/String;' in 'org/eclipse/osgi/internal/serviceregistry/ServiceReferenceImpl')}
  0x0000026c802d9f48: 488b c348 | b9e8 16d2 | f96c 0200 | 008b 4008 | 48c1 e003 | 483b 8120 | 0100 0075 | 0d48 8381 
  0x0000026c802d9f68: 2801 0000 | 01e9 6600 | 0000 483b | 8130 0100 | 0075 0d48 | 8381 3801 | 0000 01e9 | 5000 0000 
  0x0000026c802d9f88: 4881 b920 | 0100 0000 | 0000 0075 | 1748 8981 | 2001 0000 | 48c7 8128 | 0100 0001 | 0000 00e9 
  0x0000026c802d9fa8: 2c00 0000 | 4881 b930 | 0100 0000 | 0000 0075 | 1748 8981 | 3001 0000 | 48c7 8138 | 0100 0001 
  0x0000026c802d9fc8: 0000 00e9 | 0800 0000 | 4883 8110 | 0100 0001 | 8b5b 288b 

  0x0000026c802d9fdc: ;   {metadata(method data for {method} {0x0000026cf9c2c2d0} 'serviceChanged' '(Lorg/osgi/framework/ServiceEvent;)V' in 'org/eclipse/osgi/internal/serviceregistry/FilteredServiceListener')}
  0x0000026c802d9fdc: 430c 48b9 | 0075 d0f9 | 6c02 0000 | ff81 d801 | 0000 b900 | 0000 00e9 | 4300 0000 | 4c63 c946 
  0x0000026c802d9ffc: 8b4c 8b10 

  0x0000026c802da000: ;   {metadata(method data for {method} {0x0000026cf9c2c2d0} 'serviceChanged' '(Lorg/osgi/framework/ServiceEvent;)V' in 'org/eclipse/osgi/internal/serviceregistry/FilteredServiceListener')}
  0x0000026c802da000: 4c3b cf49 | b900 75d0 | f96c 0200 | 0049 bb00 | 0200 0000 | 0000 000f | 840a 0000 | 0049 bbf0 
  0x0000026c802da020: 0100 0000 | 0000 004f | 8b2c 194d | 8d6d 014f | 892c 190f | 84aa 0000 | 00ff c13b | c841 b902 
  0x0000026c802da040: 0000 000f | 8c06 0000 | 0041 b900 

  0x0000026c802da04c: ;   {metadata(method data for {method} {0x0000026cf9c2c2d0} 'serviceChanged' '(Lorg/osgi/framework/ServiceEvent;)V' in 'org/eclipse/osgi/internal/serviceregistry/FilteredServiceListener')}
  0x0000026c802da04c: 0000 0049 | bb00 75d0 | f96c 0200 | 0045 8bab | d000 0000 | 4503 e945 | 89ab d000 | 0000 4183 
  0x0000026c802da06c: f900 0f85 | 0600 0000 | 41bd 0200 | 0000 4181 | e5fe 3f00 | 0041 83fd | 000f 8429 | 2000 004d 
  0x0000026c802da08c: 8b97 5803 

  0x0000026c802da090: ; ImmutableOopMap {rdx=Oop [104]=Oop r8=Oop rsi=Oop [112]=Oop rdi=Oop rbx=Oop }
                      ;*if_icmplt {reexecute=1 rethrow=0 return_oop=0}
                      ; - (reexecute) org.eclipse.osgi.internal.serviceregistry.FilteredServiceListener::serviceChanged@51 (line 102)
                      ;   {poll}
  0x0000026c802da090: 0000 4185 

  0x0000026c802da094: ;   {metadata(method data for {method} {0x0000026cf9c2c2d0} 'serviceChanged' '(Lorg/osgi/framework/ServiceEvent;)V' in 'org/eclipse/osgi/internal/serviceregistry/FilteredServiceListener')}
  0x0000026c802da094: 023b c849 | b900 75d0 | f96c 0200 | 0049 bb28 | 0200 0000 | 0000 000f | 8c0a 0000 | 0049 bb38 
  0x0000026c802da0b4: 0200 0000 | 0000 004f | 8b2c 194d | 8d6d 014f | 892c 190f | 8c2b ffff | ff48 81c4 | e000 0000 
  0x0000026c802da0d4: ;   {poll_return}
  0x0000026c802da0d4: 5d49 3ba7 | 5003 0000 | 0f87 f31f 

  0x0000026c802da0e0: ;   {metadata(method data for {method} {0x0000026cf9c2c2d0} 'serviceChanged' '(Lorg/osgi/framework/ServiceEvent;)V' in 'org/eclipse/osgi/internal/serviceregistry/FilteredServiceListener')}
  0x0000026c802da0e0: 0000 c348 | bf00 75d0 | f96c 0200 | 00ff 8710 | 0200 008b 

  0x0000026c802da0f4: ;   {metadata(method data for {method} {0x0000026cf9c2c2d0} 'serviceChanged' '(Lorg/osgi/framework/ServiceEvent;)V' in 'org/eclipse/osgi/internal/serviceregistry/FilteredServiceListener')}
  0x0000026c802da0f4: 7a18 48bb | 0075 d0f9 | 6c02 0000 | 4883 8348 | 0200 0001 | 498b d04c | 8944 2478 | 4c8b c70f 
  0x0000026c802da114: ;   {static_call}
  0x0000026c802da114: 1f40 00e8 

  0x0000026c802da118: ; ImmutableOopMap {[112]=Oop [120]=Oop [104]=Oop }
                      ;*invokestatic hasListenServicePermission {reexecute=0 rethrow=0 return_oop=0}
                      ; - org.eclipse.osgi.internal.serviceregistry.FilteredServiceListener::serviceChanged@60 (line 113)
  0x0000026c802da118: c926 0000 

  0x0000026c802da11c: ;   {metadata(method data for {method} {0x0000026cf9c2c2d0} 'serviceChanged' '(Lorg/osgi/framework/ServiceEvent;)V' in 'org/eclipse/osgi/internal/serviceregistry/FilteredServiceListener')}
  0x0000026c802da11c: 83f8 0048 | ba00 75d0 | f96c 0200 | 0048 be68 | 0200 0000 | 0000 000f | 840a 0000 | 0048 be58 
  0x0000026c802da13c: 0200 0000 | 0000 0048 | 8b3c 3248 | 8d7f 0148 | 893c 320f | 848b 1e00 | 0048 8b54 | 2468 8b72 
  0x0000026c802da15c: 200f be76 | 1183 fe00 

  0x0000026c802da164: ;   {metadata(method data for {method} {0x0000026cf9c2c2d0} 'serviceChanged' '(Lorg/osgi/framework/ServiceEvent;)V' in 'org/eclipse/osgi/internal/serviceregistry/FilteredServiceListener')}
  0x0000026c802da164: 48be 0075 | d0f9 6c02 | 0000 48bf | 7802 0000 | 0000 0000 | 0f84 0a00 | 0000 48bf | 8802 0000 
  0x0000026c802da184: 0000 0000 | 488b 043e | 488d 4001 | 4889 043e | 0f84 1212 | 0000 488b | da66 6690 

  0x0000026c802da1a0: ;   {no_reloc}
  0x0000026c802da1a0: e95a 1f00 | 0000 0000 | 0000 498b | 8708 0100 | 0048 8d78 | 1849 3bbf | 1801 0000 | 0f87 471f 
  0x0000026c802da1c0: 0000 4989 | bf08 0100 | 0048 c700 | 0100 0000 | 488b ca48 | c1e9 0389 | 4808 4833 | c989 480c 
  0x0000026c802da1e0: 4833 c948 | 8948 1048 

  0x0000026c802da1e8: ;   {metadata(method data for {method} {0x0000026cf9c2c2d0} 'serviceChanged' '(Lorg/osgi/framework/ServiceEvent;)V' in 'org/eclipse/osgi/internal/serviceregistry/FilteredServiceListener')}
  0x0000026c802da1e8: 8bd3 48be | 0075 d0f9 | 6c02 0000 | 4883 8698 | 0200 0001 | 8b53 0848 | c1e2 0348 | 8b52 7048 
  0x0000026c802da208: 8b12 483b | 0248 8bf2 

  0x0000026c802da210: ;   {metadata(method data for {method} {0x0000026cf9c2c2d0} 'serviceChanged' '(Lorg/osgi/framework/ServiceEvent;)V' in 'org/eclipse/osgi/internal/serviceregistry/FilteredServiceListener')}
  0x0000026c802da210: 48bf 0075 | d0f9 6c02 | 0000 4883 | 87d0 0200 

  0x0000026c802da220: ;   {metadata(method data for {method} {0x0000026cf90134f0} 'getName' '()Ljava/lang/String;' in 'java/lang/Class')}
  0x0000026c802da220: 0001 48be | d859 5ff9 | 6c02 0000 | 8bbe cc00 | 0000 83c7 | 0289 becc | 0000 0081 | e7fe ff1f 
  0x0000026c802da240: 0083 ff00 | 0f84 d11e | 0000 8b72 | 2c48 83fe 

  0x0000026c802da250: ;   {metadata(method data for {method} {0x0000026cf90134f0} 'getName' '()Ljava/lang/String;' in 'java/lang/Class')}
  0x0000026c802da250: 0048 bfd8 | 595f f96c | 0200 0048 | b910 0100 | 0000 0000 | 000f 840a | 0000 0048 | b920 0100 
  0x0000026c802da270: 0000 0000 | 004c 8b04 | 0f4d 8d40 | 014c 8904 | 0f0f 841d 

  0x0000026c802da284: ;   {metadata(method data for {method} {0x0000026cf90134f0} 'getName' '()Ljava/lang/String;' in 'java/lang/Class')}
  0x0000026c802da284: 0000 0048 | bad8 595f | f96c 0200 | 00ff 8230 | 0100 0048 | 8984 2480 | 0000 00e9 | 2b00 0000 
  0x0000026c802da2a4: 4889 8424 | 8000 0000 

  0x0000026c802da2ac: ;   {metadata(method data for {method} {0x0000026cf90134f0} 'getName' '()Ljava/lang/String;' in 'java/lang/Class')}
  0x0000026c802da2ac: 488b fa48 | bbd8 595f | f96c 0200 | 0048 8383 | 4801 0000 | 0166 0f1f 

  0x0000026c802da2c4: ;   {optimized virtual_call}
  0x0000026c802da2c4: 4400 00e8 

  0x0000026c802da2c8: ; ImmutableOopMap {[112]=Oop [120]=Oop [128]=Oop [104]=Oop }
                      ;*invokevirtual initClassName {reexecute=0 rethrow=0 return_oop=0}
                      ; - java.lang.Class::getName@14
                      ; - org.eclipse.osgi.internal.serviceregistry.FilteredServiceListener::serviceChanged@85 (line 117)
  0x0000026c802da2c8: 3478 2a07 

  0x0000026c802da2cc: ;   {metadata(method data for {method} {0x0000026cf9c2c2d0} 'serviceChanged' '(Lorg/osgi/framework/ServiceEvent;)V' in 'org/eclipse/osgi/internal/serviceregistry/FilteredServiceListener')}
  0x0000026c802da2cc: 488b f048 | ba00 75d0 | f96c 0200 | 0048 8382 | 0803 0000 

  0x0000026c802da2e0: ;   {metadata(method data for {method} {0x0000026cf900b990} 'valueOf' '(Ljava/lang/Object;)Ljava/lang/String;' in 'java/lang/String')}
  0x0000026c802da2e0: 0148 ba08 | 4d7d f96c | 0200 008b | bacc 0000 | 0083 c702 | 89ba cc00 | 0000 81e7 | feff 1f00 
  0x0000026c802da300: 83ff 000f | 8433 1e00 | 0048 83fe 

  0x0000026c802da30c: ;   {metadata(method data for {method} {0x0000026cf900b990} 'valueOf' '(Ljava/lang/Object;)Ljava/lang/String;' in 'java/lang/String')}
  0x0000026c802da30c: 0048 ba08 | 4d7d f96c | 0200 0048 | bf10 0100 | 0000 0000 | 000f 850a | 0000 0048 | bf20 0100 
  0x0000026c802da32c: 0000 0000 | 0048 8b1c | 3a48 8d5b | 0148 891c | 3a0f 851f 

  0x0000026c802da340: ;   {metadata(method data for {method} {0x0000026cf900b990} 'valueOf' '(Ljava/lang/Object;)Ljava/lang/String;' in 'java/lang/String')}
  0x0000026c802da340: 0000 0048 | ba08 4d7d | f96c 0200 | 00ff 8230 

  0x0000026c802da350: ;   {oop("null"{0x00000000c0000f10})}
  0x0000026c802da350: 0100 0048 | be10 0f00 | c000 0000 | 00e9 ad00 | 0000 483b | 0648 8bd6 

  0x0000026c802da368: ;   {metadata(method data for {method} {0x0000026cf900b990} 'valueOf' '(Ljava/lang/Object;)Ljava/lang/String;' in 'java/lang/String')}
  0x0000026c802da368: 48bf 084d | 7df9 6c02 | 0000 8b52 | 0848 c1e2 | 0348 3b97 | 5801 0000 | 750d 4883 | 8760 0100 
  0x0000026c802da388: 0001 e966 | 0000 0048 | 3b97 6801 | 0000 750d | 4883 8770 | 0100 0001 | e950 0000 | 0048 81bf 
  0x0000026c802da3a8: 5801 0000 | 0000 0000 | 7517 4889 | 9758 0100 | 0048 c787 | 6001 0000 | 0100 0000 | e92c 0000 
  0x0000026c802da3c8: 0048 81bf | 6801 0000 | 0000 0000 | 7517 4889 | 9768 0100 | 0048 c787 | 7001 0000 | 0100 0000 
  0x0000026c802da3e8: e908 0000 | 0048 8387 | 4801 0000 | 0148 8bd6 | 0f1f 4400 | 0048 b8ff | ffff ffff 

  0x0000026c802da404: ;   {virtual_call}
  0x0000026c802da404: ffff ffe8 

  0x0000026c802da408: ; ImmutableOopMap {[112]=Oop [120]=Oop [128]=Oop [104]=Oop }
                      ;*invokevirtual toString {reexecute=0 rethrow=0 return_oop=0}
                      ; - java.lang.String::valueOf@11
                      ; - org.eclipse.osgi.internal.serviceregistry.FilteredServiceListener::serviceChanged@88 (line 117)
  0x0000026c802da408: 747c 2a07 | 488b f048 | 8b84 2480 

  0x0000026c802da414: ;   {metadata(method data for {method} {0x0000026cf9c2c2d0} 'serviceChanged' '(Lorg/osgi/framework/ServiceEvent;)V' in 'org/eclipse/osgi/internal/serviceregistry/FilteredServiceListener')}
  0x0000026c802da414: 0000 0049 | b800 75d0 | f96c 0200 | 0049 8380 | 1803 0000 

  0x0000026c802da428: ;   {metadata(method data for {method} {0x0000026cf909a228} '<init>' '(Ljava/lang/String;)V' in 'java/lang/StringBuilder')}
  0x0000026c802da428: 0149 b8e0 | af7f f96c | 0200 0041 | 8b90 cc00 | 0000 83c2 | 0241 8990 | cc00 0000 | 81e2 feff 
  0x0000026c802da448: 1f00 83fa | 000f 840f | 1d00 0048 | 8b84 2480 

  0x0000026c802da458: ;   {metadata(method data for {method} {0x0000026cf909a228} '<init>' '(Ljava/lang/String;)V' in 'java/lang/StringBuilder')}
  0x0000026c802da458: 0000 0049 | b8e0 af7f | f96c 0200 | 0049 8380 | 1001 0000 | 014c 8bc6 | 488b 9424 | 8000 0000 
  0x0000026c802da478: 0f1f 8000 

  0x0000026c802da47c: ;   {optimized virtual_call}
  0x0000026c802da47c: 0000 00e8 

  0x0000026c802da480: ; ImmutableOopMap {[112]=Oop [120]=Oop [128]=Oop [104]=Oop }
                      ;*invokespecial <init> {reexecute=0 rethrow=0 return_oop=0}
                      ; - java.lang.StringBuilder::<init>@2
                      ; - org.eclipse.osgi.internal.serviceregistry.FilteredServiceListener::serviceChanged@91 (line 117)
  0x0000026c802da480: 7c76 2a07 | 488b 8424 | 8000 0000 

  0x0000026c802da48c: ;   {metadata(method data for {method} {0x0000026cf9c2c2d0} 'serviceChanged' '(Lorg/osgi/framework/ServiceEvent;)V' in 'org/eclipse/osgi/internal/serviceregistry/FilteredServiceListener')}
  0x0000026c802da48c: 49b8 0075 | d0f9 6c02 | 0000 4983 | 8028 0300 

  0x0000026c802da49c: ;   {metadata(method data for {method} {0x0000026cf909a488} 'append' '(Ljava/lang/String;)Ljava/lang/StringBuilder;' in 'java/lang/StringBuilder')}
  0x0000026c802da49c: 0001 49b8 | 78ed 3bf9 | 6c02 0000 | 418b 90cc | 0000 0083 | c202 4189 | 90cc 0000 | 0081 e2fe 
  0x0000026c802da4bc: ff1f 0083 | fa00 0f84 | bb1c 0000 | 488b 8424 | 8000 0000 

  0x0000026c802da4d0: ;   {metadata(method data for {method} {0x0000026cf909a488} 'append' '(Ljava/lang/String;)Ljava/lang/StringBuilder;' in 'java/lang/StringBuilder')}
  0x0000026c802da4d0: 49b8 78ed | 3bf9 6c02 | 0000 4983 | 8010 0100 

  0x0000026c802da4e0: ;   {oop("@"{0x00000000c0000028})}
  0x0000026c802da4e0: 0001 49b8 | 2800 00c0 | 0000 0000 | 488b 9424 | 8000 0000 

  0x0000026c802da4f4: ;   {optimized virtual_call}
  0x0000026c802da4f4: 6666 90e8 

  0x0000026c802da4f8: ; ImmutableOopMap {[112]=Oop [120]=Oop [128]=Oop [104]=Oop }
                      ;*invokespecial append {reexecute=0 rethrow=0 return_oop=0}
                      ; - java.lang.StringBuilder::append@2
                      ; - org.eclipse.osgi.internal.serviceregistry.FilteredServiceListener::serviceChanged@96 (line 117)
  0x0000026c802da4f8: 0476 2a07 

  0x0000026c802da4fc: ;   {metadata(method data for {method} {0x0000026cf9c2c2d0} 'serviceChanged' '(Lorg/osgi/framework/ServiceEvent;)V' in 'org/eclipse/osgi/internal/serviceregistry/FilteredServiceListener')}
  0x0000026c802da4fc: 48ba 0075 | d0f9 6c02 | 0000 4883 | 8260 0300 | 0001 488b | 5424 680f 

  0x0000026c802da514: ;   {static_call}
  0x0000026c802da514: 1f40 00e8 

  0x0000026c802da518: ; ImmutableOopMap {[112]=Oop [120]=Oop [128]=Oop [104]=Oop }
                      ;*invokestatic identityHashCode {reexecute=0 rethrow=0 return_oop=0}
                      ; - org.eclipse.osgi.internal.serviceregistry.FilteredServiceListener::serviceChanged@100 (line 117)
  0x0000026c802da518: e480 2a07 

  0x0000026c802da51c: ;   {metadata(method data for {method} {0x0000026cf9c2c2d0} 'serviceChanged' '(Lorg/osgi/framework/ServiceEvent;)V' in 'org/eclipse/osgi/internal/serviceregistry/FilteredServiceListener')}
  0x0000026c802da51c: 48ba 0075 | d0f9 6c02 | 0000 4883 | 8270 0300 

  0x0000026c802da52c: ;   {metadata(method data for {method} {0x0000026cf90f4560} 'toHexString' '(I)Ljava/lang/String;' in 'java/lang/Integer')}
  0x0000026c802da52c: 0001 48ba | 2817 9bf9 | 6c02 0000 | 448b 82cc | 0000 0041 | 83c0 0244 | 8982 cc00 | 0000 4181 
  0x0000026c802da54c: e0fe ff1f | 0041 83f8 | 000f 8449 

  0x0000026c802da558: ;   {metadata(method data for {method} {0x0000026cf90f4560} 'toHexString' '(I)Ljava/lang/String;' in 'java/lang/Integer')}
  0x0000026c802da558: 1c00 0048 | ba28 179b | f96c 0200 | 0048 8382 | 1001 0000 | 0148 8bd0 | 41b8 0400 

  0x0000026c802da574: ;   {static_call}
  0x0000026c802da574: 0000 90e8 

  0x0000026c802da578: ; ImmutableOopMap {[112]=Oop [120]=Oop [128]=Oop [104]=Oop }
                      ;*invokestatic toUnsignedString0 {reexecute=0 rethrow=0 return_oop=0}
                      ; - java.lang.Integer::toHexString@2
                      ; - org.eclipse.osgi.internal.serviceregistry.FilteredServiceListener::serviceChanged@103 (line 117)
  0x0000026c802da578: 8480 2a07 | 4c8b 8424 | 8000 0000 

  0x0000026c802da584: ;   {metadata(method data for {method} {0x0000026cf9c2c2d0} 'serviceChanged' '(Lorg/osgi/framework/ServiceEvent;)V' in 'org/eclipse/osgi/internal/serviceregistry/FilteredServiceListener')}
  0x0000026c802da584: 48ba 0075 | d0f9 6c02 | 0000 4883 | 8280 0300 

  0x0000026c802da594: ;   {metadata(method data for {method} {0x0000026cf909a488} 'append' '(Ljava/lang/String;)Ljava/lang/StringBuilder;' in 'java/lang/StringBuilder')}
  0x0000026c802da594: 0001 49b8 | 78ed 3bf9 | 6c02 0000 | 418b 90cc | 0000 0083 | c202 4189 | 90cc 0000 | 0081 e2fe 
  0x0000026c802da5b4: ff1f 0083 | fa00 0f84 | 051c 0000 | 4c8b 8424 | 8000 0000 

  0x0000026c802da5c8: ;   {metadata(method data for {method} {0x0000026cf909a488} 'append' '(Ljava/lang/String;)Ljava/lang/StringBuilder;' in 'java/lang/StringBuilder')}
  0x0000026c802da5c8: 48ba 78ed | 3bf9 6c02 | 0000 4883 | 8210 0100 | 0001 4c8b | c048 8b94 | 2480 0000 

  0x0000026c802da5e4: ;   {optimized virtual_call}
  0x0000026c802da5e4: 0066 90e8 

  0x0000026c802da5e8: ; ImmutableOopMap {[112]=Oop [120]=Oop [128]=Oop [104]=Oop }
                      ;*invokespecial append {reexecute=0 rethrow=0 return_oop=0}
                      ; - java.lang.StringBuilder::append@2
                      ; - org.eclipse.osgi.internal.serviceregistry.FilteredServiceListener::serviceChanged@106 (line 117)
  0x0000026c802da5e8: 1475 2a07 | 488b 8424 | 8000 0000 

  0x0000026c802da5f4: ;   {metadata(method data for {method} {0x0000026cf9c2c2d0} 'serviceChanged' '(Lorg/osgi/framework/ServiceEvent;)V' in 'org/eclipse/osgi/internal/serviceregistry/FilteredServiceListener')}
  0x0000026c802da5f4: 48ba 0075 | d0f9 6c02 | 0000 4883 | 82b8 0300 

  0x0000026c802da604: ;   {metadata(method data for {method} {0x0000026cf909b800} 'toString' '()Ljava/lang/String;' in 'java/lang/StringBuilder')}
  0x0000026c802da604: 0001 48ba | 20f1 3bf9 | 6c02 0000 | 448b 82cc | 0000 0041 | 83c0 0244 | 8982 cc00 | 0000 4181 
  0x0000026c802da624: e0fe ff1f | 0041 83f8 | 000f 84b3 | 1b00 0048 | 8b84 2480 

  0x0000026c802da638: ;   {metadata(method data for {method} {0x0000026cf909b800} 'toString' '()Ljava/lang/String;' in 'java/lang/StringBuilder')}
  0x0000026c802da638: 0000 0048 | ba20 f13b | f96c 0200 | 0048 8382 | 1001 0000 

  0x0000026c802da64c: ;   {metadata(method data for {method} {0x0000026cf9098288} 'isLatin1' '()Z' in 'java/lang/AbstractStringBuilder')}
  0x0000026c802da64c: 0148 baa8 | 8b3b f96c | 0200 0044 | 8b82 cc00 | 0000 4183 | c002 4489 | 82cc 0000 | 0041 81e0 
  0x0000026c802da66c: feff 1f00 | 4183 f800 | 0f84 8d1b 

  0x0000026c802da678: ;   {metadata(method data for {method} {0x0000026cf9098288} 'isLatin1' '()Z' in 'java/lang/AbstractStringBuilder')}
  0x0000026c802da678: 0000 48ba | a88b 3bf9 | 6c02 0000 | ff82 2001 | 0000 488b | 8424 8000 | 0000 0fbe | 5010 83fa 
  0x0000026c802da698: ;   {metadata(method data for {method} {0x0000026cf9098288} 'isLatin1' '()Z' in 'java/lang/AbstractStringBuilder')}
  0x0000026c802da698: 0048 baa8 | 8b3b f96c | 0200 0049 | b830 0100 | 0000 0000 | 000f 850a | 0000 0049 | b840 0100 
  0x0000026c802da6b8: 0000 0000 | 004e 8b0c | 024d 8d49 | 014e 890c | 020f 851a 

  0x0000026c802da6cc: ;   {metadata(method data for {method} {0x0000026cf9098288} 'isLatin1' '()Z' in 'java/lang/AbstractStringBuilder')}
  0x0000026c802da6cc: 0000 0048 | baa8 8b3b | f96c 0200 | 00ff 8250 | 0100 00ba | 0100 0000 | e905 0000 | 00ba 0000 
  0x0000026c802da6ec: 0000 83e2 | 0183 fa00 

  0x0000026c802da6f4: ;   {metadata(method data for {method} {0x0000026cf909b800} 'toString' '()Ljava/lang/String;' in 'java/lang/StringBuilder')}
  0x0000026c802da6f4: 48ba 20f1 | 3bf9 6c02 | 0000 49b8 | 4801 0000 | 0000 0000 | 0f84 0a00 | 0000 49b8 | 5801 0000 
  0x0000026c802da714: 0000 0000 | 4e8b 0c02 | 4d8d 4901 | 4e89 0c02 | 0f84 3f00 | 0000 8b50 | 1444 8b48 

  0x0000026c802da730: ;   {metadata(method data for {method} {0x0000026cf909b800} 'toString' '()Ljava/lang/String;' in 'java/lang/StringBuilder')}
  0x0000026c802da730: 0c49 b820 | f13b f96c | 0200 0049 | 8380 6801 | 0000 0141 | b800 0000 | 0066 0f1f 

  0x0000026c802da74c: ;   {static_call}
  0x0000026c802da74c: 4400 00e8 

  0x0000026c802da750: ; ImmutableOopMap {[112]=Oop [120]=Oop [104]=Oop }
                      ;*invokestatic newString {reexecute=0 rethrow=0 return_oop=0}
                      ; - java.lang.StringBuilder::toString@16
                      ; - org.eclipse.osgi.internal.serviceregistry.FilteredServiceListener::serviceChanged@109 (line 117)
  0x0000026c802da750: ac7e 2a07 

  0x0000026c802da754: ;   {metadata(method data for {method} {0x0000026cf909b800} 'toString' '()Ljava/lang/String;' in 'java/lang/StringBuilder')}
  0x0000026c802da754: 48ba 20f1 | 3bf9 6c02 | 0000 ff82 | 7801 0000 | e92b 0000 | 008b 5014 | 448b 480c 

  0x0000026c802da770: ;   {metadata(method data for {method} {0x0000026cf909b800} 'toString' '()Ljava/lang/String;' in 'java/lang/StringBuilder')}
  0x0000026c802da770: 49b8 20f1 | 3bf9 6c02 | 0000 4983 | 8090 0100 | 0001 41b8 | 0000 0000 | 0f1f 8000 

  0x0000026c802da78c: ;   {static_call}
  0x0000026c802da78c: 0000 00e8 

  0x0000026c802da790: ; ImmutableOopMap {[112]=Oop [120]=Oop [104]=Oop }
                      ;*invokestatic newString {reexecute=0 rethrow=0 return_oop=0}
                      ; - java.lang.StringBuilder::toString@31
                      ; - org.eclipse.osgi.internal.serviceregistry.FilteredServiceListener::serviceChanged@109 (line 117)
  0x0000026c802da790: 6c7e 2a07 | 4889 8424 | 9000 0000 | 0f1f 4000 

  0x0000026c802da7a0: ;   {no_reloc}
  0x0000026c802da7a0: e992 1a00 | 0000 0000 | 0000 498b | 8708 0100 | 0048 8d78 | 1849 3bbf | 1801 0000 | 0f87 7f1a 
  0x0000026c802da7c0: 0000 4989 | bf08 0100 | 0048 c700 | 0100 0000 | 488b ca48 | c1e9 0389 | 4808 4833 | c989 480c 
  0x0000026c802da7e0: 4833 c948 | 8948 104c 

  0x0000026c802da7e8: ;   {metadata(method data for {method} {0x0000026cf9c2c2d0} 'serviceChanged' '(Lorg/osgi/framework/ServiceEvent;)V' in 'org/eclipse/osgi/internal/serviceregistry/FilteredServiceListener')}
  0x0000026c802da7e8: 8bc0 48ba | 0075 d0f9 | 6c02 0000 | 4883 82f0 | 0300 0001 

  0x0000026c802da7fc: ;   {metadata(method data for {method} {0x0000026cf909a228} '<init>' '(Ljava/lang/String;)V' in 'java/lang/StringBuilder')}
  0x0000026c802da7fc: 49b8 e0af | 7ff9 6c02 | 0000 418b | 90cc 0000 | 0083 c202 | 4189 90cc | 0000 0081 | e2fe ff1f 
  0x0000026c802da81c: 0083 fa00 | 0f84 281a | 0000 4c8b 

  0x0000026c802da828: ;   {metadata(method data for {method} {0x0000026cf909a228} '<init>' '(Ljava/lang/String;)V' in 'java/lang/StringBuilder')}
  0x0000026c802da828: c048 bae0 | af7f f96c | 0200 0048 | 8382 1001 

  0x0000026c802da838: ;   {oop("filterServiceEvent("{0x00000000c0004240})}
  0x0000026c802da838: 0000 0149 | b840 4200 | c000 0000 | 0048 8bd0 | 4889 8424 | 8800 0000 | 0f1f 8000 

  0x0000026c802da854: ;   {optimized virtual_call}
  0x0000026c802da854: 0000 00e8 

  0x0000026c802da858: ; ImmutableOopMap {[112]=Oop [120]=Oop [104]=Oop [136]=Oop [144]=Oop }
                      ;*invokespecial <init> {reexecute=0 rethrow=0 return_oop=0}
                      ; - java.lang.StringBuilder::<init>@2
                      ; - org.eclipse.osgi.internal.serviceregistry.FilteredServiceListener::serviceChanged@119 (line 118)
  0x0000026c802da858: a472 2a07 | 488b 8424 | 8800 0000 

  0x0000026c802da864: ;   {metadata(method data for {method} {0x0000026cf9c2c2d0} 'serviceChanged' '(Lorg/osgi/framework/ServiceEvent;)V' in 'org/eclipse/osgi/internal/serviceregistry/FilteredServiceListener')}
  0x0000026c802da864: 49b8 0075 | d0f9 6c02 | 0000 4983 | 8000 0400 

  0x0000026c802da874: ;   {metadata(method data for {method} {0x0000026cf909a488} 'append' '(Ljava/lang/String;)Ljava/lang/StringBuilder;' in 'java/lang/StringBuilder')}
  0x0000026c802da874: 0001 49b8 | 78ed 3bf9 | 6c02 0000 | 418b 90cc | 0000 0083 | c202 4189 | 90cc 0000 | 0081 e2fe 
  0x0000026c802da894: ff1f 0083 | fa00 0f84 | cf19 0000 | 488b 8424 | 8800 0000 

  0x0000026c802da8a8: ;   {metadata(method data for {method} {0x0000026cf909a488} 'append' '(Ljava/lang/String;)Ljava/lang/StringBuilder;' in 'java/lang/StringBuilder')}
  0x0000026c802da8a8: 49b8 78ed | 3bf9 6c02 | 0000 4983 | 8010 0100 | 0001 4c8b | 8424 9000 | 0000 488b | 9424 8800 
  0x0000026c802da8c8: 0000 0f1f 

  0x0000026c802da8cc: ;   {optimized virtual_call}
  0x0000026c802da8cc: 4400 00e8 

  0x0000026c802da8d0: ; ImmutableOopMap {[112]=Oop [120]=Oop [104]=Oop [136]=Oop }
                      ;*invokespecial append {reexecute=0 rethrow=0 return_oop=0}
                      ; - java.lang.StringBuilder::append@2
                      ; - org.eclipse.osgi.internal.serviceregistry.FilteredServiceListener::serviceChanged@123 (line 118)
  0x0000026c802da8d0: 2c72 2a07 | 488b 8424 | 8800 0000 

  0x0000026c802da8dc: ;   {metadata(method data for {method} {0x0000026cf9c2c2d0} 'serviceChanged' '(Lorg/osgi/framework/ServiceEvent;)V' in 'org/eclipse/osgi/internal/serviceregistry/FilteredServiceListener')}
  0x0000026c802da8dc: 49b8 0075 | d0f9 6c02 | 0000 4983 | 8038 0400 

  0x0000026c802da8ec: ;   {metadata(method data for {method} {0x0000026cf909a488} 'append' '(Ljava/lang/String;)Ljava/lang/StringBuilder;' in 'java/lang/StringBuilder')}
  0x0000026c802da8ec: 0001 49b8 | 78ed 3bf9 | 6c02 0000 | 418b 90cc | 0000 0083 | c202 4189 | 90cc 0000 | 0081 e2fe 
  0x0000026c802da90c: ff1f 0083 | fa00 0f84 | 7819 0000 | 488b 8424 | 8800 0000 

  0x0000026c802da920: ;   {metadata(method data for {method} {0x0000026cf909a488} 'append' '(Ljava/lang/String;)Ljava/lang/StringBuilder;' in 'java/lang/StringBuilder')}
  0x0000026c802da920: 49b8 78ed | 3bf9 6c02 | 0000 4983 | 8010 0100 

  0x0000026c802da930: ;   {oop(", ""{0x00000000c0004258})}
  0x0000026c802da930: 0001 49b8 | 5842 00c0 | 0000 0000 | 488b 9424 | 8800 0000 

  0x0000026c802da944: ;   {optimized virtual_call}
  0x0000026c802da944: 6666 90e8 

  0x0000026c802da948: ; ImmutableOopMap {[112]=Oop [120]=Oop [104]=Oop [136]=Oop }
                      ;*invokespecial append {reexecute=0 rethrow=0 return_oop=0}
                      ; - java.lang.StringBuilder::append@2
                      ; - org.eclipse.osgi.internal.serviceregistry.FilteredServiceListener::serviceChanged@128 (line 118)
  0x0000026c802da948: b471 2a07 | 488b 5424 

  0x0000026c802da950: ;   {metadata(method data for {method} {0x0000026cf9c2c2d0} 'serviceChanged' '(Lorg/osgi/framework/ServiceEvent;)V' in 'org/eclipse/osgi/internal/serviceregistry/FilteredServiceListener')}
  0x0000026c802da950: 6848 be00 | 75d0 f96c 

  0x0000026c802da958: ;   {metadata('org/eclipse/osgi/internal/serviceregistry/FilteredServiceListener')}
  0x0000026c802da958: 0200 0049 | ba18 0913 | 0001 0000 | 004c 8996 | 8004 0000 | 4883 8688 | 0400 0001 

  0x0000026c802da974: ;   {metadata(method data for {method} {0x0000026cf9c2c6c8} 'getFilter' '()Ljava/lang/String;' in 'org/eclipse/osgi/internal/serviceregistry/FilteredServiceListener')}
  0x0000026c802da974: 48ba d81b | d2f9 6c02 | 0000 8bb2 | cc00 0000 | 83c6 0289 | b2cc 0000 | 0081 e6fe | ff1f 0083 
  0x0000026c802da994: fe00 0f84 | 1519 0000 | 488b 5424 | 688b 7210 | 4883 fe00 

  0x0000026c802da9a8: ;   {metadata(method data for {method} {0x0000026cf9c2c6c8} 'getFilter' '()Ljava/lang/String;' in 'org/eclipse/osgi/internal/serviceregistry/FilteredServiceListener')}
  0x0000026c802da9a8: 48bf d81b | d2f9 6c02 | 0000 48bb | 1001 0000 | 0000 0000 | 0f84 0a00 | 0000 48bb | 2001 0000 
  0x0000026c802da9c8: 0000 0000 | 488b 041f | 488d 4001 | 4889 041f | 0f84 a300 | 0000 483b | 0648 8bfe 

  0x0000026c802da9e4: ;   {metadata(method data for {method} {0x0000026cf9c2c6c8} 'getFilter' '()Ljava/lang/String;' in 'org/eclipse/osgi/internal/serviceregistry/FilteredServiceListener')}
  0x0000026c802da9e4: 48bb d81b | d2f9 6c02 | 0000 8b7f | 0848 c1e7 | 0348 3bbb | 4001 0000 | 750d 4883 | 8348 0100 
  0x0000026c802daa04: 0001 e966 | 0000 0048 | 3bbb 5001 | 0000 750d | 4883 8358 | 0100 0001 | e950 0000 | 0048 81bb 
  0x0000026c802daa24: 4001 0000 | 0000 0000 | 7517 4889 | bb40 0100 | 0048 c783 | 4801 0000 | 0100 0000 | e92c 0000 
  0x0000026c802daa44: 0048 81bb | 5001 0000 | 0000 0000 | 7517 4889 | bb50 0100 | 0048 c783 | 5801 0000 | 0100 0000 
  0x0000026c802daa64: e908 0000 | 0048 8383 | 3001 0000 | 0148 8bd6 

  0x0000026c802daa74: ;   {optimized virtual_call}
  0x0000026c802daa74: 6666 90e8 

  0x0000026c802daa78: ; ImmutableOopMap {[112]=Oop [120]=Oop [136]=Oop [104]=Oop }
                      ;*invokevirtual toString {reexecute=0 rethrow=0 return_oop=0}
                      ; - org.eclipse.osgi.internal.serviceregistry.FilteredServiceListener::getFilter@11 (line 202)
                      ; - org.eclipse.osgi.internal.serviceregistry.FilteredServiceListener::serviceChanged@132 (line 118)
  0x0000026c802daa78: 8470 2a07 | e969 0200 | 008b 5a1c 

  0x0000026c802daa84: ;   {metadata(method data for {method} {0x0000026cf9c2c6c8} 'getFilter' '()Ljava/lang/String;' in 'org/eclipse/osgi/internal/serviceregistry/FilteredServiceListener')}
  0x0000026c802daa84: 48be d81b | d2f9 6c02 | 0000 4883 | 8668 0100 

  0x0000026c802daa94: ;   {metadata(method data for {method} {0x0000026cf9c2c8e0} 'getObjectClassFilterString' '(Ljava/lang/String;)Ljava/lang/String;' in 'org/eclipse/osgi/internal/serviceregistry/FilteredServiceListener')}
  0x0000026c802daa94: 0001 48be | 801f d2f9 | 6c02 0000 | 8bbe cc00 | 0000 83c7 | 0289 becc | 0000 0081 | e7fe ff1f 
  0x0000026c802daab4: 0083 ff00 | 0f84 1918 | 0000 4883 

  0x0000026c802daac0: ;   {metadata(method data for {method} {0x0000026cf9c2c8e0} 'getObjectClassFilterString' '(Ljava/lang/String;)Ljava/lang/String;' in 'org/eclipse/osgi/internal/serviceregistry/FilteredServiceListener')}
  0x0000026c802daac0: fb00 48be | 801f d2f9 | 6c02 0000 | 48bf 1001 | 0000 0000 | 0000 0f85 | 0a00 0000 | 48bf 2001 
  0x0000026c802daae0: 0000 0000 | 0000 488b | 043e 488d | 4001 4889 | 043e 0f85 | 0f00 0000 

  0x0000026c802daaf8: ;   {oop(NULL)}
  0x0000026c802daaf8: 48be 0000 | 0000 0000 | 0000 e9e0 | 0100 0048 | 899c 24a0 | 0000 0090 

  0x0000026c802dab10: ;   {no_reloc}
  0x0000026c802dab10: e9f2 1700 | 0000 0000 | 0000 498b | 8708 0100 | 0048 8d78 | 1849 3bbf | 1801 0000 | 0f87 df17 
  0x0000026c802dab30: 0000 4989 | bf08 0100 | 0048 c700 | 0100 0000 | 488b ca48 | c1e9 0389 | 4808 4833 | c989 480c 
  0x0000026c802dab50: 4833 c948 | 8948 104c 

  0x0000026c802dab58: ;   {metadata(method data for {method} {0x0000026cf9c2c8e0} 'getObjectClassFilterString' '(Ljava/lang/String;)Ljava/lang/String;' in 'org/eclipse/osgi/internal/serviceregistry/FilteredServiceListener')}
  0x0000026c802dab58: 8bc0 48ba | 801f d2f9 | 6c02 0000 | 4883 8230 | 0100 0001 

  0x0000026c802dab6c: ;   {metadata(method data for {method} {0x0000026cf909a228} '<init>' '(Ljava/lang/String;)V' in 'java/lang/StringBuilder')}
  0x0000026c802dab6c: 49b8 e0af | 7ff9 6c02 | 0000 418b | 90cc 0000 | 0083 c202 | 4189 90cc | 0000 0081 | e2fe ff1f 
  0x0000026c802dab8c: 0083 fa00 | 0f84 8817 | 0000 4c8b 

  0x0000026c802dab98: ;   {metadata(method data for {method} {0x0000026cf909a228} '<init>' '(Ljava/lang/String;)V' in 'java/lang/StringBuilder')}
  0x0000026c802dab98: c048 bae0 | af7f f96c | 0200 0048 | 8382 1001 

  0x0000026c802daba8: ;   {oop("(objectClass="{0x00000000c0004270})}
  0x0000026c802daba8: 0000 0149 | b870 4200 | c000 0000 | 0048 8bd0 | 4889 8424 | 9800 0000 | 0f1f 8000 

  0x0000026c802dabc4: ;   {optimized virtual_call}
  0x0000026c802dabc4: 0000 00e8 

  0x0000026c802dabc8: ; ImmutableOopMap {[112]=Oop [120]=Oop [136]=Oop [160]=Oop [152]=Oop [104]=Oop }
                      ;*invokespecial <init> {reexecute=0 rethrow=0 return_oop=0}
                      ; - java.lang.StringBuilder::<init>@2
                      ; - org.eclipse.osgi.internal.serviceregistry.FilteredServiceListener::getObjectClassFilterString@13 (line 238)
                      ; - org.eclipse.osgi.internal.serviceregistry.FilteredServiceListener::getFilter@19 (line 204)
                      ; - org.eclipse.osgi.internal.serviceregistry.FilteredServiceListener::serviceChanged@132 (line 118)
  0x0000026c802dabc8: 346f 2a07 | 488b 8424 | 9800 0000 

  0x0000026c802dabd4: ;   {metadata(method data for {method} {0x0000026cf9c2c8e0} 'getObjectClassFilterString' '(Ljava/lang/String;)Ljava/lang/String;' in 'org/eclipse/osgi/internal/serviceregistry/FilteredServiceListener')}
  0x0000026c802dabd4: 49b8 801f | d2f9 6c02 | 0000 4983 | 8040 0100 

  0x0000026c802dabe4: ;   {metadata(method data for {method} {0x0000026cf909a488} 'append' '(Ljava/lang/String;)Ljava/lang/StringBuilder;' in 'java/lang/StringBuilder')}
  0x0000026c802dabe4: 0001 49b8 | 78ed 3bf9 | 6c02 0000 | 418b 90cc | 0000 0083 | c202 4189 | 90cc 0000 | 0081 e2fe 
  0x0000026c802dac04: ff1f 0083 | fa00 0f84 | 2f17 0000 | 488b 8424 | 9800 0000 

  0x0000026c802dac18: ;   {metadata(method data for {method} {0x0000026cf909a488} 'append' '(Ljava/lang/String;)Ljava/lang/StringBuilder;' in 'java/lang/StringBuilder')}
  0x0000026c802dac18: 49b8 78ed | 3bf9 6c02 | 0000 4983 | 8010 0100 | 0001 4c8b | 8424 a000 | 0000 488b | 9424 9800 
  0x0000026c802dac38: 0000 0f1f 

  0x0000026c802dac3c: ;   {optimized virtual_call}
  0x0000026c802dac3c: 4400 00e8 

  0x0000026c802dac40: ; ImmutableOopMap {[112]=Oop [120]=Oop [136]=Oop [152]=Oop [104]=Oop }
                      ;*invokespecial append {reexecute=0 rethrow=0 return_oop=0}
                      ; - java.lang.StringBuilder::append@2
                      ; - org.eclipse.osgi.internal.serviceregistry.FilteredServiceListener::getObjectClassFilterString@17 (line 238)
                      ; - org.eclipse.osgi.internal.serviceregistry.FilteredServiceListener::getFilter@19 (line 204)
                      ; - org.eclipse.osgi.internal.serviceregistry.FilteredServiceListener::serviceChanged@132 (line 118)
  0x0000026c802dac40: bc6e 2a07 | 488b 8424 | 9800 0000 

  0x0000026c802dac4c: ;   {metadata(method data for {method} {0x0000026cf9c2c8e0} 'getObjectClassFilterString' '(Ljava/lang/String;)Ljava/lang/String;' in 'org/eclipse/osgi/internal/serviceregistry/FilteredServiceListener')}
  0x0000026c802dac4c: 49b8 801f | d2f9 6c02 | 0000 4983 | 8078 0100 

  0x0000026c802dac5c: ;   {metadata(method data for {method} {0x0000026cf909a488} 'append' '(Ljava/lang/String;)Ljava/lang/StringBuilder;' in 'java/lang/StringBuilder')}
  0x0000026c802dac5c: 0001 49b8 | 78ed 3bf9 | 6c02 0000 | 418b 90cc | 0000 0083 | c202 4189 | 90cc 0000 | 0081 e2fe 
  0x0000026c802dac7c: ff1f 0083 | fa00 0f84 | d816 0000 | 488b 8424 | 9800 0000 

  0x0000026c802dac90: ;   {metadata(method data for {method} {0x0000026cf909a488} 'append' '(Ljava/lang/String;)Ljava/lang/StringBuilder;' in 'java/lang/StringBuilder')}
  0x0000026c802dac90: 49b8 78ed | 3bf9 6c02 | 0000 4983 | 8010 0100 

  0x0000026c802daca0: ;   {oop(")"{0x00000000c0001cf0})}
  0x0000026c802daca0: 0001 49b8 | f01c 00c0 | 0000 0000 | 488b 9424 | 9800 0000 

  0x0000026c802dacb4: ;   {optimized virtual_call}
  0x0000026c802dacb4: 6666 90e8 

  0x0000026c802dacb8: ; ImmutableOopMap {[112]=Oop [120]=Oop [136]=Oop [152]=Oop [104]=Oop }
                      ;*invokespecial append {reexecute=0 rethrow=0 return_oop=0}
                      ; - java.lang.StringBuilder::append@2
                      ; - org.eclipse.osgi.internal.serviceregistry.FilteredServiceListener::getObjectClassFilterString@22 (line 238)
                      ; - org.eclipse.osgi.internal.serviceregistry.FilteredServiceListener::getFilter@19 (line 204)
                      ; - org.eclipse.osgi.internal.serviceregistry.FilteredServiceListener::serviceChanged@132 (line 118)
  0x0000026c802dacb8: 446e 2a07 | 488b 8424 | 9800 0000 

  0x0000026c802dacc4: ;   {metadata(method data for {method} {0x0000026cf9c2c8e0} 'getObjectClassFilterString' '(Ljava/lang/String;)Ljava/lang/String;' in 'org/eclipse/osgi/internal/serviceregistry/FilteredServiceListener')}
  0x0000026c802dacc4: 48ba 801f | d2f9 6c02 | 0000 4883 | 82b0 0100 | 0001 488b | 9424 9800 

  0x0000026c802dacdc: ;   {optimized virtual_call}
  0x0000026c802dacdc: 0000 90e8 

  0x0000026c802dace0: ; ImmutableOopMap {[112]=Oop [120]=Oop [136]=Oop [104]=Oop }
                      ;*invokevirtual toString {reexecute=0 rethrow=0 return_oop=0}
                      ; - org.eclipse.osgi.internal.serviceregistry.FilteredServiceListener::getObjectClassFilterString@25 (line 238)
                      ; - org.eclipse.osgi.internal.serviceregistry.FilteredServiceListener::getFilter@19 (line 204)
                      ; - org.eclipse.osgi.internal.serviceregistry.FilteredServiceListener::serviceChanged@132 (line 118)
  0x0000026c802dace0: 1c6e 2a07 | 488b f048 | 8bc6 4c8b | 8424 8800 

  0x0000026c802dacf0: ;   {metadata(method data for {method} {0x0000026cf9c2c2d0} 'serviceChanged' '(Lorg/osgi/framework/ServiceEvent;)V' in 'org/eclipse/osgi/internal/serviceregistry/FilteredServiceListener')}
  0x0000026c802dacf0: 0000 48ba | 0075 d0f9 | 6c02 0000 | 4883 82a8 | 0400 0001 

  0x0000026c802dad04: ;   {metadata(method data for {method} {0x0000026cf909a488} 'append' '(Ljava/lang/String;)Ljava/lang/StringBuilder;' in 'java/lang/StringBuilder')}
  0x0000026c802dad04: 49b8 78ed | 3bf9 6c02 | 0000 418b | 90cc 0000 | 0083 c202 | 4189 90cc | 0000 0081 | e2fe ff1f 
  0x0000026c802dad24: 0083 fa00 | 0f84 5316 | 0000 4c8b | 8424 8800 

  0x0000026c802dad34: ;   {metadata(method data for {method} {0x0000026cf909a488} 'append' '(Ljava/lang/String;)Ljava/lang/StringBuilder;' in 'java/lang/StringBuilder')}
  0x0000026c802dad34: 0000 48ba | 78ed 3bf9 | 6c02 0000 | 4883 8210 | 0100 0001 | 4c8b c048 | 8b94 2488 | 0000 000f 
  0x0000026c802dad54: ;   {optimized virtual_call}
  0x0000026c802dad54: 1f40 00e8 

  0x0000026c802dad58: ; ImmutableOopMap {[120]=Oop [136]=Oop [104]=Oop [112]=Oop }
                      ;*invokespecial append {reexecute=0 rethrow=0 return_oop=0}
                      ; - java.lang.StringBuilder::append@2
                      ; - org.eclipse.osgi.internal.serviceregistry.FilteredServiceListener::serviceChanged@135 (line 118)
  0x0000026c802dad58: a46d 2a07 | 488b 8424 | 8800 0000 

  0x0000026c802dad64: ;   {metadata(method data for {method} {0x0000026cf9c2c2d0} 'serviceChanged' '(Lorg/osgi/framework/ServiceEvent;)V' in 'org/eclipse/osgi/internal/serviceregistry/FilteredServiceListener')}
  0x0000026c802dad64: 49b8 0075 | d0f9 6c02 | 0000 4983 | 80e0 0400 

  0x0000026c802dad74: ;   {metadata(method data for {method} {0x0000026cf909a488} 'append' '(Ljava/lang/String;)Ljava/lang/StringBuilder;' in 'java/lang/StringBuilder')}
  0x0000026c802dad74: 0001 49b8 | 78ed 3bf9 | 6c02 0000 | 418b 90cc | 0000 0083 | c202 4189 | 90cc 0000 | 0081 e2fe 
  0x0000026c802dad94: ff1f 0083 | fa00 0f84 | 0216 0000 | 488b 8424 | 8800 0000 

  0x0000026c802dada8: ;   {metadata(method data for {method} {0x0000026cf909a488} 'append' '(Ljava/lang/String;)Ljava/lang/StringBuilder;' in 'java/lang/StringBuilder')}
  0x0000026c802dada8: 49b8 78ed | 3bf9 6c02 | 0000 4983 | 8010 0100 

  0x0000026c802dadb8: ;   {oop("", "{0x00000000c0004288})}
  0x0000026c802dadb8: 0001 49b8 | 8842 00c0 | 0000 0000 | 488b 9424 | 8800 0000 

  0x0000026c802dadcc: ;   {optimized virtual_call}
  0x0000026c802dadcc: 6666 90e8 

  0x0000026c802dadd0: ; ImmutableOopMap {[120]=Oop [136]=Oop [104]=Oop [112]=Oop }
                      ;*invokespecial append {reexecute=0 rethrow=0 return_oop=0}
                      ; - java.lang.StringBuilder::append@2
                      ; - org.eclipse.osgi.internal.serviceregistry.FilteredServiceListener::serviceChanged@140 (line 118)
  0x0000026c802dadd0: 2c6d 2a07 | 488b 7424 | 7048 3b06 

  0x0000026c802daddc: ;   {metadata(method data for {method} {0x0000026cf9c2c2d0} 'serviceChanged' '(Lorg/osgi/framework/ServiceEvent;)V' in 'org/eclipse/osgi/internal/serviceregistry/FilteredServiceListener')}
  0x0000026c802daddc: 488b c648 | ba00 75d0 | f96c 0200 

  0x0000026c802dade8: ;   {metadata('org/eclipse/osgi/internal/serviceregistry/ServiceReferenceImpl')}
  0x0000026c802dade8: 0049 ba20 | 3813 0001 | 0000 004c | 8992 2805 | 0000 4883 | 8230 0500 | 0001 8b56 | 0c48 3b02 
  0x0000026c802dae08: ;   {metadata(method data for {method} {0x0000026cf9c2c2d0} 'serviceChanged' '(Lorg/osgi/framework/ServiceEvent;)V' in 'org/eclipse/osgi/internal/serviceregistry/FilteredServiceListener')}
  0x0000026c802dae08: 488b c248 | bf00 75d0 | f96c 0200 | 008b 4008 | 48c1 e003 | 483b 8760 | 0500 0075 | 0d48 8387 
  0x0000026c802dae28: 6805 0000 | 01e9 6600 | 0000 483b | 8770 0500 | 0075 0d48 | 8387 7805 | 0000 01e9 | 5000 0000 
  0x0000026c802dae48: 4881 bf60 | 0500 0000 | 0000 0075 | 1748 8987 | 6005 0000 | 48c7 8768 | 0500 0001 | 0000 00e9 
  0x0000026c802dae68: 2c00 0000 | 4881 bf70 | 0500 0000 | 0000 0075 | 1748 8987 | 7005 0000 | 48c7 8778 | 0500 0001 
  0x0000026c802dae88: 0000 00e9 | 0800 0000 | 4883 8750 | 0500 0001 

  0x0000026c802dae98: ;   {metadata(method data for {method} {0x0000026cf9ae91b0} 'getProperties' '()Ljava/util/Map;' in 'org/eclipse/osgi/internal/serviceregistry/ServiceRegistrationImpl')}
  0x0000026c802dae98: 48b8 b87e | d0f9 6c02 | 0000 8bb8 | cc00 0000 | 83c7 0289 | b8cc 0000 | 0081 e7fe | ff1f 0083 
  0x0000026c802daeb8: ff00 0f84 | 0d15 0000 | 8b7a 3c48 | 8d9c 24c8 | 0000 0048 | 897b 0848 | 8b07 4883 | c801 4889 
  0x0000026c802daed8: 03f0 480f | b11f 0f84 | 1300 0000 | 482b c448 | 81e0 07f0 | ffff 4889 | 030f 85fc | 1400 008b 
  0x0000026c802daef8: 5238 488d | 8424 c800 | 0000 488b | 3848 85ff | 0f84 0f00 | 0000 488b | 5808 f048 | 0fb1 3b0f 
  0x0000026c802daf18: 85e9 1400 | 0048 8b84 | 2488 0000 

  0x0000026c802daf24: ;   {metadata(method data for {method} {0x0000026cf9c2c2d0} 'serviceChanged' '(Lorg/osgi/framework/ServiceEvent;)V' in 'org/eclipse/osgi/internal/serviceregistry/FilteredServiceListener')}
  0x0000026c802daf24: 0048 bf00 | 75d0 f96c | 0200 0048 | 8387 8805 

  0x0000026c802daf34: ;   {metadata(method data for {method} {0x0000026cf909a3f0} 'append' '(Ljava/lang/Object;)Ljava/lang/StringBuilder;' in 'java/lang/StringBuilder')}
  0x0000026c802daf34: 0000 0148 | bf18 f09c | f96c 0200 | 008b 9fcc | 0000 0083 | c302 899f | cc00 0000 | 81e3 feff 
  0x0000026c802daf54: 1f00 83fb | 000f 84bd 

  0x0000026c802daf5c: ;   {metadata(method data for {method} {0x0000026cf909a3f0} 'append' '(Ljava/lang/Object;)Ljava/lang/StringBuilder;' in 'java/lang/StringBuilder')}
  0x0000026c802daf5c: 1400 0048 | bf18 f09c | f96c 0200 | 0048 8387 | 1001 0000 

  0x0000026c802daf70: ;   {metadata(method data for {method} {0x0000026cf900b990} 'valueOf' '(Ljava/lang/Object;)Ljava/lang/String;' in 'java/lang/String')}
  0x0000026c802daf70: 0148 bf08 | 4d7d f96c | 0200 008b | 9fcc 0000 | 0083 c302 | 899f cc00 | 0000 81e3 | feff 1f00 
  0x0000026c802daf90: 83fb 000f | 84a4 1400 | 0048 83fa 

  0x0000026c802daf9c: ;   {metadata(method data for {method} {0x0000026cf900b990} 'valueOf' '(Ljava/lang/Object;)Ljava/lang/String;' in 'java/lang/String')}
  0x0000026c802daf9c: 0048 bf08 | 4d7d f96c | 0200 0048 | bb10 0100 | 0000 0000 | 000f 850a | 0000 0048 | bb20 0100 
  0x0000026c802dafbc: 0000 0000 | 0048 8b04 | 1f48 8d40 | 0148 8904 | 1f0f 851f 

  0x0000026c802dafd0: ;   {metadata(method data for {method} {0x0000026cf900b990} 'valueOf' '(Ljava/lang/Object;)Ljava/lang/String;' in 'java/lang/String')}
  0x0000026c802dafd0: 0000 0048 | ba08 4d7d | f96c 0200 | 00ff 8230 

  0x0000026c802dafe0: ;   {oop("null"{0x00000000c0000f10})}
  0x0000026c802dafe0: 0100 0048 | bf10 0f00 | c000 0000 | 00e9 a500 | 0000 483b | 0248 8bfa 

  0x0000026c802daff8: ;   {metadata(method data for {method} {0x0000026cf900b990} 'valueOf' '(Ljava/lang/Object;)Ljava/lang/String;' in 'java/lang/String')}
  0x0000026c802daff8: 48bb 084d | 7df9 6c02 | 0000 8b7f | 0848 c1e7 | 0348 3bbb | 5801 0000 | 750d 4883 | 8360 0100 
  0x0000026c802db018: 0001 e966 | 0000 0048 | 3bbb 6801 | 0000 750d | 4883 8370 | 0100 0001 | e950 0000 | 0048 81bb 
  0x0000026c802db038: 5801 0000 | 0000 0000 | 7517 4889 | bb58 0100 | 0048 c783 | 6001 0000 | 0100 0000 | e92c 0000 
  0x0000026c802db058: 0048 81bb | 6801 0000 | 0000 0000 | 7517 4889 | bb68 0100 | 0048 c783 | 7001 0000 | 0100 0000 
  0x0000026c802db078: e908 0000 | 0048 8383 | 4801 0000 | 0148 b8ff | ffff ffff 

  0x0000026c802db08c: ;   {virtual_call}
  0x0000026c802db08c: ffff ffe8 

  0x0000026c802db090: ; ImmutableOopMap {[120]=Oop [136]=Oop [104]=Oop [112]=Oop }
                      ;*invokevirtual toString {reexecute=0 rethrow=0 return_oop=0}
                      ; - java.lang.String::valueOf@11
                      ; - java.lang.StringBuilder::append@2
                      ; - org.eclipse.osgi.internal.serviceregistry.FilteredServiceListener::serviceChanged@150 (line 119)
  0x0000026c802db090: ec6f 2a07 | 488b f848 | 8b84 2488 

  0x0000026c802db09c: ;   {metadata(method data for {method} {0x0000026cf909a3f0} 'append' '(Ljava/lang/Object;)Ljava/lang/StringBuilder;' in 'java/lang/StringBuilder')}
  0x0000026c802db09c: 0000 0049 | b818 f09c | f96c 0200 | 0049 8380 | 2001 0000 

  0x0000026c802db0b0: ;   {metadata(method data for {method} {0x0000026cf909a488} 'append' '(Ljava/lang/String;)Ljava/lang/StringBuilder;' in 'java/lang/StringBuilder')}
  0x0000026c802db0b0: 0149 b878 | ed3b f96c | 0200 0041 | 8b90 cc00 | 0000 83c2 | 0241 8990 | cc00 0000 | 81e2 feff 
  0x0000026c802db0d0: 1f00 83fa | 000f 8488 | 1300 0048 | 8b84 2488 

  0x0000026c802db0e0: ;   {metadata(method data for {method} {0x0000026cf909a488} 'append' '(Ljava/lang/String;)Ljava/lang/StringBuilder;' in 'java/lang/StringBuilder')}
  0x0000026c802db0e0: 0000 0049 | b878 ed3b | f96c 0200 | 0049 8380 | 1001 0000 | 014c 8bc7 | 488b 9424 | 8800 0000 
  0x0000026c802db100: 0f1f 8000 

  0x0000026c802db104: ;   {optimized virtual_call}
  0x0000026c802db104: 0000 00e8 

  0x0000026c802db108: ; ImmutableOopMap {[120]=Oop [136]=Oop [104]=Oop [112]=Oop }
                      ;*invokespecial append {reexecute=0 rethrow=0 return_oop=0}
                      ; - java.lang.StringBuilder::append@2
                      ; - java.lang.StringBuilder::append@5
                      ; - org.eclipse.osgi.internal.serviceregistry.FilteredServiceListener::serviceChanged@150 (line 119)
  0x0000026c802db108: f469 2a07 | 488b 8424 | 8800 0000 

  0x0000026c802db114: ;   {metadata(method data for {method} {0x0000026cf9c2c2d0} 'serviceChanged' '(Lorg/osgi/framework/ServiceEvent;)V' in 'org/eclipse/osgi/internal/serviceregistry/FilteredServiceListener')}
  0x0000026c802db114: 49b8 0075 | d0f9 6c02 | 0000 4983 | 80c0 0500 

  0x0000026c802db124: ;   {metadata(method data for {method} {0x0000026cf909a488} 'append' '(Ljava/lang/String;)Ljava/lang/StringBuilder;' in 'java/lang/StringBuilder')}
  0x0000026c802db124: 0001 49b8 | 78ed 3bf9 | 6c02 0000 | 418b 90cc | 0000 0083 | c202 4189 | 90cc 0000 | 0081 e2fe 
  0x0000026c802db144: ff1f 0083 | fa00 0f84 | 3413 0000 | 488b 8424 | 8800 0000 

  0x0000026c802db158: ;   {metadata(method data for {method} {0x0000026cf909a488} 'append' '(Ljava/lang/String;)Ljava/lang/StringBuilder;' in 'java/lang/StringBuilder')}
  0x0000026c802db158: 49b8 78ed | 3bf9 6c02 | 0000 4983 | 8010 0100 

  0x0000026c802db168: ;   {oop(")"{0x00000000c0001cf0})}
  0x0000026c802db168: 0001 49b8 | f01c 00c0 | 0000 0000 | 488b 9424 | 8800 0000 

  0x0000026c802db17c: ;   {optimized virtual_call}
  0x0000026c802db17c: 6666 90e8 

  0x0000026c802db180: ; ImmutableOopMap {[120]=Oop [136]=Oop [104]=Oop [112]=Oop }
                      ;*invokespecial append {reexecute=0 rethrow=0 return_oop=0}
                      ; - java.lang.StringBuilder::append@2
                      ; - org.eclipse.osgi.internal.serviceregistry.FilteredServiceListener::serviceChanged@155 (line 119)
  0x0000026c802db180: 7c69 2a07 | 488b 8424 | 8800 0000 

  0x0000026c802db18c: ;   {metadata(method data for {method} {0x0000026cf9c2c2d0} 'serviceChanged' '(Lorg/osgi/framework/ServiceEvent;)V' in 'org/eclipse/osgi/internal/serviceregistry/FilteredServiceListener')}
  0x0000026c802db18c: 48ba 0075 | d0f9 6c02 | 0000 4883 | 82f8 0500 

  0x0000026c802db19c: ;   {metadata(method data for {method} {0x0000026cf909b800} 'toString' '()Ljava/lang/String;' in 'java/lang/StringBuilder')}
  0x0000026c802db19c: 0001 48ba | 20f1 3bf9 | 6c02 0000 | 448b 82cc | 0000 0041 | 83c0 0244 | 8982 cc00 | 0000 4181 
  0x0000026c802db1bc: e0fe ff1f | 0041 83f8 | 000f 84da | 1200 0048 | 8b84 2488 

  0x0000026c802db1d0: ;   {metadata(method data for {method} {0x0000026cf909b800} 'toString' '()Ljava/lang/String;' in 'java/lang/StringBuilder')}
  0x0000026c802db1d0: 0000 0048 | ba20 f13b | f96c 0200 | 0048 8382 | 1001 0000 

  0x0000026c802db1e4: ;   {metadata(method data for {method} {0x0000026cf9098288} 'isLatin1' '()Z' in 'java/lang/AbstractStringBuilder')}
  0x0000026c802db1e4: 0148 baa8 | 8b3b f96c | 0200 0044 | 8b82 cc00 | 0000 4183 | c002 4489 | 82cc 0000 | 0041 81e0 
  0x0000026c802db204: feff 1f00 | 4183 f800 | 0f84 b412 

  0x0000026c802db210: ;   {metadata(method data for {method} {0x0000026cf9098288} 'isLatin1' '()Z' in 'java/lang/AbstractStringBuilder')}
  0x0000026c802db210: 0000 48ba | a88b 3bf9 | 6c02 0000 | ff82 2001 | 0000 488b | 8424 8800 | 0000 0fbe | 5010 83fa 
  0x0000026c802db230: ;   {metadata(method data for {method} {0x0000026cf9098288} 'isLatin1' '()Z' in 'java/lang/AbstractStringBuilder')}
  0x0000026c802db230: 0048 baa8 | 8b3b f96c | 0200 0049 | b830 0100 | 0000 0000 | 000f 850a | 0000 0049 | b840 0100 
  0x0000026c802db250: 0000 0000 | 004e 8b0c | 024d 8d49 | 014e 890c | 020f 851a 

  0x0000026c802db264: ;   {metadata(method data for {method} {0x0000026cf9098288} 'isLatin1' '()Z' in 'java/lang/AbstractStringBuilder')}
  0x0000026c802db264: 0000 0048 | baa8 8b3b | f96c 0200 | 00ff 8250 | 0100 00ba | 0100 0000 | e905 0000 | 00ba 0000 
  0x0000026c802db284: 0000 83e2 | 0183 fa00 

  0x0000026c802db28c: ;   {metadata(method data for {method} {0x0000026cf909b800} 'toString' '()Ljava/lang/String;' in 'java/lang/StringBuilder')}
  0x0000026c802db28c: 48ba 20f1 | 3bf9 6c02 | 0000 49b8 | 4801 0000 | 0000 0000 | 0f84 0a00 | 0000 49b8 | 5801 0000 
  0x0000026c802db2ac: 0000 0000 | 4e8b 0c02 | 4d8d 4901 | 4e89 0c02 | 0f84 3f00 | 0000 8b50 | 1444 8b48 

  0x0000026c802db2c8: ;   {metadata(method data for {method} {0x0000026cf909b800} 'toString' '()Ljava/lang/String;' in 'java/lang/StringBuilder')}
  0x0000026c802db2c8: 0c49 b820 | f13b f96c | 0200 0049 | 8380 6801 | 0000 0141 | b800 0000 | 0066 0f1f 

  0x0000026c802db2e4: ;   {static_call}
  0x0000026c802db2e4: 4400 00e8 

  0x0000026c802db2e8: ; ImmutableOopMap {[120]=Oop [104]=Oop [112]=Oop }
                      ;*invokestatic newString {reexecute=0 rethrow=0 return_oop=0}
                      ; - java.lang.StringBuilder::toString@16
                      ; - org.eclipse.osgi.internal.serviceregistry.FilteredServiceListener::serviceChanged@158 (line 118)
  0x0000026c802db2e8: 1473 2a07 

  0x0000026c802db2ec: ;   {metadata(method data for {method} {0x0000026cf909b800} 'toString' '()Ljava/lang/String;' in 'java/lang/StringBuilder')}
  0x0000026c802db2ec: 48ba 20f1 | 3bf9 6c02 | 0000 ff82 | 7801 0000 | e92b 0000 | 008b 5014 | 448b 480c 

  0x0000026c802db308: ;   {metadata(method data for {method} {0x0000026cf909b800} 'toString' '()Ljava/lang/String;' in 'java/lang/StringBuilder')}
  0x0000026c802db308: 49b8 20f1 | 3bf9 6c02 | 0000 4983 | 8090 0100 | 0001 41b8 | 0000 0000 | 0f1f 8000 

  0x0000026c802db324: ;   {static_call}
  0x0000026c802db324: 0000 00e8 

  0x0000026c802db328: ; ImmutableOopMap {[120]=Oop [104]=Oop [112]=Oop }
                      ;*invokestatic newString {reexecute=0 rethrow=0 return_oop=0}
                      ; - java.lang.StringBuilder::toString@31
                      ; - org.eclipse.osgi.internal.serviceregistry.FilteredServiceListener::serviceChanged@158 (line 118)
  0x0000026c802db328: d472 2a07 

  0x0000026c802db32c: ;   {metadata(method data for {method} {0x0000026cf9c2c2d0} 'serviceChanged' '(Lorg/osgi/framework/ServiceEvent;)V' in 'org/eclipse/osgi/internal/serviceregistry/FilteredServiceListener')}
  0x0000026c802db32c: 49b8 0075 | d0f9 6c02 | 0000 4983 | 8030 0600 

  0x0000026c802db33c: ;   {metadata(method data for {method} {0x0000026cf9869150} 'println' '(Ljava/lang/String;)V' in 'org/eclipse/osgi/internal/debug/Debug')}
  0x0000026c802db33c: 0001 49b8 | 68ae cef9 | 6c02 0000 | 418b 90cc | 0000 0083 | c202 4189 | 90cc 0000 | 0081 e2fe 
  0x0000026c802db35c: ff1f 0083 | fa00 0f84 | 7f11 0000 

  0x0000026c802db368: ;   {oop(a 'java/lang/Class'{0x00000000c00042a0} = 'org/eclipse/osgi/internal/debug/Debug')}
  0x0000026c802db368: 49b8 a042 | 00c0 0000 | 0000 418b | 90d4 0000 | 0048 3b02 

  0x0000026c802db37c: ;   {metadata(method data for {method} {0x0000026cf9869150} 'println' '(Ljava/lang/String;)V' in 'org/eclipse/osgi/internal/debug/Debug')}
  0x0000026c802db37c: 4c8b c248 | be68 aece | f96c 0200 

  0x0000026c802db388: ;   {metadata('java/io/PrintStream')}
  0x0000026c802db388: 0049 ba50 | 8906 0001 | 0000 004c | 8996 2001 | 0000 4883 | 8628 0100 | 0001 4c8b 

  0x0000026c802db3a4: ;   {optimized virtual_call}
  0x0000026c802db3a4: c066 90e8 

  0x0000026c802db3a8: ; ImmutableOopMap {[120]=Oop [104]=Oop [112]=Oop }
                      ;*invokevirtual println {reexecute=0 rethrow=0 return_oop=0}
                      ; - org.eclipse.osgi.internal.debug.Debug::println@4 (line 358)
                      ; - org.eclipse.osgi.internal.serviceregistry.FilteredServiceListener::serviceChanged@161 (line 118)
  0x0000026c802db3a8: 5467 2a07 | 4c8b 4424 | 7848 8b54 

  0x0000026c802db3b4: ;   {metadata(method data for {method} {0x0000026cf9c2c2d0} 'serviceChanged' '(Lorg/osgi/framework/ServiceEvent;)V' in 'org/eclipse/osgi/internal/serviceregistry/FilteredServiceListener')}
  0x0000026c802db3b4: 2468 48be | 0075 d0f9 | 6c02 0000 | 4883 8640 | 0600 0001 | 488b 5424 

  0x0000026c802db3cc: ;   {optimized virtual_call}
  0x0000026c802db3cc: 6866 90e8 

  0x0000026c802db3d0: ; ImmutableOopMap {[104]=Oop [112]=Oop }
                      ;*invokespecial filterMatch {reexecute=0 rethrow=0 return_oop=0}
                      ; - org.eclipse.osgi.internal.serviceregistry.FilteredServiceListener::serviceChanged@166 (line 122)
  0x0000026c802db3d0: b115 0000 | 4883 f800 

  0x0000026c802db3d8: ;   {metadata(method data for {method} {0x0000026cf9c2c2d0} 'serviceChanged' '(Lorg/osgi/framework/ServiceEvent;)V' in 'org/eclipse/osgi/internal/serviceregistry/FilteredServiceListener')}
  0x0000026c802db3d8: 48ba 0075 | d0f9 6c02 | 0000 49b8 | 6006 0000 | 0000 0000 | 0f84 0a00 | 0000 49b8 | 5006 0000 
  0x0000026c802db3f8: 0000 0000 | 4e8b 0c02 | 4d8d 4901 | 4e89 0c02 | 0f84 bc0b | 0000 488b | 5424 6844 | 0fbe 420c 
  0x0000026c802db418: 4183 f800 

  0x0000026c802db41c: ;   {metadata(method data for {method} {0x0000026cf9c2c2d0} 'serviceChanged' '(Lorg/osgi/framework/ServiceEvent;)V' in 'org/eclipse/osgi/internal/serviceregistry/FilteredServiceListener')}
  0x0000026c802db41c: 49b8 0075 | d0f9 6c02 | 0000 49b9 | 7006 0000 | 0000 0000 | 0f85 0a00 | 0000 49b9 | 8006 0000 
  0x0000026c802db43c: 0000 0000 | 4b8b 3408 | 488d 7601 | 4b89 3408 | 4889 8424 | a800 0000 | 0f85 7000 | 0000 488b 
  0x0000026c802db45c: 7424 7044 | 8b42 1844 

  0x0000026c802db464: ;   {metadata(method data for {method} {0x0000026cf9c2c2d0} 'serviceChanged' '(Lorg/osgi/framework/ServiceEvent;)V' in 'org/eclipse/osgi/internal/serviceregistry/FilteredServiceListener')}
  0x0000026c802db464: 8b4a 1c48 | bf00 75d0 | f96c 0200 | 0048 8387 | 9006 0000 | 0149 8bd0 | 4d8b c14c | 8bce 0f1f 
  0x0000026c802db484: ;   {static_call}
  0x0000026c802db484: 4400 00e8 

  0x0000026c802db488: ; ImmutableOopMap {[168]=Oop [104]=Oop }
                      ;*invokestatic isAssignableTo {reexecute=0 rethrow=0 return_oop=0}
                      ; - org.eclipse.osgi.internal.serviceregistry.FilteredServiceListener::serviceChanged@191 (line 126)
  0x0000026c802db488: 0915 0000 

  0x0000026c802db48c: ;   {metadata(method data for {method} {0x0000026cf9c2c2d0} 'serviceChanged' '(Lorg/osgi/framework/ServiceEvent;)V' in 'org/eclipse/osgi/internal/serviceregistry/FilteredServiceListener')}
  0x0000026c802db48c: 83f8 0048 | ba00 75d0 | f96c 0200 | 0048 bea0 | 0600 0000 | 0000 000f | 840a 0000 | 0048 beb0 
  0x0000026c802db4ac: 0600 0000 | 0000 0048 | 8b3c 3248 | 8d7f 0148 | 893c 320f | 84ef 0a00 | 0048 8b54 | 2468 8b72 
  0x0000026c802db4cc: 200f be76 | 1183 fe00 

  0x0000026c802db4d4: ;   {metadata(method data for {method} {0x0000026cf9c2c2d0} 'serviceChanged' '(Lorg/osgi/framework/ServiceEvent;)V' in 'org/eclipse/osgi/internal/serviceregistry/FilteredServiceListener')}
  0x0000026c802db4d4: 48be 0075 | d0f9 6c02 | 0000 48bf | d006 0000 | 0000 0000 | 0f85 0a00 | 0000 48bf | c006 0000 
  0x0000026c802db4f4: 0000 0000 | 488b 043e | 488d 4001 | 4889 043e | 0f85 0d00 | 0000 488b | 8424 a800 | 0000 e9f2 
  0x0000026c802db514: 0900 0048 | 8bda 660f | 1f44 0000 

  0x0000026c802db520: ;   {no_reloc}
  0x0000026c802db520: e9fc 0f00 | 0000 0000 | 0000 498b | 8708 0100 | 0048 8d78 | 1849 3bbf | 1801 0000 | 0f87 e90f 
  0x0000026c802db540: 0000 4989 | bf08 0100 | 0048 c700 | 0100 0000 | 488b ca48 | c1e9 0389 | 4808 4833 | c989 480c 
  0x0000026c802db560: 4833 c948 | 8948 108b | 5314 483b | 0248 8bf2 

  0x0000026c802db570: ;   {metadata(method data for {method} {0x0000026cf9c2c2d0} 'serviceChanged' '(Lorg/osgi/framework/ServiceEvent;)V' in 'org/eclipse/osgi/internal/serviceregistry/FilteredServiceListener')}
  0x0000026c802db570: 48bf 0075 | d0f9 6c02 | 0000 4883 | 87e0 0600 | 0001 8b52 | 0848 c1e2 | 0348 8b52 | 7048 8b12 
  0x0000026c802db590: ; implicit exception: dispatches to 0x0000026c802dc53d
  0x0000026c802db590: 483b 0248 

  0x0000026c802db594: ;   {metadata(method data for {method} {0x0000026cf9c2c2d0} 'serviceChanged' '(Lorg/osgi/framework/ServiceEvent;)V' in 'org/eclipse/osgi/internal/serviceregistry/FilteredServiceListener')}
  0x0000026c802db594: 8bf2 48bf | 0075 d0f9 | 6c02 0000 | 4883 8718 | 0700 0001 

  0x0000026c802db5a8: ;   {metadata(method data for {method} {0x0000026cf90134f0} 'getName' '()Ljava/lang/String;' in 'java/lang/Class')}
  0x0000026c802db5a8: 48be d859 | 5ff9 6c02 | 0000 8bbe | cc00 0000 | 83c7 0289 | becc 0000 | 0081 e7fe | ff1f 0083 
  0x0000026c802db5c8: ff00 0f84 | 720f 0000 | 8b72 2c48 

  0x0000026c802db5d4: ;   {metadata(method data for {method} {0x0000026cf90134f0} 'getName' '()Ljava/lang/String;' in 'java/lang/Class')}
  0x0000026c802db5d4: 83fe 0048 | bfd8 595f | f96c 0200 | 0048 b910 | 0100 0000 | 0000 000f | 840a 0000 | 0048 b920 
  0x0000026c802db5f4: 0100 0000 | 0000 004c | 8b04 0f4d | 8d40 014c | 8904 0f0f | 841d 0000 

  0x0000026c802db60c: ;   {metadata(method data for {method} {0x0000026cf90134f0} 'getName' '()Ljava/lang/String;' in 'java/lang/Class')}
  0x0000026c802db60c: 0048 bad8 | 595f f96c | 0200 00ff | 8230 0100 | 0048 8984 | 24b0 0000 | 00e9 2500 | 0000 4889 
  0x0000026c802db62c: 8424 b000 | 0000 488b 

  0x0000026c802db634: ;   {metadata(method data for {method} {0x0000026cf90134f0} 'getName' '()Ljava/lang/String;' in 'java/lang/Class')}
  0x0000026c802db634: fa48 bbd8 | 595f f96c | 0200 0048 | 8383 4801 

  0x0000026c802db644: ;   {optimized virtual_call}
  0x0000026c802db644: 0000 01e8 

  0x0000026c802db648: ; ImmutableOopMap {[168]=Oop [104]=Oop [176]=Oop }
                      ;*invokevirtual initClassName {reexecute=0 rethrow=0 return_oop=0}
                      ; - java.lang.Class::getName@14
                      ; - org.eclipse.osgi.internal.serviceregistry.FilteredServiceListener::serviceChanged@218 (line 128)
  0x0000026c802db648: b464 2a07 

  0x0000026c802db64c: ;   {metadata(method data for {method} {0x0000026cf9c2c2d0} 'serviceChanged' '(Lorg/osgi/framework/ServiceEvent;)V' in 'org/eclipse/osgi/internal/serviceregistry/FilteredServiceListener')}
  0x0000026c802db64c: 488b f048 | ba00 75d0 | f96c 0200 | 0048 8382 | 5007 0000 

  0x0000026c802db660: ;   {metadata(method data for {method} {0x0000026cf900b990} 'valueOf' '(Ljava/lang/Object;)Ljava/lang/String;' in 'java/lang/String')}
  0x0000026c802db660: 0148 ba08 | 4d7d f96c | 0200 008b | bacc 0000 | 0083 c702 | 89ba cc00 | 0000 81e7 | feff 1f00 
  0x0000026c802db680: 83ff 000f | 84da 0e00 | 0048 83fe 

  0x0000026c802db68c: ;   {metadata(method data for {method} {0x0000026cf900b990} 'valueOf' '(Ljava/lang/Object;)Ljava/lang/String;' in 'java/lang/String')}
  0x0000026c802db68c: 0048 ba08 | 4d7d f96c | 0200 0048 | bf10 0100 | 0000 0000 | 000f 850a | 0000 0048 | bf20 0100 
  0x0000026c802db6ac: 0000 0000 | 0048 8b1c | 3a48 8d5b | 0148 891c | 3a0f 851f 

  0x0000026c802db6c0: ;   {metadata(method data for {method} {0x0000026cf900b990} 'valueOf' '(Ljava/lang/Object;)Ljava/lang/String;' in 'java/lang/String')}
  0x0000026c802db6c0: 0000 0048 | ba08 4d7d | f96c 0200 | 00ff 8230 

  0x0000026c802db6d0: ;   {oop("null"{0x00000000c0000f10})}
  0x0000026c802db6d0: 0100 0048 | be10 0f00 | c000 0000 | 00e9 ad00 | 0000 483b | 0648 8bd6 

  0x0000026c802db6e8: ;   {metadata(method data for {method} {0x0000026cf900b990} 'valueOf' '(Ljava/lang/Object;)Ljava/lang/String;' in 'java/lang/String')}
  0x0000026c802db6e8: 48bf 084d | 7df9 6c02 | 0000 8b52 | 0848 c1e2 | 0348 3b97 | 5801 0000 | 750d 4883 | 8760 0100 
  0x0000026c802db708: 0001 e966 | 0000 0048 | 3b97 6801 | 0000 750d | 4883 8770 | 0100 0001 | e950 0000 | 0048 81bf 
  0x0000026c802db728: 5801 0000 | 0000 0000 | 7517 4889 | 9758 0100 | 0048 c787 | 6001 0000 | 0100 0000 | e92c 0000 
  0x0000026c802db748: 0048 81bf | 6801 0000 | 0000 0000 | 7517 4889 | 9768 0100 | 0048 c787 | 7001 0000 | 0100 0000 
  0x0000026c802db768: e908 0000 | 0048 8387 | 4801 0000 | 0148 8bd6 | 0f1f 4400 | 0048 b8ff | ffff ffff 

  0x0000026c802db784: ;   {virtual_call}
  0x0000026c802db784: ffff ffe8 

  0x0000026c802db788: ; ImmutableOopMap {[168]=Oop [104]=Oop [176]=Oop }
                      ;*invokevirtual toString {reexecute=0 rethrow=0 return_oop=0}
                      ; - java.lang.String::valueOf@11
                      ; - org.eclipse.osgi.internal.serviceregistry.FilteredServiceListener::serviceChanged@221 (line 128)
  0x0000026c802db788: f468 2a07 | 488b f048 | 8b84 24b0 

  0x0000026c802db794: ;   {metadata(method data for {method} {0x0000026cf9c2c2d0} 'serviceChanged' '(Lorg/osgi/framework/ServiceEvent;)V' in 'org/eclipse/osgi/internal/serviceregistry/FilteredServiceListener')}
  0x0000026c802db794: 0000 0049 | b800 75d0 | f96c 0200 | 0049 8380 | 6007 0000 

  0x0000026c802db7a8: ;   {metadata(method data for {method} {0x0000026cf909a228} '<init>' '(Ljava/lang/String;)V' in 'java/lang/StringBuilder')}
  0x0000026c802db7a8: 0149 b8e0 | af7f f96c | 0200 0041 | 8bb8 cc00 | 0000 83c7 | 0241 89b8 | cc00 0000 | 81e7 feff 
  0x0000026c802db7c8: 1f00 83ff | 000f 84b6 | 0d00 0048 | 8b84 24b0 

  0x0000026c802db7d8: ;   {metadata(method data for {method} {0x0000026cf909a228} '<init>' '(Ljava/lang/String;)V' in 'java/lang/StringBuilder')}
  0x0000026c802db7d8: 0000 0049 | b8e0 af7f | f96c 0200 | 0049 8380 | 1001 0000 | 014c 8bc6 | 488b 9424 | b000 0000 
  0x0000026c802db7f8: 0f1f 8000 

  0x0000026c802db7fc: ;   {optimized virtual_call}
  0x0000026c802db7fc: 0000 00e8 

  0x0000026c802db800: ; ImmutableOopMap {[168]=Oop [176]=Oop [104]=Oop }
                      ;*invokespecial <init> {reexecute=0 rethrow=0 return_oop=0}
                      ; - java.lang.StringBuilder::<init>@2
                      ; - org.eclipse.osgi.internal.serviceregistry.FilteredServiceListener::serviceChanged@224 (line 128)
  0x0000026c802db800: fc62 2a07 | 488b 8424 | b000 0000 

  0x0000026c802db80c: ;   {metadata(method data for {method} {0x0000026cf9c2c2d0} 'serviceChanged' '(Lorg/osgi/framework/ServiceEvent;)V' in 'org/eclipse/osgi/internal/serviceregistry/FilteredServiceListener')}
  0x0000026c802db80c: 49b8 0075 | d0f9 6c02 | 0000 4983 | 8070 0700 

  0x0000026c802db81c: ;   {metadata(method data for {method} {0x0000026cf909a488} 'append' '(Ljava/lang/String;)Ljava/lang/StringBuilder;' in 'java/lang/StringBuilder')}
  0x0000026c802db81c: 0001 49b8 | 78ed 3bf9 | 6c02 0000 | 418b 90cc | 0000 0083 | c202 4189 | 90cc 0000 | 0081 e2fe 
  0x0000026c802db83c: ff1f 0083 | fa00 0f84 | 620d 0000 | 488b 8424 | b000 0000 

  0x0000026c802db850: ;   {metadata(method data for {method} {0x0000026cf909a488} 'append' '(Ljava/lang/String;)Ljava/lang/StringBuilder;' in 'java/lang/StringBuilder')}
  0x0000026c802db850: 49b8 78ed | 3bf9 6c02 | 0000 4983 | 8010 0100 

  0x0000026c802db860: ;   {oop("@"{0x00000000c0000028})}
  0x0000026c802db860: 0001 49b8 | 2800 00c0 | 0000 0000 | 488b 9424 | b000 0000 

  0x0000026c802db874: ;   {optimized virtual_call}
  0x0000026c802db874: 6666 90e8 

  0x0000026c802db878: ; ImmutableOopMap {[168]=Oop [176]=Oop [104]=Oop }
                      ;*invokespecial append {reexecute=0 rethrow=0 return_oop=0}
                      ; - java.lang.StringBuilder::append@2
                      ; - org.eclipse.osgi.internal.serviceregistry.FilteredServiceListener::serviceChanged@229 (line 128)
  0x0000026c802db878: 8462 2a07 | 488b 5424 | 688b 7214 

  0x0000026c802db884: ;   {metadata(method data for {method} {0x0000026cf9c2c2d0} 'serviceChanged' '(Lorg/osgi/framework/ServiceEvent;)V' in 'org/eclipse/osgi/internal/serviceregistry/FilteredServiceListener')}
  0x0000026c802db884: 48bf 0075 | d0f9 6c02 | 0000 4883 | 87a8 0700 | 0001 488b | d666 0f1f 

  0x0000026c802db89c: ;   {static_call}
  0x0000026c802db89c: 4400 00e8 

  0x0000026c802db8a0: ; ImmutableOopMap {[168]=Oop [176]=Oop [104]=Oop }
                      ;*invokestatic identityHashCode {reexecute=0 rethrow=0 return_oop=0}
                      ; - org.eclipse.osgi.internal.serviceregistry.FilteredServiceListener::serviceChanged@236 (line 129)
  0x0000026c802db8a0: 5c6d 2a07 

  0x0000026c802db8a4: ;   {metadata(method data for {method} {0x0000026cf9c2c2d0} 'serviceChanged' '(Lorg/osgi/framework/ServiceEvent;)V' in 'org/eclipse/osgi/internal/serviceregistry/FilteredServiceListener')}
  0x0000026c802db8a4: 48ba 0075 | d0f9 6c02 | 0000 4883 | 82b8 0700 

  0x0000026c802db8b4: ;   {metadata(method data for {method} {0x0000026cf90f4560} 'toHexString' '(I)Ljava/lang/String;' in 'java/lang/Integer')}
  0x0000026c802db8b4: 0001 48ba | 2817 9bf9 | 6c02 0000 | 448b 82cc | 0000 0041 | 83c0 0244 | 8982 cc00 | 0000 4181 
  0x0000026c802db8d4: e0fe ff1f | 0041 83f8 | 000f 84e8 

  0x0000026c802db8e0: ;   {metadata(method data for {method} {0x0000026cf90f4560} 'toHexString' '(I)Ljava/lang/String;' in 'java/lang/Integer')}
  0x0000026c802db8e0: 0c00 0048 | ba28 179b | f96c 0200 | 0048 8382 | 1001 0000 | 0148 8bd0 | 41b8 0400 

  0x0000026c802db8fc: ;   {static_call}
  0x0000026c802db8fc: 0000 90e8 

  0x0000026c802db900: ; ImmutableOopMap {[168]=Oop [176]=Oop [104]=Oop }
                      ;*invokestatic toUnsignedString0 {reexecute=0 rethrow=0 return_oop=0}
                      ; - java.lang.Integer::toHexString@2
                      ; - org.eclipse.osgi.internal.serviceregistry.FilteredServiceListener::serviceChanged@239 (line 129)
  0x0000026c802db900: fc6c 2a07 | 4c8b 8424 | b000 0000 

  0x0000026c802db90c: ;   {metadata(method data for {method} {0x0000026cf9c2c2d0} 'serviceChanged' '(Lorg/osgi/framework/ServiceEvent;)V' in 'org/eclipse/osgi/internal/serviceregistry/FilteredServiceListener')}
  0x0000026c802db90c: 48ba 0075 | d0f9 6c02 | 0000 4883 | 82c8 0700 

  0x0000026c802db91c: ;   {metadata(method data for {method} {0x0000026cf909a488} 'append' '(Ljava/lang/String;)Ljava/lang/StringBuilder;' in 'java/lang/StringBuilder')}
  0x0000026c802db91c: 0001 49b8 | 78ed 3bf9 | 6c02 0000 | 418b 90cc | 0000 0083 | c202 4189 | 90cc 0000 | 0081 e2fe 
  0x0000026c802db93c: ff1f 0083 | fa00 0f84 | a40c 0000 | 4c8b 8424 | b000 0000 

  0x0000026c802db950: ;   {metadata(method data for {method} {0x0000026cf909a488} 'append' '(Ljava/lang/String;)Ljava/lang/StringBuilder;' in 'java/lang/StringBuilder')}
  0x0000026c802db950: 48ba 78ed | 3bf9 6c02 | 0000 4883 | 8210 0100 | 0001 4c8b | c048 8b94 | 24b0 0000 

  0x0000026c802db96c: ;   {optimized virtual_call}
  0x0000026c802db96c: 0066 90e8 

  0x0000026c802db970: ; ImmutableOopMap {[168]=Oop [176]=Oop [104]=Oop }
                      ;*invokespecial append {reexecute=0 rethrow=0 return_oop=0}
                      ; - java.lang.StringBuilder::append@2
                      ; - org.eclipse.osgi.internal.serviceregistry.FilteredServiceListener::serviceChanged@242 (line 129)
  0x0000026c802db970: 8c61 2a07 | 488b 8424 | b000 0000 

  0x0000026c802db97c: ;   {metadata(method data for {method} {0x0000026cf9c2c2d0} 'serviceChanged' '(Lorg/osgi/framework/ServiceEvent;)V' in 'org/eclipse/osgi/internal/serviceregistry/FilteredServiceListener')}
  0x0000026c802db97c: 48ba 0075 | d0f9 6c02 | 0000 4883 | 8200 0800 

  0x0000026c802db98c: ;   {metadata(method data for {method} {0x0000026cf909b800} 'toString' '()Ljava/lang/String;' in 'java/lang/StringBuilder')}
  0x0000026c802db98c: 0001 48ba | 20f1 3bf9 | 6c02 0000 | 448b 82cc | 0000 0041 | 83c0 0244 | 8982 cc00 | 0000 4181 
  0x0000026c802db9ac: e0fe ff1f | 0041 83f8 | 000f 8452 | 0c00 0048 | 8b84 24b0 

  0x0000026c802db9c0: ;   {metadata(method data for {method} {0x0000026cf909b800} 'toString' '()Ljava/lang/String;' in 'java/lang/StringBuilder')}
  0x0000026c802db9c0: 0000 0048 | ba20 f13b | f96c 0200 | 0048 8382 | 1001 0000 

  0x0000026c802db9d4: ;   {metadata(method data for {method} {0x0000026cf9098288} 'isLatin1' '()Z' in 'java/lang/AbstractStringBuilder')}
  0x0000026c802db9d4: 0148 baa8 | 8b3b f96c | 0200 0044 | 8b82 cc00 | 0000 4183 | c002 4489 | 82cc 0000 | 0041 81e0 
  0x0000026c802db9f4: feff 1f00 | 4183 f800 | 0f84 2c0c 

  0x0000026c802dba00: ;   {metadata(method data for {method} {0x0000026cf9098288} 'isLatin1' '()Z' in 'java/lang/AbstractStringBuilder')}
  0x0000026c802dba00: 0000 48ba | a88b 3bf9 | 6c02 0000 | ff82 2001 | 0000 488b | 8424 b000 | 0000 0fbe | 5010 83fa 
  0x0000026c802dba20: ;   {metadata(method data for {method} {0x0000026cf9098288} 'isLatin1' '()Z' in 'java/lang/AbstractStringBuilder')}
  0x0000026c802dba20: 0048 baa8 | 8b3b f96c | 0200 0049 | b830 0100 | 0000 0000 | 000f 850a | 0000 0049 | b840 0100 
  0x0000026c802dba40: 0000 0000 | 004e 8b0c | 024d 8d49 | 014e 890c | 020f 851a 

  0x0000026c802dba54: ;   {metadata(method data for {method} {0x0000026cf9098288} 'isLatin1' '()Z' in 'java/lang/AbstractStringBuilder')}
  0x0000026c802dba54: 0000 0048 | baa8 8b3b | f96c 0200 | 00ff 8250 | 0100 00ba | 0100 0000 | e905 0000 | 00ba 0000 
  0x0000026c802dba74: 0000 83e2 | 0183 fa00 

  0x0000026c802dba7c: ;   {metadata(method data for {method} {0x0000026cf909b800} 'toString' '()Ljava/lang/String;' in 'java/lang/StringBuilder')}
  0x0000026c802dba7c: 48ba 20f1 | 3bf9 6c02 | 0000 49b8 | 4801 0000 | 0000 0000 | 0f84 0a00 | 0000 49b8 | 5801 0000 
  0x0000026c802dba9c: 0000 0000 | 4e8b 0c02 | 4d8d 4901 | 4e89 0c02 | 0f84 3f00 | 0000 8b50 | 1444 8b48 

  0x0000026c802dbab8: ;   {metadata(method data for {method} {0x0000026cf909b800} 'toString' '()Ljava/lang/String;' in 'java/lang/StringBuilder')}
  0x0000026c802dbab8: 0c49 b820 | f13b f96c | 0200 0049 | 8380 6801 | 0000 0141 | b800 0000 | 0066 0f1f 

  0x0000026c802dbad4: ;   {static_call}
  0x0000026c802dbad4: 4400 00e8 

  0x0000026c802dbad8: ; ImmutableOopMap {[168]=Oop [104]=Oop }
                      ;*invokestatic newString {reexecute=0 rethrow=0 return_oop=0}
                      ; - java.lang.StringBuilder::toString@16
                      ; - org.eclipse.osgi.internal.serviceregistry.FilteredServiceListener::serviceChanged@245 (line 128)
  0x0000026c802dbad8: 246b 2a07 

  0x0000026c802dbadc: ;   {metadata(method data for {method} {0x0000026cf909b800} 'toString' '()Ljava/lang/String;' in 'java/lang/StringBuilder')}
  0x0000026c802dbadc: 48ba 20f1 | 3bf9 6c02 | 0000 ff82 | 7801 0000 | e92b 0000 | 008b 5014 | 448b 480c 

  0x0000026c802dbaf8: ;   {metadata(method data for {method} {0x0000026cf909b800} 'toString' '()Ljava/lang/String;' in 'java/lang/StringBuilder')}
  0x0000026c802dbaf8: 49b8 20f1 | 3bf9 6c02 | 0000 4983 | 8090 0100 | 0001 41b8 | 0000 0000 | 0f1f 8000 

  0x0000026c802dbb14: ;   {static_call}
  0x0000026c802dbb14: 0000 00e8 

  0x0000026c802dbb18: ; ImmutableOopMap {[168]=Oop [104]=Oop }
                      ;*invokestatic newString {reexecute=0 rethrow=0 return_oop=0}
                      ; - java.lang.StringBuilder::toString@31
                      ; - org.eclipse.osgi.internal.serviceregistry.FilteredServiceListener::serviceChanged@245 (line 128)
  0x0000026c802dbb18: e46a 2a07 | 4889 8424 | c000 0000 | 0f1f 4000 

  0x0000026c802dbb28: ;   {no_reloc}
  0x0000026c802dbb28: e931 0b00 | 0000 0000 | 0000 498b | 8708 0100 | 0048 8d78 | 1849 3bbf | 1801 0000 | 0f87 1e0b 
  0x0000026c802dbb48: 0000 4989 | bf08 0100 | 0048 c700 | 0100 0000 | 488b ca48 | c1e9 0389 | 4808 4833 | c989 480c 
  0x0000026c802dbb68: 4833 c948 | 8948 104c 

  0x0000026c802dbb70: ;   {metadata(method data for {method} {0x0000026cf9c2c2d0} 'serviceChanged' '(Lorg/osgi/framework/ServiceEvent;)V' in 'org/eclipse/osgi/internal/serviceregistry/FilteredServiceListener')}
  0x0000026c802dbb70: 8bc0 48ba | 0075 d0f9 | 6c02 0000 | 4883 8238 | 0800 0001 

  0x0000026c802dbb84: ;   {metadata(method data for {method} {0x0000026cf909a228} '<init>' '(Ljava/lang/String;)V' in 'java/lang/StringBuilder')}
  0x0000026c802dbb84: 49b8 e0af | 7ff9 6c02 | 0000 418b | 90cc 0000 | 0083 c202 | 4189 90cc | 0000 0081 | e2fe ff1f 
  0x0000026c802dbba4: 0083 fa00 | 0f84 c70a | 0000 4c8b 

  0x0000026c802dbbb0: ;   {metadata(method data for {method} {0x0000026cf909a228} '<init>' '(Ljava/lang/String;)V' in 'java/lang/StringBuilder')}
  0x0000026c802dbbb0: c048 bae0 | af7f f96c | 0200 0048 | 8382 1001 

  0x0000026c802dbbc0: ;   {oop("dispatchFilteredServiceEvent("{0x00000000c0004378})}
  0x0000026c802dbbc0: 0000 0149 | b878 4300 | c000 0000 | 0048 8bd0 | 4889 8424 | b800 0000 | 0f1f 8000 

  0x0000026c802dbbdc: ;   {optimized virtual_call}
  0x0000026c802dbbdc: 0000 00e8 

  0x0000026c802dbbe0: ; ImmutableOopMap {[168]=Oop [104]=Oop [192]=Oop [184]=Oop }
                      ;*invokespecial <init> {reexecute=0 rethrow=0 return_oop=0}
                      ; - java.lang.StringBuilder::<init>@2
                      ; - org.eclipse.osgi.internal.serviceregistry.FilteredServiceListener::serviceChanged@255 (line 130)
  0x0000026c802dbbe0: 1c5f 2a07 | 488b 8424 | b800 0000 

  0x0000026c802dbbec: ;   {metadata(method data for {method} {0x0000026cf9c2c2d0} 'serviceChanged' '(Lorg/osgi/framework/ServiceEvent;)V' in 'org/eclipse/osgi/internal/serviceregistry/FilteredServiceListener')}
  0x0000026c802dbbec: 49b8 0075 | d0f9 6c02 | 0000 4983 | 8048 0800 

  0x0000026c802dbbfc: ;   {metadata(method data for {method} {0x0000026cf909a488} 'append' '(Ljava/lang/String;)Ljava/lang/StringBuilder;' in 'java/lang/StringBuilder')}
  0x0000026c802dbbfc: 0001 49b8 | 78ed 3bf9 | 6c02 0000 | 418b 90cc | 0000 0083 | c202 4189 | 90cc 0000 | 0081 e2fe 
  0x0000026c802dbc1c: ff1f 0083 | fa00 0f84 | 6e0a 0000 | 488b 8424 | b800 0000 

  0x0000026c802dbc30: ;   {metadata(method data for {method} {0x0000026cf909a488} 'append' '(Ljava/lang/String;)Ljava/lang/StringBuilder;' in 'java/lang/StringBuilder')}
  0x0000026c802dbc30: 49b8 78ed | 3bf9 6c02 | 0000 4983 | 8010 0100 | 0001 4c8b | 8424 c000 | 0000 488b | 9424 b800 
  0x0000026c802dbc50: 0000 0f1f 

  0x0000026c802dbc54: ;   {optimized virtual_call}
  0x0000026c802dbc54: 4400 00e8 

  0x0000026c802dbc58: ; ImmutableOopMap {[168]=Oop [104]=Oop [184]=Oop }
                      ;*invokespecial append {reexecute=0 rethrow=0 return_oop=0}
                      ; - java.lang.StringBuilder::append@2
                      ; - org.eclipse.osgi.internal.serviceregistry.FilteredServiceListener::serviceChanged@259 (line 130)
  0x0000026c802dbc58: a45e 2a07 | 488b 8424 | b800 0000 

  0x0000026c802dbc64: ;   {metadata(method data for {method} {0x0000026cf9c2c2d0} 'serviceChanged' '(Lorg/osgi/framework/ServiceEvent;)V' in 'org/eclipse/osgi/internal/serviceregistry/FilteredServiceListener')}
  0x0000026c802dbc64: 49b8 0075 | d0f9 6c02 | 0000 4983 | 8080 0800 

  0x0000026c802dbc74: ;   {metadata(method data for {method} {0x0000026cf909a488} 'append' '(Ljava/lang/String;)Ljava/lang/StringBuilder;' in 'java/lang/StringBuilder')}
  0x0000026c802dbc74: 0001 49b8 | 78ed 3bf9 | 6c02 0000 | 418b 90cc | 0000 0083 | c202 4189 | 90cc 0000 | 0081 e2fe 
  0x0000026c802dbc94: ff1f 0083 | fa00 0f84 | 170a 0000 | 488b 8424 | b800 0000 

  0x0000026c802dbca8: ;   {metadata(method data for {method} {0x0000026cf909a488} 'append' '(Ljava/lang/String;)Ljava/lang/StringBuilder;' in 'java/lang/StringBuilder')}
  0x0000026c802dbca8: 49b8 78ed | 3bf9 6c02 | 0000 4983 | 8010 0100 

  0x0000026c802dbcb8: ;   {oop(")"{0x00000000c0001cf0})}
  0x0000026c802dbcb8: 0001 49b8 | f01c 00c0 | 0000 0000 | 488b 9424 | b800 0000 

  0x0000026c802dbccc: ;   {optimized virtual_call}
  0x0000026c802dbccc: 6666 90e8 

  0x0000026c802dbcd0: ; ImmutableOopMap {[168]=Oop [104]=Oop [184]=Oop }
                      ;*invokespecial append {reexecute=0 rethrow=0 return_oop=0}
                      ; - java.lang.StringBuilder::append@2
                      ; - org.eclipse.osgi.internal.serviceregistry.FilteredServiceListener::serviceChanged@264 (line 130)
  0x0000026c802dbcd0: 2c5e 2a07 | 488b 8424 | b800 0000 

  0x0000026c802dbcdc: ;   {metadata(method data for {method} {0x0000026cf9c2c2d0} 'serviceChanged' '(Lorg/osgi/framework/ServiceEvent;)V' in 'org/eclipse/osgi/internal/serviceregistry/FilteredServiceListener')}
  0x0000026c802dbcdc: 48ba 0075 | d0f9 6c02 | 0000 4883 | 82b8 0800 

  0x0000026c802dbcec: ;   {metadata(method data for {method} {0x0000026cf909b800} 'toString' '()Ljava/lang/String;' in 'java/lang/StringBuilder')}
  0x0000026c802dbcec: 0001 48ba | 20f1 3bf9 | 6c02 0000 | 448b 82cc | 0000 0041 | 83c0 0244 | 8982 cc00 | 0000 4181 
  0x0000026c802dbd0c: e0fe ff1f | 0041 83f8 | 000f 84bd | 0900 0048 | 8b84 24b8 

  0x0000026c802dbd20: ;   {metadata(method data for {method} {0x0000026cf909b800} 'toString' '()Ljava/lang/String;' in 'java/lang/StringBuilder')}
  0x0000026c802dbd20: 0000 0048 | ba20 f13b | f96c 0200 | 0048 8382 | 1001 0000 

  0x0000026c802dbd34: ;   {metadata(method data for {method} {0x0000026cf9098288} 'isLatin1' '()Z' in 'java/lang/AbstractStringBuilder')}
  0x0000026c802dbd34: 0148 baa8 | 8b3b f96c | 0200 0044 | 8b82 cc00 | 0000 4183 | c002 4489 | 82cc 0000 | 0041 81e0 
  0x0000026c802dbd54: feff 1f00 | 4183 f800 | 0f84 9709 

  0x0000026c802dbd60: ;   {metadata(method data for {method} {0x0000026cf9098288} 'isLatin1' '()Z' in 'java/lang/AbstractStringBuilder')}
  0x0000026c802dbd60: 0000 48ba | a88b 3bf9 | 6c02 0000 | ff82 2001 | 0000 488b | 8424 b800 | 0000 0fbe | 5010 83fa 
  0x0000026c802dbd80: ;   {metadata(method data for {method} {0x0000026cf9098288} 'isLatin1' '()Z' in 'java/lang/AbstractStringBuilder')}
  0x0000026c802dbd80: 0048 baa8 | 8b3b f96c | 0200 0049 | b830 0100 | 0000 0000 | 000f 850a | 0000 0049 | b840 0100 
  0x0000026c802dbda0: 0000 0000 | 004e 8b0c | 024d 8d49 | 014e 890c | 020f 851a 

  0x0000026c802dbdb4: ;   {metadata(method data for {method} {0x0000026cf9098288} 'isLatin1' '()Z' in 'java/lang/AbstractStringBuilder')}
  0x0000026c802dbdb4: 0000 0048 | baa8 8b3b | f96c 0200 | 00ff 8250 | 0100 00ba | 0100 0000 | e905 0000 | 00ba 0000 
  0x0000026c802dbdd4: 0000 83e2 | 0183 fa00 

  0x0000026c802dbddc: ;   {metadata(method data for {method} {0x0000026cf909b800} 'toString' '()Ljava/lang/String;' in 'java/lang/StringBuilder')}
  0x0000026c802dbddc: 48ba 20f1 | 3bf9 6c02 | 0000 49b8 | 4801 0000 | 0000 0000 | 0f84 0a00 | 0000 49b8 | 5801 0000 
  0x0000026c802dbdfc: 0000 0000 | 4e8b 0c02 | 4d8d 4901 | 4e89 0c02 | 0f84 3f00 | 0000 8b50 | 1444 8b48 

  0x0000026c802dbe18: ;   {metadata(method data for {method} {0x0000026cf909b800} 'toString' '()Ljava/lang/String;' in 'java/lang/StringBuilder')}
  0x0000026c802dbe18: 0c49 b820 | f13b f96c | 0200 0049 | 8380 6801 | 0000 0141 | b800 0000 | 0066 0f1f 

  0x0000026c802dbe34: ;   {static_call}
  0x0000026c802dbe34: 4400 00e8 

  0x0000026c802dbe38: ; ImmutableOopMap {[168]=Oop [104]=Oop }
                      ;*invokestatic newString {reexecute=0 rethrow=0 return_oop=0}
                      ; - java.lang.StringBuilder::toString@16
                      ; - org.eclipse.osgi.internal.serviceregistry.FilteredServiceListener::serviceChanged@267 (line 130)
  0x0000026c802dbe38: c467 2a07 

  0x0000026c802dbe3c: ;   {metadata(method data for {method} {0x0000026cf909b800} 'toString' '()Ljava/lang/String;' in 'java/lang/StringBuilder')}
  0x0000026c802dbe3c: 48ba 20f1 | 3bf9 6c02 | 0000 ff82 | 7801 0000 | e92b 0000 | 008b 5014 | 448b 480c 

  0x0000026c802dbe58: ;   {metadata(method data for {method} {0x0000026cf909b800} 'toString' '()Ljava/lang/String;' in 'java/lang/StringBuilder')}
  0x0000026c802dbe58: 49b8 20f1 | 3bf9 6c02 | 0000 4983 | 8090 0100 | 0001 41b8 | 0000 0000 | 0f1f 8000 

  0x0000026c802dbe74: ;   {static_call}
  0x0000026c802dbe74: 0000 00e8 

  0x0000026c802dbe78: ; ImmutableOopMap {[168]=Oop [104]=Oop }
                      ;*invokestatic newString {reexecute=0 rethrow=0 return_oop=0}
                      ; - java.lang.StringBuilder::toString@31
                      ; - org.eclipse.osgi.internal.serviceregistry.FilteredServiceListener::serviceChanged@267 (line 130)
  0x0000026c802dbe78: 8467 2a07 

  0x0000026c802dbe7c: ;   {metadata(method data for {method} {0x0000026cf9c2c2d0} 'serviceChanged' '(Lorg/osgi/framework/ServiceEvent;)V' in 'org/eclipse/osgi/internal/serviceregistry/FilteredServiceListener')}
  0x0000026c802dbe7c: 49b8 0075 | d0f9 6c02 | 0000 4983 | 80f0 0800 

  0x0000026c802dbe8c: ;   {metadata(method data for {method} {0x0000026cf9869150} 'println' '(Ljava/lang/String;)V' in 'org/eclipse/osgi/internal/debug/Debug')}
  0x0000026c802dbe8c: 0001 49b8 | 68ae cef9 | 6c02 0000 | 418b 90cc | 0000 0083 | c202 4189 | 90cc 0000 | 0081 e2fe 
  0x0000026c802dbeac: ff1f 0083 | fa00 0f84 | 6208 0000 

  0x0000026c802dbeb8: ;   {oop(a 'java/lang/Class'{0x00000000c00042a0} = 'org/eclipse/osgi/internal/debug/Debug')}
  0x0000026c802dbeb8: 49b8 a042 | 00c0 0000 | 0000 418b | 90d4 0000 | 0048 3b02 

  0x0000026c802dbecc: ;   {metadata(method data for {method} {0x0000026cf9869150} 'println' '(Ljava/lang/String;)V' in 'org/eclipse/osgi/internal/debug/Debug')}
  0x0000026c802dbecc: 4c8b c248 | be68 aece | f96c 0200 

  0x0000026c802dbed8: ;   {metadata('java/io/PrintStream')}
  0x0000026c802dbed8: 0049 ba50 | 8906 0001 | 0000 004c | 8996 2001 | 0000 4883 | 8628 0100 | 0001 4c8b 

  0x0000026c802dbef4: ;   {optimized virtual_call}
  0x0000026c802dbef4: c066 90e8 

  0x0000026c802dbef8: ; ImmutableOopMap {[168]=Oop [104]=Oop }
                      ;*invokevirtual println {reexecute=0 rethrow=0 return_oop=0}
                      ; - org.eclipse.osgi.internal.debug.Debug::println@4 (line 358)
                      ; - org.eclipse.osgi.internal.serviceregistry.FilteredServiceListener::serviceChanged@270 (line 130)
  0x0000026c802dbef8: 045c 2a07 | 488b 8424 | a800 0000 | 488b 5424 | 688b 5214 

  0x0000026c802dbf0c: ; implicit exception: dispatches to 0x0000026c802dc740
  0x0000026c802dbf0c: 483b 024c 

  0x0000026c802dbf10: ;   {metadata(method data for {method} {0x0000026cf9c2c2d0} 'serviceChanged' '(Lorg/osgi/framework/ServiceEvent;)V' in 'org/eclipse/osgi/internal/serviceregistry/FilteredServiceListener')}
  0x0000026c802dbf10: 8bc2 48be | 0075 d0f9 | 6c02 0000 | 458b 4008 | 49c1 e003 | 4c3b 8610 | 0900 0075 | 0d48 8386 
  0x0000026c802dbf30: 1809 0000 | 01e9 6600 | 0000 4c3b | 8620 0900 | 0075 0d48 | 8386 2809 | 0000 01e9 | 5000 0000 
  0x0000026c802dbf50: 4881 be10 | 0900 0000 | 0000 0075 | 174c 8986 | 1009 0000 | 48c7 8618 | 0900 0001 | 0000 00e9 
  0x0000026c802dbf70: 2c00 0000 | 4881 be20 | 0900 0000 | 0000 0075 | 174c 8986 | 2009 0000 | 48c7 8628 | 0900 0001 
  0x0000026c802dbf90: 0000 00e9 | 0800 0000 | 4883 8600 | 0900 0001 | 4c8b c066 | 9048 b8ff | ffff ffff 

  0x0000026c802dbfac: ;   {virtual_call}
  0x0000026c802dbfac: ffff ffe8 

  0x0000026c802dbfb0: ; ImmutableOopMap {}
                      ;*invokeinterface serviceChanged {reexecute=0 rethrow=0 return_oop=0}
                      ; - org.eclipse.osgi.internal.serviceregistry.FilteredServiceListener::serviceChanged@278 (line 133)
  0x0000026c802dbfb0: 2c23 2a07 | 4881 c4e0 | 0000 005d 

  0x0000026c802dbfbc: ;   {poll_return}
  0x0000026c802dbfbc: 493b a750 | 0300 000f | 877c 0700 | 00c3 4881 | c4e0 0000 

  0x0000026c802dbfd0: ;   {poll_return}
  0x0000026c802dbfd0: 005d 493b | a750 0300 | 000f 877c | 0700 00c3 | 4881 c4e0 | 0000 005d 

  0x0000026c802dbfe8: ;   {poll_return}
  0x0000026c802dbfe8: 493b a750 | 0300 000f | 877c 0700 | 00c3 4881 | c4e0 0000 

  0x0000026c802dbffc: ;   {poll_return}
  0x0000026c802dbffc: 005d 493b | a750 0300 | 000f 877c | 0700 00c3 | 498b 87e0 | 0300 004d | 33d2 4d89 | 97e0 0300 
  0x0000026c802dc01c: 004d 33d2 | 4d89 97e8 | 0300 0048 | 8bf0 488d | 8424 c800 | 0000 488b | 3848 85ff | 0f84 0f00 
  0x0000026c802dc03c: 0000 488b | 5808 f048 | 0fb1 3b0f | 8550 0700 | 0048 8bc6 | e97d 0700 

  0x0000026c802dc054: ;   {metadata({method} {0x0000026cf9c2c2d0} 'serviceChanged' '(Lorg/osgi/framework/ServiceEvent;)V' in 'org/eclipse/osgi/internal/serviceregistry/FilteredServiceListener')}
  0x0000026c802dc054: 0049 bac8 | c2c2 f96c | 0200 004c | 8954 2408 | 48c7 0424 | ffff ffff 

  0x0000026c802dc06c: ;   {runtime_call counter_overflow Runtime1 stub}
  0x0000026c802dc06c: e80f e734 

  0x0000026c802dc070: ; ImmutableOopMap {rdx=Oop [104]=Oop r8=Oop }
                      ;*synchronization entry
                      ; - org.eclipse.osgi.internal.serviceregistry.FilteredServiceListener::serviceChanged@-1 (line 95)
  0x0000026c802dc070: 07e9 c6dc 

  0x0000026c802dc074: ;   {runtime_call throw_null_pointer_exception Runtime1 stub}
  0x0000026c802dc074: ffff e8a5 

  0x0000026c802dc078: ; ImmutableOopMap {rdx=Oop [104]=Oop r8=Oop }
                      ;*invokevirtual getServiceReference {reexecute=0 rethrow=0 return_oop=0}
                      ; - org.eclipse.osgi.internal.serviceregistry.FilteredServiceListener::serviceChanged@1 (line 95)
  0x0000026c802dc078: 8434 0748 

  0x0000026c802dc07c: ;   {runtime_call throw_class_cast_exception Runtime1 stub}
  0x0000026c802dc07c: 8934 24e8 

  0x0000026c802dc080: ; ImmutableOopMap {rdx=Oop [104]=Oop r8=Oop }
                      ;*checkcast {reexecute=0 rethrow=0 return_oop=0}
                      ; - org.eclipse.osgi.internal.serviceregistry.FilteredServiceListener::serviceChanged@4 (line 95)
  0x0000026c802dc080: 9cb0 3407 

  0x0000026c802dc084: ;   {runtime_call throw_null_pointer_exception Runtime1 stub}
  0x0000026c802dc084: e897 8434 

  0x0000026c802dc088: ; ImmutableOopMap {rdx=Oop [104]=Oop r8=Oop rsi=Oop [112]=Oop rdi=Oop }
                      ;*invokevirtual getClasses {reexecute=0 rethrow=0 return_oop=0}
                      ; - org.eclipse.osgi.internal.serviceregistry.FilteredServiceListener::serviceChanged@16 (line 100)
                      ;   {metadata({method} {0x0000026cf9c42fc8} 'getClasses' '()[Ljava/lang/String;' in 'org/eclipse/osgi/internal/serviceregistry/ServiceReferenceImpl')}
  0x0000026c802dc088: 0749 bac0 | 2fc4 f96c | 0200 004c | 8954 2408 | 48c7 0424 | ffff ffff 

  0x0000026c802dc0a0: ;   {runtime_call counter_overflow Runtime1 stub}
  0x0000026c802dc0a0: e8db e634 

  0x0000026c802dc0a4: ; ImmutableOopMap {rdx=Oop [104]=Oop r8=Oop rsi=Oop [112]=Oop rdi=Oop }
                      ;*synchronization entry
                      ; - org.eclipse.osgi.internal.serviceregistry.ServiceReferenceImpl::getClasses@-1 (line 288)
                      ; - org.eclipse.osgi.internal.serviceregistry.FilteredServiceListener::serviceChanged@16 (line 100)
  0x0000026c802dc0a4: 07e9 98de 

  0x0000026c802dc0a8: ;   {runtime_call throw_null_pointer_exception Runtime1 stub}
  0x0000026c802dc0a8: ffff e871 

  0x0000026c802dc0ac: ; ImmutableOopMap {rdx=Oop [104]=Oop r8=Oop rsi=Oop [112]=Oop rdi=Oop rbx=Oop }
                      ;*invokevirtual getClasses {reexecute=0 rethrow=0 return_oop=0}
                      ; - org.eclipse.osgi.internal.serviceregistry.ServiceReferenceImpl::getClasses@4 (line 288)
                      ; - org.eclipse.osgi.internal.serviceregistry.FilteredServiceListener::serviceChanged@16 (line 100)
                      ;   {runtime_call throw_null_pointer_exception Runtime1 stub}
  0x0000026c802dc0ac: 8434 07e8 

  0x0000026c802dc0b0: ; ImmutableOopMap {rdx=Oop [104]=Oop r8=Oop rsi=Oop [112]=Oop rdi=Oop rbx=Oop }
                      ;*arraylength {reexecute=0 rethrow=0 return_oop=0}
                      ; - org.eclipse.osgi.internal.serviceregistry.FilteredServiceListener::serviceChanged@21 (line 101)
  0x0000026c802dc0b0: 6c84 3407 

  0x0000026c802dc0b4: ;   {metadata({method} {0x0000026cf9c2c2d0} 'serviceChanged' '(Lorg/osgi/framework/ServiceEvent;)V' in 'org/eclipse/osgi/internal/serviceregistry/FilteredServiceListener')}
  0x0000026c802dc0b4: 49ba c8c2 | c2f9 6c02 | 0000 4c89 | 5424 0848 | c704 2433 

  0x0000026c802dc0c8: ;   {runtime_call counter_overflow Runtime1 stub}
  0x0000026c802dc0c8: 0000 00e8 

  0x0000026c802dc0cc: ; ImmutableOopMap {rdx=Oop [104]=Oop r8=Oop rsi=Oop [112]=Oop rdi=Oop rbx=Oop }
                      ;*if_icmplt {reexecute=1 rethrow=0 return_oop=0}
                      ; - (reexecute) org.eclipse.osgi.internal.serviceregistry.FilteredServiceListener::serviceChanged@51 (line 102)
  0x0000026c802dc0cc: b0e6 3407 | e9b6 dfff 

  0x0000026c802dc0d4: ;   {internal_word}
  0x0000026c802dc0d4: ff49 bad5 | a02d 806c | 0200 004d | 8997 6803 

  0x0000026c802dc0e4: ;   {runtime_call SafepointBlob}
  0x0000026c802dc0e4: 0000 e995 

  0x0000026c802dc0e8: ;   {runtime_call throw_null_pointer_exception Runtime1 stub}
  0x0000026c802dc0e8: cb2a 07e8 

  0x0000026c802dc0ec: ; ImmutableOopMap {[112]=Oop [120]=Oop rdx=Oop [104]=Oop }
                      ;*getfield DEBUG_EVENTS {reexecute=1 rethrow=0 return_oop=0}
                      ; - (reexecute) org.eclipse.osgi.internal.serviceregistry.FilteredServiceListener::serviceChanged@71 (line 116)
  0x0000026c802dc0ec: 3084 3407 

  0x0000026c802dc0f0: ;   {metadata(NULL)}
  0x0000026c802dc0f0: 48ba 0000 | 0000 0000 | 0000 b800 

  0x0000026c802dc0fc: ;   {runtime_call load_klass_patching Runtime1 stub}
  0x0000026c802dc0fc: 0f05 0ae8 

  0x0000026c802dc100: ; ImmutableOopMap {[112]=Oop [120]=Oop rbx=Oop [104]=Oop }
                      ;*new {reexecute=1 rethrow=0 return_oop=0}
                      ; - (reexecute) org.eclipse.osgi.internal.serviceregistry.FilteredServiceListener::serviceChanged@77 (line 117)
  0x0000026c802dc100: fccf 3407 | e997 e0ff | ff48 8bd2 

  0x0000026c802dc10c: ;   {runtime_call fast_new_instance Runtime1 stub}
  0x0000026c802dc10c: e8ef 8e34 

  0x0000026c802dc110: ; ImmutableOopMap {[112]=Oop [120]=Oop rbx=Oop [104]=Oop }
                      ;*new {reexecute=0 rethrow=0 return_oop=0}
                      ; - org.eclipse.osgi.internal.serviceregistry.FilteredServiceListener::serviceChanged@77 (line 117)
  0x0000026c802dc110: 07e9 d1e0 

  0x0000026c802dc114: ;   {runtime_call throw_null_pointer_exception Runtime1 stub}
  0x0000026c802dc114: ffff e805 

  0x0000026c802dc118: ; ImmutableOopMap {[112]=Oop [120]=Oop rbx=Oop [104]=Oop rax=Oop rdx=Oop }
                      ;*invokevirtual getName {reexecute=0 rethrow=0 return_oop=0}
                      ; - org.eclipse.osgi.internal.serviceregistry.FilteredServiceListener::serviceChanged@85 (line 117)
                      ;   {metadata({method} {0x0000026cf90134f0} 'getName' '()Ljava/lang/String;' in 'java/lang/Class')}
  0x0000026c802dc118: 8434 0749 | bae8 3401 | f96c 0200 | 004c 8954 | 2408 48c7 | 0424 ffff 

  0x0000026c802dc130: ;   {runtime_call counter_overflow Runtime1 stub}
  0x0000026c802dc130: ffff e849 

  0x0000026c802dc134: ; ImmutableOopMap {[112]=Oop [120]=Oop rbx=Oop [104]=Oop rax=Oop rdx=Oop }
                      ;*synchronization entry
                      ; - java.lang.Class::getName@-1
                      ; - org.eclipse.osgi.internal.serviceregistry.FilteredServiceListener::serviceChanged@85 (line 117)
  0x0000026c802dc134: e634 07e9 | 0ee1 ffff 

  0x0000026c802dc13c: ;   {metadata({method} {0x0000026cf900b990} 'valueOf' '(Ljava/lang/Object;)Ljava/lang/String;' in 'java/lang/String')}
  0x0000026c802dc13c: 49ba 88b9 | 00f9 6c02 | 0000 4c89 | 5424 0848 | c704 24ff 

  0x0000026c802dc150: ;   {runtime_call counter_overflow Runtime1 stub}
  0x0000026c802dc150: ffff ffe8 

  0x0000026c802dc154: ; ImmutableOopMap {[112]=Oop [120]=Oop [128]=Oop [104]=Oop rsi=Oop }
                      ;*synchronization entry
                      ; - java.lang.String::valueOf@-1
                      ; - org.eclipse.osgi.internal.serviceregistry.FilteredServiceListener::serviceChanged@88 (line 117)
  0x0000026c802dc154: 28e6 3407 | e9ac e1ff 

  0x0000026c802dc15c: ;   {runtime_call throw_null_pointer_exception Runtime1 stub}
  0x0000026c802dc15c: ffe8 be83 

  0x0000026c802dc160: ; ImmutableOopMap {[112]=Oop [120]=Oop [128]=Oop [104]=Oop rsi=Oop }
                      ;*invokevirtual toString {reexecute=0 rethrow=0 return_oop=0}
                      ; - java.lang.String::valueOf@11
                      ; - org.eclipse.osgi.internal.serviceregistry.FilteredServiceListener::serviceChanged@88 (line 117)
                      ;   {metadata({method} {0x0000026cf909a228} '<init>' '(Ljava/lang/String;)V' in 'java/lang/StringBuilder')}
  0x0000026c802dc160: 3407 49ba | 20a2 09f9 | 6c02 0000 | 4c89 5424 | 0848 c704 | 24ff ffff 

  0x0000026c802dc178: ;   {runtime_call counter_overflow Runtime1 stub}
  0x0000026c802dc178: ffe8 02e6 

  0x0000026c802dc17c: ; ImmutableOopMap {[112]=Oop [120]=Oop [128]=Oop [104]=Oop rsi=Oop }
                      ;*synchronization entry
                      ; - java.lang.StringBuilder::<init>@-1
                      ; - org.eclipse.osgi.internal.serviceregistry.FilteredServiceListener::serviceChanged@91 (line 117)
  0x0000026c802dc17c: 3407 e9d0 

  0x0000026c802dc180: ;   {metadata({method} {0x0000026cf909a488} 'append' '(Ljava/lang/String;)Ljava/lang/StringBuilder;' in 'java/lang/StringBuilder')}
  0x0000026c802dc180: e2ff ff49 | ba80 a409 | f96c 0200 | 004c 8954 | 2408 48c7 | 0424 ffff 

  0x0000026c802dc198: ;   {runtime_call counter_overflow Runtime1 stub}
  0x0000026c802dc198: ffff e8e1 

  0x0000026c802dc19c: ; ImmutableOopMap {[112]=Oop [120]=Oop [128]=Oop [104]=Oop }
                      ;*synchronization entry
                      ; - java.lang.StringBuilder::append@-1
                      ; - org.eclipse.osgi.internal.serviceregistry.FilteredServiceListener::serviceChanged@96 (line 117)
  0x0000026c802dc19c: e534 07e9 | 24e3 ffff 

  0x0000026c802dc1a4: ;   {metadata({method} {0x0000026cf90f4560} 'toHexString' '(I)Ljava/lang/String;' in 'java/lang/Integer')}
  0x0000026c802dc1a4: 49ba 5845 | 0ff9 6c02 | 0000 4c89 | 5424 0848 | c704 24ff 

  0x0000026c802dc1b8: ;   {runtime_call counter_overflow Runtime1 stub}
  0x0000026c802dc1b8: ffff ffe8 

  0x0000026c802dc1bc: ; ImmutableOopMap {[112]=Oop [120]=Oop [128]=Oop [104]=Oop }
                      ;*synchronization entry
                      ; - java.lang.Integer::toHexString@-1
                      ; - org.eclipse.osgi.internal.serviceregistry.FilteredServiceListener::serviceChanged@103 (line 117)
  0x0000026c802dc1bc: c0e5 3407 | e996 e3ff 

  0x0000026c802dc1c4: ;   {metadata({method} {0x0000026cf909a488} 'append' '(Ljava/lang/String;)Ljava/lang/StringBuilder;' in 'java/lang/StringBuilder')}
  0x0000026c802dc1c4: ff49 ba80 | a409 f96c | 0200 004c | 8954 2408 | 48c7 0424 | ffff ffff 

  0x0000026c802dc1dc: ;   {runtime_call counter_overflow Runtime1 stub}
  0x0000026c802dc1dc: e89f e534 

  0x0000026c802dc1e0: ; ImmutableOopMap {[112]=Oop [120]=Oop [128]=Oop [104]=Oop rax=Oop }
                      ;*synchronization entry
                      ; - java.lang.StringBuilder::append@-1
                      ; - org.eclipse.osgi.internal.serviceregistry.FilteredServiceListener::serviceChanged@106 (line 117)
  0x0000026c802dc1e0: 07e9 dae3 

  0x0000026c802dc1e4: ;   {metadata({method} {0x0000026cf909b800} 'toString' '()Ljava/lang/String;' in 'java/lang/StringBuilder')}
  0x0000026c802dc1e4: ffff 49ba | f8b7 09f9 | 6c02 0000 | 4c89 5424 | 0848 c704 | 24ff ffff 

  0x0000026c802dc1fc: ;   {runtime_call counter_overflow Runtime1 stub}
  0x0000026c802dc1fc: ffe8 7ee5 

  0x0000026c802dc200: ; ImmutableOopMap {[112]=Oop [120]=Oop [128]=Oop [104]=Oop }
                      ;*synchronization entry
                      ; - java.lang.StringBuilder::toString@-1
                      ; - org.eclipse.osgi.internal.serviceregistry.FilteredServiceListener::serviceChanged@109 (line 117)
  0x0000026c802dc200: 3407 e92c 

  0x0000026c802dc204: ;   {metadata({method} {0x0000026cf9098288} 'isLatin1' '()Z' in 'java/lang/AbstractStringBuilder')}
  0x0000026c802dc204: e4ff ff49 | ba80 8209 | f96c 0200 | 004c 8954 | 2408 48c7 | 0424 ffff 

  0x0000026c802dc21c: ;   {runtime_call counter_overflow Runtime1 stub}
  0x0000026c802dc21c: ffff e85d 

  0x0000026c802dc220: ; ImmutableOopMap {[112]=Oop [120]=Oop [128]=Oop [104]=Oop }
                      ;*synchronization entry
                      ; - java.lang.AbstractStringBuilder::isLatin1@-1
                      ; - java.lang.StringBuilder::toString@1
                      ; - org.eclipse.osgi.internal.serviceregistry.FilteredServiceListener::serviceChanged@109 (line 117)
  0x0000026c802dc220: e534 07e9 | 52e4 ffff 

  0x0000026c802dc228: ;   {metadata(NULL)}
  0x0000026c802dc228: 48ba 0000 | 0000 0000 | 0000 b800 

  0x0000026c802dc234: ;   {runtime_call load_klass_patching Runtime1 stub}
  0x0000026c802dc234: 0f05 0ae8 

  0x0000026c802dc238: ; ImmutableOopMap {[112]=Oop [120]=Oop [144]=Oop [104]=Oop }
                      ;*new {reexecute=1 rethrow=0 return_oop=0}
                      ; - (reexecute) org.eclipse.osgi.internal.serviceregistry.FilteredServiceListener::serviceChanged@113 (line 118)
  0x0000026c802dc238: c4ce 3407 | e95f e5ff | ff48 8bd2 

  0x0000026c802dc244: ;   {runtime_call fast_new_instance Runtime1 stub}
  0x0000026c802dc244: e8b7 8d34 

  0x0000026c802dc248: ; ImmutableOopMap {[112]=Oop [120]=Oop [104]=Oop [144]=Oop }
                      ;*new {reexecute=0 rethrow=0 return_oop=0}
                      ; - org.eclipse.osgi.internal.serviceregistry.FilteredServiceListener::serviceChanged@113 (line 118)
  0x0000026c802dc248: 07e9 99e5 

  0x0000026c802dc24c: ;   {metadata({method} {0x0000026cf909a228} '<init>' '(Ljava/lang/String;)V' in 'java/lang/StringBuilder')}
  0x0000026c802dc24c: ffff 49ba | 20a2 09f9 | 6c02 0000 | 4c89 5424 | 0848 c704 | 24ff ffff 

  0x0000026c802dc264: ;   {runtime_call counter_overflow Runtime1 stub}
  0x0000026c802dc264: ffe8 16e5 

  0x0000026c802dc268: ; ImmutableOopMap {[112]=Oop [120]=Oop [104]=Oop [144]=Oop rax=Oop }
                      ;*synchronization entry
                      ; - java.lang.StringBuilder::<init>@-1
                      ; - org.eclipse.osgi.internal.serviceregistry.FilteredServiceListener::serviceChanged@119 (line 118)
  0x0000026c802dc268: 3407 e9b7 

  0x0000026c802dc26c: ;   {metadata({method} {0x0000026cf909a488} 'append' '(Ljava/lang/String;)Ljava/lang/StringBuilder;' in 'java/lang/StringBuilder')}
  0x0000026c802dc26c: e5ff ff49 | ba80 a409 | f96c 0200 | 004c 8954 | 2408 48c7 | 0424 ffff 

  0x0000026c802dc284: ;   {runtime_call counter_overflow Runtime1 stub}
  0x0000026c802dc284: ffff e8f5 

  0x0000026c802dc288: ; ImmutableOopMap {[112]=Oop [120]=Oop [104]=Oop [136]=Oop [144]=Oop }
                      ;*synchronization entry
                      ; - java.lang.StringBuilder::append@-1
                      ; - org.eclipse.osgi.internal.serviceregistry.FilteredServiceListener::serviceChanged@123 (line 118)
  0x0000026c802dc288: e434 07e9 | 10e6 ffff 

  0x0000026c802dc290: ;   {metadata({method} {0x0000026cf909a488} 'append' '(Ljava/lang/String;)Ljava/lang/StringBuilder;' in 'java/lang/StringBuilder')}
  0x0000026c802dc290: 49ba 80a4 | 09f9 6c02 | 0000 4c89 | 5424 0848 | c704 24ff 

  0x0000026c802dc2a4: ;   {runtime_call counter_overflow Runtime1 stub}
  0x0000026c802dc2a4: ffff ffe8 

  0x0000026c802dc2a8: ; ImmutableOopMap {[112]=Oop [120]=Oop [104]=Oop [136]=Oop }
                      ;*synchronization entry
                      ; - java.lang.StringBuilder::append@-1
                      ; - org.eclipse.osgi.internal.serviceregistry.FilteredServiceListener::serviceChanged@128 (line 118)
  0x0000026c802dc2a8: d4e4 3407 | e967 e6ff 

  0x0000026c802dc2b0: ;   {metadata({method} {0x0000026cf9c2c6c8} 'getFilter' '()Ljava/lang/String;' in 'org/eclipse/osgi/internal/serviceregistry/FilteredServiceListener')}
  0x0000026c802dc2b0: ff49 bac0 | c6c2 f96c | 0200 004c | 8954 2408 | 48c7 0424 | ffff ffff 

  0x0000026c802dc2c8: ;   {runtime_call counter_overflow Runtime1 stub}
  0x0000026c802dc2c8: e8b3 e434 

  0x0000026c802dc2cc: ; ImmutableOopMap {[112]=Oop [120]=Oop [104]=Oop [136]=Oop }
                      ;*synchronization entry
                      ; - org.eclipse.osgi.internal.serviceregistry.FilteredServiceListener::getFilter@-1 (line 201)
                      ; - org.eclipse.osgi.internal.serviceregistry.FilteredServiceListener::serviceChanged@132 (line 118)
  0x0000026c802dc2cc: 07e9 cae6 

  0x0000026c802dc2d0: ;   {runtime_call throw_null_pointer_exception Runtime1 stub}
  0x0000026c802dc2d0: ffff e849 

  0x0000026c802dc2d4: ; ImmutableOopMap {[112]=Oop [120]=Oop [136]=Oop rsi=Oop [104]=Oop }
                      ;*invokevirtual toString {reexecute=0 rethrow=0 return_oop=0}
                      ; - org.eclipse.osgi.internal.serviceregistry.FilteredServiceListener::getFilter@11 (line 202)
                      ; - org.eclipse.osgi.internal.serviceregistry.FilteredServiceListener::serviceChanged@132 (line 118)
                      ;   {metadata({method} {0x0000026cf9c2c8e0} 'getObjectClassFilterString' '(Ljava/lang/String;)Ljava/lang/String;' in 'org/eclipse/osgi/internal/serviceregistry/FilteredServiceListener')}
  0x0000026c802dc2d4: 8234 0749 | bad8 c8c2 | f96c 0200 | 004c 8954 | 2408 48c7 | 0424 ffff 

  0x0000026c802dc2ec: ;   {runtime_call counter_overflow Runtime1 stub}
  0x0000026c802dc2ec: ffff e88d 

  0x0000026c802dc2f0: ; ImmutableOopMap {[112]=Oop [120]=Oop [136]=Oop rdx=Oop [104]=Oop rbx=Oop }
                      ;*synchronization entry
                      ; - org.eclipse.osgi.internal.serviceregistry.FilteredServiceListener::getObjectClassFilterString@-1 (line 235)
                      ; - org.eclipse.osgi.internal.serviceregistry.FilteredServiceListener::getFilter@19 (line 204)
                      ; - org.eclipse.osgi.internal.serviceregistry.FilteredServiceListener::serviceChanged@132 (line 118)
  0x0000026c802dc2f0: e434 07e9 | c6e7 ffff 

  0x0000026c802dc2f8: ;   {metadata(NULL)}
  0x0000026c802dc2f8: 48ba 0000 | 0000 0000 | 0000 b800 

  0x0000026c802dc304: ;   {runtime_call load_klass_patching Runtime1 stub}
  0x0000026c802dc304: 0f05 0ae8 

  0x0000026c802dc308: ; ImmutableOopMap {[112]=Oop [120]=Oop [136]=Oop [160]=Oop [104]=Oop }
                      ;*new {reexecute=1 rethrow=0 return_oop=0}
                      ; - (reexecute) org.eclipse.osgi.internal.serviceregistry.FilteredServiceListener::getObjectClassFilterString@6 (line 238)
                      ; - org.eclipse.osgi.internal.serviceregistry.FilteredServiceListener::getFilter@19 (line 204)
                      ; - org.eclipse.osgi.internal.serviceregistry.FilteredServiceListener::serviceChanged@132 (line 118)
  0x0000026c802dc308: f4cd 3407 | e9ff e7ff | ff48 8bd2 

  0x0000026c802dc314: ;   {runtime_call fast_new_instance Runtime1 stub}
  0x0000026c802dc314: e8e7 8c34 

  0x0000026c802dc318: ; ImmutableOopMap {[112]=Oop [120]=Oop [136]=Oop [160]=Oop [104]=Oop }
                      ;*new {reexecute=0 rethrow=0 return_oop=0}
                      ; - org.eclipse.osgi.internal.serviceregistry.FilteredServiceListener::getObjectClassFilterString@6 (line 238)
                      ; - org.eclipse.osgi.internal.serviceregistry.FilteredServiceListener::getFilter@19 (line 204)
                      ; - org.eclipse.osgi.internal.serviceregistry.FilteredServiceListener::serviceChanged@132 (line 118)
  0x0000026c802dc318: 07e9 39e8 

  0x0000026c802dc31c: ;   {metadata({method} {0x0000026cf909a228} '<init>' '(Ljava/lang/String;)V' in 'java/lang/StringBuilder')}
  0x0000026c802dc31c: ffff 49ba | 20a2 09f9 | 6c02 0000 | 4c89 5424 | 0848 c704 | 24ff ffff 

  0x0000026c802dc334: ;   {runtime_call counter_overflow Runtime1 stub}
  0x0000026c802dc334: ffe8 46e4 

  0x0000026c802dc338: ; ImmutableOopMap {[112]=Oop [120]=Oop [136]=Oop [160]=Oop [104]=Oop rax=Oop }
                      ;*synchronization entry
                      ; - java.lang.StringBuilder::<init>@-1
                      ; - org.eclipse.osgi.internal.serviceregistry.FilteredServiceListener::getObjectClassFilterString@13 (line 238)
                      ; - org.eclipse.osgi.internal.serviceregistry.FilteredServiceListener::getFilter@19 (line 204)
                      ; - org.eclipse.osgi.internal.serviceregistry.FilteredServiceListener::serviceChanged@132 (line 118)
  0x0000026c802dc338: 3407 e957 

  0x0000026c802dc33c: ;   {metadata({method} {0x0000026cf909a488} 'append' '(Ljava/lang/String;)Ljava/lang/StringBuilder;' in 'java/lang/StringBuilder')}
  0x0000026c802dc33c: e8ff ff49 | ba80 a409 | f96c 0200 | 004c 8954 | 2408 48c7 | 0424 ffff 

  0x0000026c802dc354: ;   {runtime_call counter_overflow Runtime1 stub}
  0x0000026c802dc354: ffff e825 

  0x0000026c802dc358: ; ImmutableOopMap {[112]=Oop [120]=Oop [136]=Oop [160]=Oop [152]=Oop [104]=Oop }
                      ;*synchronization entry
                      ; - java.lang.StringBuilder::append@-1
                      ; - org.eclipse.osgi.internal.serviceregistry.FilteredServiceListener::getObjectClassFilterString@17 (line 238)
                      ; - org.eclipse.osgi.internal.serviceregistry.FilteredServiceListener::getFilter@19 (line 204)
                      ; - org.eclipse.osgi.internal.serviceregistry.FilteredServiceListener::serviceChanged@132 (line 118)
  0x0000026c802dc358: e434 07e9 | b0e8 ffff 

  0x0000026c802dc360: ;   {metadata({method} {0x0000026cf909a488} 'append' '(Ljava/lang/String;)Ljava/lang/StringBuilder;' in 'java/lang/StringBuilder')}
  0x0000026c802dc360: 49ba 80a4 | 09f9 6c02 | 0000 4c89 | 5424 0848 | c704 24ff 

  0x0000026c802dc374: ;   {runtime_call counter_overflow Runtime1 stub}
  0x0000026c802dc374: ffff ffe8 

  0x0000026c802dc378: ; ImmutableOopMap {[112]=Oop [120]=Oop [136]=Oop [152]=Oop [104]=Oop }
                      ;*synchronization entry
                      ; - java.lang.StringBuilder::append@-1
                      ; - org.eclipse.osgi.internal.serviceregistry.FilteredServiceListener::getObjectClassFilterString@22 (line 238)
                      ; - org.eclipse.osgi.internal.serviceregistry.FilteredServiceListener::getFilter@19 (line 204)
                      ; - org.eclipse.osgi.internal.serviceregistry.FilteredServiceListener::serviceChanged@132 (line 118)
  0x0000026c802dc378: 04e4 3407 | e907 e9ff 

  0x0000026c802dc380: ;   {metadata({method} {0x0000026cf909a488} 'append' '(Ljava/lang/String;)Ljava/lang/StringBuilder;' in 'java/lang/StringBuilder')}
  0x0000026c802dc380: ff49 ba80 | a409 f96c | 0200 004c | 8954 2408 | 48c7 0424 | ffff ffff 

  0x0000026c802dc398: ;   {runtime_call counter_overflow Runtime1 stub}
  0x0000026c802dc398: e8e3 e334 

  0x0000026c802dc39c: ; ImmutableOopMap {[120]=Oop [136]=Oop [104]=Oop rax=Oop [112]=Oop }
                      ;*synchronization entry
                      ; - java.lang.StringBuilder::append@-1
                      ; - org.eclipse.osgi.internal.serviceregistry.FilteredServiceListener::serviceChanged@135 (line 118)
  0x0000026c802dc39c: 07e9 8ce9 

  0x0000026c802dc3a0: ;   {metadata({method} {0x0000026cf909a488} 'append' '(Ljava/lang/String;)Ljava/lang/StringBuilder;' in 'java/lang/StringBuilder')}
  0x0000026c802dc3a0: ffff 49ba | 80a4 09f9 | 6c02 0000 | 4c89 5424 | 0848 c704 | 24ff ffff 

  0x0000026c802dc3b8: ;   {runtime_call counter_overflow Runtime1 stub}
  0x0000026c802dc3b8: ffe8 c2e3 

  0x0000026c802dc3bc: ; ImmutableOopMap {[120]=Oop [136]=Oop [104]=Oop [112]=Oop }
                      ;*synchronization entry
                      ; - java.lang.StringBuilder::append@-1
                      ; - org.eclipse.osgi.internal.serviceregistry.FilteredServiceListener::serviceChanged@140 (line 118)
  0x0000026c802dc3bc: 3407 e9dd 

  0x0000026c802dc3c0: ;   {runtime_call throw_null_pointer_exception Runtime1 stub}
  0x0000026c802dc3c0: e9ff ffe8 

  0x0000026c802dc3c4: ; ImmutableOopMap {[120]=Oop [136]=Oop [104]=Oop rsi=Oop [112]=Oop }
                      ;*invokevirtual getRegistration {reexecute=0 rethrow=0 return_oop=0}
                      ; - org.eclipse.osgi.internal.serviceregistry.FilteredServiceListener::serviceChanged@144 (line 119)
  0x0000026c802dc3c4: 5881 3407 

  0x0000026c802dc3c8: ;   {runtime_call throw_null_pointer_exception Runtime1 stub}
  0x0000026c802dc3c8: e853 8134 

  0x0000026c802dc3cc: ; ImmutableOopMap {[120]=Oop [136]=Oop [104]=Oop rsi=Oop [112]=Oop rdx=Oop }
                      ;*invokevirtual getProperties {reexecute=0 rethrow=0 return_oop=0}
                      ; - org.eclipse.osgi.internal.serviceregistry.FilteredServiceListener::serviceChanged@147 (line 119)
                      ;   {metadata({method} {0x0000026cf9ae91b0} 'getProperties' '()Ljava/util/Map;' in 'org/eclipse/osgi/internal/serviceregistry/ServiceRegistrationImpl')}
  0x0000026c802dc3cc: 0749 baa8 | 91ae f96c | 0200 004c | 8954 2408 | 48c7 0424 | ffff ffff 

  0x0000026c802dc3e4: ;   {runtime_call counter_overflow Runtime1 stub}
  0x0000026c802dc3e4: e897 e334 

  0x0000026c802dc3e8: ; ImmutableOopMap {[120]=Oop [136]=Oop [104]=Oop rsi=Oop [112]=Oop rdx=Oop }
                      ;*synchronization entry
                      ; - org.eclipse.osgi.internal.serviceregistry.ServiceRegistrationImpl::getProperties@-1 (line 392)
                      ; - org.eclipse.osgi.internal.serviceregistry.FilteredServiceListener::serviceChanged@147 (line 119)
  0x0000026c802dc3e8: 07e9 d2ea 

  0x0000026c802dc3ec: ;   {runtime_call throw_null_pointer_exception Runtime1 stub}
  0x0000026c802dc3ec: ffff e82d 

  0x0000026c802dc3f0: ; ImmutableOopMap {[120]=Oop [136]=Oop [104]=Oop rsi=Oop [112]=Oop rdx=Oop rdi=Oop }
                      ;*monitorenter {reexecute=0 rethrow=0 return_oop=0}
                      ; - org.eclipse.osgi.internal.serviceregistry.ServiceRegistrationImpl::getProperties@6 (line 392)
                      ; - org.eclipse.osgi.internal.serviceregistry.FilteredServiceListener::serviceChanged@147 (line 119)
  0x0000026c802dc3f0: 8134 0748 | 897c 2408 | 4889 1c24 

  0x0000026c802dc3fc: ;   {runtime_call monitorenter_nofpu Runtime1 stub}
  0x0000026c802dc3fc: e87f b934 

  0x0000026c802dc400: ; ImmutableOopMap {[120]=Oop [136]=Oop [104]=Oop rsi=Oop [112]=Oop rdx=Oop rdi=Oop [208]=Oop }
                      ;*monitorenter {reexecute=0 rethrow=0 return_oop=0}
                      ; - org.eclipse.osgi.internal.serviceregistry.ServiceRegistrationImpl::getProperties@6 (line 392)
                      ; - org.eclipse.osgi.internal.serviceregistry.FilteredServiceListener::serviceChanged@147 (line 119)
  0x0000026c802dc400: 07e9 f1ea | ffff 488d | 8424 c800 | 0000 4889 

  0x0000026c802dc410: ;   {runtime_call monitorexit_nofpu Runtime1 stub}
  0x0000026c802dc410: 0424 e8e9 | bf34 07e9 | 01eb ffff 

  0x0000026c802dc41c: ;   {metadata({method} {0x0000026cf909a3f0} 'append' '(Ljava/lang/Object;)Ljava/lang/StringBuilder;' in 'java/lang/StringBuilder')}
  0x0000026c802dc41c: 49ba e8a3 | 09f9 6c02 | 0000 4c89 | 5424 0848 | c704 24ff 

  0x0000026c802dc430: ;   {runtime_call counter_overflow Runtime1 stub}
  0x0000026c802dc430: ffff ffe8 

  0x0000026c802dc434: ; ImmutableOopMap {[120]=Oop [136]=Oop [104]=Oop rsi=Oop [112]=Oop rdx=Oop }
                      ;*synchronization entry
                      ; - java.lang.StringBuilder::append@-1
                      ; - org.eclipse.osgi.internal.serviceregistry.FilteredServiceListener::serviceChanged@150 (line 119)
  0x0000026c802dc434: 48e3 3407 | e922 ebff 

  0x0000026c802dc43c: ;   {metadata({method} {0x0000026cf900b990} 'valueOf' '(Ljava/lang/Object;)Ljava/lang/String;' in 'java/lang/String')}
  0x0000026c802dc43c: ff49 ba88 | b900 f96c | 0200 004c | 8954 2408 | 48c7 0424 | ffff ffff 

  0x0000026c802dc454: ;   {runtime_call counter_overflow Runtime1 stub}
  0x0000026c802dc454: e827 e334 

  0x0000026c802dc458: ; ImmutableOopMap {[120]=Oop [136]=Oop [104]=Oop rsi=Oop [112]=Oop rdx=Oop }
                      ;*synchronization entry
                      ; - java.lang.String::valueOf@-1
                      ; - java.lang.StringBuilder::append@2
                      ; - org.eclipse.osgi.internal.serviceregistry.FilteredServiceListener::serviceChanged@150 (line 119)
  0x0000026c802dc458: 07e9 3beb 

  0x0000026c802dc45c: ;   {runtime_call throw_null_pointer_exception Runtime1 stub}
  0x0000026c802dc45c: ffff e8bd 

  0x0000026c802dc460: ; ImmutableOopMap {[120]=Oop [136]=Oop [104]=Oop [112]=Oop rdx=Oop }
                      ;*invokevirtual toString {reexecute=0 rethrow=0 return_oop=0}
                      ; - java.lang.String::valueOf@11
                      ; - java.lang.StringBuilder::append@2
                      ; - org.eclipse.osgi.internal.serviceregistry.FilteredServiceListener::serviceChanged@150 (line 119)
                      ;   {metadata({method} {0x0000026cf909a488} 'append' '(Ljava/lang/String;)Ljava/lang/StringBuilder;' in 'java/lang/StringBuilder')}
  0x0000026c802dc460: 8034 0749 | ba80 a409 | f96c 0200 | 004c 8954 | 2408 48c7 | 0424 ffff 

  0x0000026c802dc478: ;   {runtime_call counter_overflow Runtime1 stub}
  0x0000026c802dc478: ffff e801 

  0x0000026c802dc47c: ; ImmutableOopMap {[120]=Oop [136]=Oop [104]=Oop [112]=Oop rdi=Oop }
                      ;*synchronization entry
                      ; - java.lang.StringBuilder::append@-1
                      ; - java.lang.StringBuilder::append@5
                      ; - org.eclipse.osgi.internal.serviceregistry.FilteredServiceListener::serviceChanged@150 (line 119)
  0x0000026c802dc47c: e334 07e9 | 57ec ffff 

  0x0000026c802dc484: ;   {metadata({method} {0x0000026cf909a488} 'append' '(Ljava/lang/String;)Ljava/lang/StringBuilder;' in 'java/lang/StringBuilder')}
  0x0000026c802dc484: 49ba 80a4 | 09f9 6c02 | 0000 4c89 | 5424 0848 | c704 24ff 

  0x0000026c802dc498: ;   {runtime_call counter_overflow Runtime1 stub}
  0x0000026c802dc498: ffff ffe8 

  0x0000026c802dc49c: ; ImmutableOopMap {[120]=Oop [136]=Oop [104]=Oop [112]=Oop }
                      ;*synchronization entry
                      ; - java.lang.StringBuilder::append@-1
                      ; - org.eclipse.osgi.internal.serviceregistry.FilteredServiceListener::serviceChanged@155 (line 119)
  0x0000026c802dc49c: e0e2 3407 | e9ab ecff 

  0x0000026c802dc4a4: ;   {metadata({method} {0x0000026cf909b800} 'toString' '()Ljava/lang/String;' in 'java/lang/StringBuilder')}
  0x0000026c802dc4a4: ff49 baf8 | b709 f96c | 0200 004c | 8954 2408 | 48c7 0424 | ffff ffff 

  0x0000026c802dc4bc: ;   {runtime_call counter_overflow Runtime1 stub}
  0x0000026c802dc4bc: e8bf e234 

  0x0000026c802dc4c0: ; ImmutableOopMap {[120]=Oop [136]=Oop [104]=Oop [112]=Oop }
                      ;*synchronization entry
                      ; - java.lang.StringBuilder::toString@-1
                      ; - org.eclipse.osgi.internal.serviceregistry.FilteredServiceListener::serviceChanged@158 (line 118)
  0x0000026c802dc4c0: 07e9 05ed 

  0x0000026c802dc4c4: ;   {metadata({method} {0x0000026cf9098288} 'isLatin1' '()Z' in 'java/lang/AbstractStringBuilder')}
  0x0000026c802dc4c4: ffff 49ba | 8082 09f9 | 6c02 0000 | 4c89 5424 | 0848 c704 | 24ff ffff 

  0x0000026c802dc4dc: ;   {runtime_call counter_overflow Runtime1 stub}
  0x0000026c802dc4dc: ffe8 9ee2 

  0x0000026c802dc4e0: ; ImmutableOopMap {[120]=Oop [136]=Oop [104]=Oop [112]=Oop }
                      ;*synchronization entry
                      ; - java.lang.AbstractStringBuilder::isLatin1@-1
                      ; - java.lang.StringBuilder::toString@1
                      ; - org.eclipse.osgi.internal.serviceregistry.FilteredServiceListener::serviceChanged@158 (line 118)
  0x0000026c802dc4e0: 3407 e92b 

  0x0000026c802dc4e4: ;   {metadata({method} {0x0000026cf9869150} 'println' '(Ljava/lang/String;)V' in 'org/eclipse/osgi/internal/debug/Debug')}
  0x0000026c802dc4e4: edff ff49 | ba48 9186 | f96c 0200 | 004c 8954 | 2408 48c7 | 0424 ffff 

  0x0000026c802dc4fc: ;   {runtime_call counter_overflow Runtime1 stub}
  0x0000026c802dc4fc: ffff e87d 

  0x0000026c802dc500: ; ImmutableOopMap {[120]=Oop [104]=Oop [112]=Oop rax=Oop }
                      ;*synchronization entry
                      ; - org.eclipse.osgi.internal.debug.Debug::println@-1 (line 358)
                      ; - org.eclipse.osgi.internal.serviceregistry.FilteredServiceListener::serviceChanged@161 (line 118)
  0x0000026c802dc500: e234 07e9 | 60ee ffff 

  0x0000026c802dc508: ;   {runtime_call throw_null_pointer_exception Runtime1 stub}
  0x0000026c802dc508: e813 8034 

  0x0000026c802dc50c: ; ImmutableOopMap {[120]=Oop [104]=Oop [112]=Oop rax=Oop rdx=Oop }
                      ;*invokevirtual println {reexecute=0 rethrow=0 return_oop=0}
                      ; - org.eclipse.osgi.internal.debug.Debug::println@4 (line 358)
                      ; - org.eclipse.osgi.internal.serviceregistry.FilteredServiceListener::serviceChanged@161 (line 118)
                      ;   {runtime_call throw_null_pointer_exception Runtime1 stub}
  0x0000026c802dc50c: 07e8 0e80 

  0x0000026c802dc510: ; ImmutableOopMap {rdx=Oop [104]=Oop [168]=Oop }
                      ;*getfield DEBUG_EVENTS {reexecute=1 rethrow=0 return_oop=0}
                      ; - (reexecute) org.eclipse.osgi.internal.serviceregistry.FilteredServiceListener::serviceChanged@201 (line 127)
                      ;   {metadata(NULL)}
  0x0000026c802dc510: 3407 48ba | 0000 0000 | 0000 0000 | b800 0f05 

  0x0000026c802dc520: ;   {runtime_call load_klass_patching Runtime1 stub}
  0x0000026c802dc520: 0ae8 dacb 

  0x0000026c802dc524: ; ImmutableOopMap {[168]=Oop rbx=Oop [104]=Oop }
                      ;*new {reexecute=1 rethrow=0 return_oop=0}
                      ; - (reexecute) org.eclipse.osgi.internal.serviceregistry.FilteredServiceListener::serviceChanged@207 (line 128)
  0x0000026c802dc524: 3407 e9f5 | efff ff48 

  0x0000026c802dc52c: ;   {runtime_call fast_new_instance Runtime1 stub}
  0x0000026c802dc52c: 8bd2 e8cd 

  0x0000026c802dc530: ; ImmutableOopMap {[168]=Oop rbx=Oop [104]=Oop }
                      ;*new {reexecute=0 rethrow=0 return_oop=0}
                      ; - org.eclipse.osgi.internal.serviceregistry.FilteredServiceListener::serviceChanged@207 (line 128)
  0x0000026c802dc530: 8a34 07e9 | 2ff0 ffff 

  0x0000026c802dc538: ;   {runtime_call throw_null_pointer_exception Runtime1 stub}
  0x0000026c802dc538: e8e3 7f34 

  0x0000026c802dc53c: ; ImmutableOopMap {[168]=Oop rbx=Oop [104]=Oop rax=Oop rdx=Oop }
                      ;*invokevirtual getClass {reexecute=0 rethrow=0 return_oop=0}
                      ; - org.eclipse.osgi.internal.serviceregistry.FilteredServiceListener::serviceChanged@215 (line 128)
                      ;   {runtime_call throw_null_pointer_exception Runtime1 stub}
  0x0000026c802dc53c: 07e8 de7f 

  0x0000026c802dc540: ; ImmutableOopMap {[168]=Oop rbx=Oop [104]=Oop rax=Oop rdx=Oop }
                      ;*invokevirtual getName {reexecute=0 rethrow=0 return_oop=0}
                      ; - org.eclipse.osgi.internal.serviceregistry.FilteredServiceListener::serviceChanged@218 (line 128)
                      ;   {metadata({method} {0x0000026cf90134f0} 'getName' '()Ljava/lang/String;' in 'java/lang/Class')}
  0x0000026c802dc540: 3407 49ba | e834 01f9 | 6c02 0000 | 4c89 5424 | 0848 c704 | 24ff ffff 

  0x0000026c802dc558: ;   {runtime_call counter_overflow Runtime1 stub}
  0x0000026c802dc558: ffe8 22e2 

  0x0000026c802dc55c: ; ImmutableOopMap {[168]=Oop rbx=Oop [104]=Oop rax=Oop rdx=Oop }
                      ;*synchronization entry
                      ; - java.lang.Class::getName@-1
                      ; - org.eclipse.osgi.internal.serviceregistry.FilteredServiceListener::serviceChanged@218 (line 128)
  0x0000026c802dc55c: 3407 e96d 

  0x0000026c802dc560: ;   {metadata({method} {0x0000026cf900b990} 'valueOf' '(Ljava/lang/Object;)Ljava/lang/String;' in 'java/lang/String')}
  0x0000026c802dc560: f0ff ff49 | ba88 b900 | f96c 0200 | 004c 8954 | 2408 48c7 | 0424 ffff 

  0x0000026c802dc578: ;   {runtime_call counter_overflow Runtime1 stub}
  0x0000026c802dc578: ffff e801 

  0x0000026c802dc57c: ; ImmutableOopMap {[168]=Oop [104]=Oop [176]=Oop rsi=Oop }
                      ;*synchronization entry
                      ; - java.lang.String::valueOf@-1
                      ; - org.eclipse.osgi.internal.serviceregistry.FilteredServiceListener::serviceChanged@221 (line 128)
  0x0000026c802dc57c: e234 07e9 | 05f1 ffff 

  0x0000026c802dc584: ;   {runtime_call throw_null_pointer_exception Runtime1 stub}
  0x0000026c802dc584: e897 7f34 

  0x0000026c802dc588: ; ImmutableOopMap {[168]=Oop [104]=Oop [176]=Oop rsi=Oop }
                      ;*invokevirtual toString {reexecute=0 rethrow=0 return_oop=0}
                      ; - java.lang.String::valueOf@11
                      ; - org.eclipse.osgi.internal.serviceregistry.FilteredServiceListener::serviceChanged@221 (line 128)
                      ;   {metadata({method} {0x0000026cf909a228} '<init>' '(Ljava/lang/String;)V' in 'java/lang/StringBuilder')}
  0x0000026c802dc588: 0749 ba20 | a209 f96c | 0200 004c | 8954 2408 | 48c7 0424 | ffff ffff 

  0x0000026c802dc5a0: ;   {runtime_call counter_overflow Runtime1 stub}
  0x0000026c802dc5a0: e8db e134 

  0x0000026c802dc5a4: ; ImmutableOopMap {[168]=Oop [176]=Oop rsi=Oop [104]=Oop }
                      ;*synchronization entry
                      ; - java.lang.StringBuilder::<init>@-1
                      ; - org.eclipse.osgi.internal.serviceregistry.FilteredServiceListener::serviceChanged@224 (line 128)
  0x0000026c802dc5a4: 07e9 29f2 

  0x0000026c802dc5a8: ;   {metadata({method} {0x0000026cf909a488} 'append' '(Ljava/lang/String;)Ljava/lang/StringBuilder;' in 'java/lang/StringBuilder')}
  0x0000026c802dc5a8: ffff 49ba | 80a4 09f9 | 6c02 0000 | 4c89 5424 | 0848 c704 | 24ff ffff 

  0x0000026c802dc5c0: ;   {runtime_call counter_overflow Runtime1 stub}
  0x0000026c802dc5c0: ffe8 bae1 

  0x0000026c802dc5c4: ; ImmutableOopMap {[168]=Oop [176]=Oop [104]=Oop }
                      ;*synchronization entry
                      ; - java.lang.StringBuilder::append@-1
                      ; - org.eclipse.osgi.internal.serviceregistry.FilteredServiceListener::serviceChanged@229 (line 128)
  0x0000026c802dc5c4: 3407 e97d 

  0x0000026c802dc5c8: ;   {metadata({method} {0x0000026cf90f4560} 'toHexString' '(I)Ljava/lang/String;' in 'java/lang/Integer')}
  0x0000026c802dc5c8: f2ff ff49 | ba58 450f | f96c 0200 | 004c 8954 | 2408 48c7 | 0424 ffff 

  0x0000026c802dc5e0: ;   {runtime_call counter_overflow Runtime1 stub}
  0x0000026c802dc5e0: ffff e899 

  0x0000026c802dc5e4: ; ImmutableOopMap {[168]=Oop [176]=Oop [104]=Oop }
                      ;*synchronization entry
                      ; - java.lang.Integer::toHexString@-1
                      ; - org.eclipse.osgi.internal.serviceregistry.FilteredServiceListener::serviceChanged@239 (line 129)
  0x0000026c802dc5e4: e134 07e9 | f7f2 ffff 

  0x0000026c802dc5ec: ;   {metadata({method} {0x0000026cf909a488} 'append' '(Ljava/lang/String;)Ljava/lang/StringBuilder;' in 'java/lang/StringBuilder')}
  0x0000026c802dc5ec: 49ba 80a4 | 09f9 6c02 | 0000 4c89 | 5424 0848 | c704 24ff 

  0x0000026c802dc600: ;   {runtime_call counter_overflow Runtime1 stub}
  0x0000026c802dc600: ffff ffe8 

  0x0000026c802dc604: ; ImmutableOopMap {[168]=Oop [176]=Oop [104]=Oop rax=Oop }
                      ;*synchronization entry
                      ; - java.lang.StringBuilder::append@-1
                      ; - org.eclipse.osgi.internal.serviceregistry.FilteredServiceListener::serviceChanged@242 (line 129)
  0x0000026c802dc604: 78e1 3407 | e93b f3ff 

  0x0000026c802dc60c: ;   {metadata({method} {0x0000026cf909b800} 'toString' '()Ljava/lang/String;' in 'java/lang/StringBuilder')}
  0x0000026c802dc60c: ff49 baf8 | b709 f96c | 0200 004c | 8954 2408 | 48c7 0424 | ffff ffff 

  0x0000026c802dc624: ;   {runtime_call counter_overflow Runtime1 stub}
  0x0000026c802dc624: e857 e134 

  0x0000026c802dc628: ; ImmutableOopMap {[168]=Oop [176]=Oop [104]=Oop }
                      ;*synchronization entry
                      ; - java.lang.StringBuilder::toString@-1
                      ; - org.eclipse.osgi.internal.serviceregistry.FilteredServiceListener::serviceChanged@245 (line 128)
  0x0000026c802dc628: 07e9 8df3 

  0x0000026c802dc62c: ;   {metadata({method} {0x0000026cf9098288} 'isLatin1' '()Z' in 'java/lang/AbstractStringBuilder')}
  0x0000026c802dc62c: ffff 49ba | 8082 09f9 | 6c02 0000 | 4c89 5424 | 0848 c704 | 24ff ffff 

  0x0000026c802dc644: ;   {runtime_call counter_overflow Runtime1 stub}
  0x0000026c802dc644: ffe8 36e1 

  0x0000026c802dc648: ; ImmutableOopMap {[168]=Oop [176]=Oop [104]=Oop }
                      ;*synchronization entry
                      ; - java.lang.AbstractStringBuilder::isLatin1@-1
                      ; - java.lang.StringBuilder::toString@1
                      ; - org.eclipse.osgi.internal.serviceregistry.FilteredServiceListener::serviceChanged@245 (line 128)
  0x0000026c802dc648: 3407 e9b3 

  0x0000026c802dc64c: ;   {metadata(NULL)}
  0x0000026c802dc64c: f3ff ff48 | ba00 0000 | 0000 0000 | 00b8 000f 

  0x0000026c802dc65c: ;   {runtime_call load_klass_patching Runtime1 stub}
  0x0000026c802dc65c: 050a e89d 

  0x0000026c802dc660: ; ImmutableOopMap {[168]=Oop [104]=Oop [192]=Oop }
                      ;*new {reexecute=1 rethrow=0 return_oop=0}
                      ; - (reexecute) org.eclipse.osgi.internal.serviceregistry.FilteredServiceListener::serviceChanged@249 (line 130)
  0x0000026c802dc660: ca34 07e9 | c0f4 ffff 

  0x0000026c802dc668: ;   {runtime_call fast_new_instance Runtime1 stub}
  0x0000026c802dc668: 488b d2e8 

  0x0000026c802dc66c: ; ImmutableOopMap {[168]=Oop [104]=Oop [192]=Oop }
                      ;*new {reexecute=0 rethrow=0 return_oop=0}
                      ; - org.eclipse.osgi.internal.serviceregistry.FilteredServiceListener::serviceChanged@249 (line 130)
  0x0000026c802dc66c: 9089 3407 | e9fa f4ff 

  0x0000026c802dc674: ;   {metadata({method} {0x0000026cf909a228} '<init>' '(Ljava/lang/String;)V' in 'java/lang/StringBuilder')}
  0x0000026c802dc674: ff49 ba20 | a209 f96c | 0200 004c | 8954 2408 | 48c7 0424 | ffff ffff 

  0x0000026c802dc68c: ;   {runtime_call counter_overflow Runtime1 stub}
  0x0000026c802dc68c: e8ef e034 

  0x0000026c802dc690: ; ImmutableOopMap {[168]=Oop [104]=Oop [192]=Oop rax=Oop }
                      ;*synchronization entry
                      ; - java.lang.StringBuilder::<init>@-1
                      ; - org.eclipse.osgi.internal.serviceregistry.FilteredServiceListener::serviceChanged@255 (line 130)
  0x0000026c802dc690: 07e9 18f5 

  0x0000026c802dc694: ;   {metadata({method} {0x0000026cf909a488} 'append' '(Ljava/lang/String;)Ljava/lang/StringBuilder;' in 'java/lang/StringBuilder')}
  0x0000026c802dc694: ffff 49ba | 80a4 09f9 | 6c02 0000 | 4c89 5424 | 0848 c704 | 24ff ffff 

  0x0000026c802dc6ac: ;   {runtime_call counter_overflow Runtime1 stub}
  0x0000026c802dc6ac: ffe8 cee0 

  0x0000026c802dc6b0: ; ImmutableOopMap {[168]=Oop [104]=Oop [192]=Oop [184]=Oop }
                      ;*synchronization entry
                      ; - java.lang.StringBuilder::append@-1
                      ; - org.eclipse.osgi.internal.serviceregistry.FilteredServiceListener::serviceChanged@259 (line 130)
  0x0000026c802dc6b0: 3407 e971 

  0x0000026c802dc6b4: ;   {metadata({method} {0x0000026cf909a488} 'append' '(Ljava/lang/String;)Ljava/lang/StringBuilder;' in 'java/lang/StringBuilder')}
  0x0000026c802dc6b4: f5ff ff49 | ba80 a409 | f96c 0200 | 004c 8954 | 2408 48c7 | 0424 ffff 

  0x0000026c802dc6cc: ;   {runtime_call counter_overflow Runtime1 stub}
  0x0000026c802dc6cc: ffff e8ad 

  0x0000026c802dc6d0: ; ImmutableOopMap {[168]=Oop [104]=Oop [184]=Oop }
                      ;*synchronization entry
                      ; - java.lang.StringBuilder::append@-1
                      ; - org.eclipse.osgi.internal.serviceregistry.FilteredServiceListener::serviceChanged@264 (line 130)
  0x0000026c802dc6d0: e034 07e9 | c8f5 ffff 

  0x0000026c802dc6d8: ;   {metadata({method} {0x0000026cf909b800} 'toString' '()Ljava/lang/String;' in 'java/lang/StringBuilder')}
  0x0000026c802dc6d8: 49ba f8b7 | 09f9 6c02 | 0000 4c89 | 5424 0848 | c704 24ff 

  0x0000026c802dc6ec: ;   {runtime_call counter_overflow Runtime1 stub}
  0x0000026c802dc6ec: ffff ffe8 

  0x0000026c802dc6f0: ; ImmutableOopMap {[168]=Oop [104]=Oop [184]=Oop }
                      ;*synchronization entry
                      ; - java.lang.StringBuilder::toString@-1
                      ; - org.eclipse.osgi.internal.serviceregistry.FilteredServiceListener::serviceChanged@267 (line 130)
  0x0000026c802dc6f0: 8ce0 3407 | e922 f6ff 

  0x0000026c802dc6f8: ;   {metadata({method} {0x0000026cf9098288} 'isLatin1' '()Z' in 'java/lang/AbstractStringBuilder')}
  0x0000026c802dc6f8: ff49 ba80 | 8209 f96c | 0200 004c | 8954 2408 | 48c7 0424 | ffff ffff 

  0x0000026c802dc710: ;   {runtime_call counter_overflow Runtime1 stub}
  0x0000026c802dc710: e86b e034 

  0x0000026c802dc714: ; ImmutableOopMap {[168]=Oop [104]=Oop [184]=Oop }
                      ;*synchronization entry
                      ; - java.lang.AbstractStringBuilder::isLatin1@-1
                      ; - java.lang.StringBuilder::toString@1
                      ; - org.eclipse.osgi.internal.serviceregistry.FilteredServiceListener::serviceChanged@267 (line 130)
  0x0000026c802dc714: 07e9 48f6 

  0x0000026c802dc718: ;   {metadata({method} {0x0000026cf9869150} 'println' '(Ljava/lang/String;)V' in 'org/eclipse/osgi/internal/debug/Debug')}
  0x0000026c802dc718: ffff 49ba | 4891 86f9 | 6c02 0000 | 4c89 5424 | 0848 c704 | 24ff ffff 

  0x0000026c802dc730: ;   {runtime_call counter_overflow Runtime1 stub}
  0x0000026c802dc730: ffe8 4ae0 

  0x0000026c802dc734: ; ImmutableOopMap {[168]=Oop [104]=Oop rax=Oop }
                      ;*synchronization entry
                      ; - org.eclipse.osgi.internal.debug.Debug::println@-1 (line 358)
                      ; - org.eclipse.osgi.internal.serviceregistry.FilteredServiceListener::serviceChanged@270 (line 130)
  0x0000026c802dc734: 3407 e97d 

  0x0000026c802dc738: ;   {runtime_call throw_null_pointer_exception Runtime1 stub}
  0x0000026c802dc738: f7ff ffe8 

  0x0000026c802dc73c: ; ImmutableOopMap {[168]=Oop [104]=Oop rax=Oop rdx=Oop }
                      ;*invokevirtual println {reexecute=0 rethrow=0 return_oop=0}
                      ; - org.eclipse.osgi.internal.debug.Debug::println@4 (line 358)
                      ; - org.eclipse.osgi.internal.serviceregistry.FilteredServiceListener::serviceChanged@270 (line 130)
  0x0000026c802dc73c: e07d 3407 

  0x0000026c802dc740: ;   {runtime_call throw_null_pointer_exception Runtime1 stub}
  0x0000026c802dc740: e8db 7d34 

  0x0000026c802dc744: ; ImmutableOopMap {rax=Oop rdx=Oop }
                      ;*invokeinterface serviceChanged {reexecute=0 rethrow=0 return_oop=0}
                      ; - org.eclipse.osgi.internal.serviceregistry.FilteredServiceListener::serviceChanged@278 (line 133)
                      ;   {internal_word}
  0x0000026c802dc744: 0749 babc | bf2d 806c | 0200 004d | 8997 6803 

  0x0000026c802dc754: ;   {runtime_call SafepointBlob}
  0x0000026c802dc754: 0000 e925 

  0x0000026c802dc758: ;   {internal_word}
  0x0000026c802dc758: c52a 0749 | bad2 bf2d | 806c 0200 | 004d 8997 | 6803 0000 

  0x0000026c802dc76c: ;   {runtime_call SafepointBlob}
  0x0000026c802dc76c: e90f c52a 

  0x0000026c802dc770: ;   {internal_word}
  0x0000026c802dc770: 0749 bae8 | bf2d 806c | 0200 004d | 8997 6803 

  0x0000026c802dc780: ;   {runtime_call SafepointBlob}
  0x0000026c802dc780: 0000 e9f9 

  0x0000026c802dc784: ;   {internal_word}
  0x0000026c802dc784: c42a 0749 | bafe bf2d | 806c 0200 | 004d 8997 | 6803 0000 

  0x0000026c802dc798: ;   {runtime_call SafepointBlob}
  0x0000026c802dc798: e9e3 c42a | 0748 8d84 | 24c8 0000 | 0048 8904 

  0x0000026c802dc7a8: ;   {runtime_call monitorexit_nofpu Runtime1 stub}
  0x0000026c802dc7a8: 24e8 52bc | 3407 e99a | f8ff ff90 | 9049 8b87 | e003 0000 | 49c7 87e0 | 0300 0000 | 0000 0049 
  0x0000026c802dc7c8: c787 e803 | 0000 0000 | 0000 4881 | c4e0 0000 

  0x0000026c802dc7d8: ;   {runtime_call unwind_exception Runtime1 stub}
  0x0000026c802dc7d8: 005d e921 | 9d2b 07f4 
[Stub Code]
  0x0000026c802dc7e0: ;   {no_reloc}
  0x0000026c802dc7e0: 0f1f 4400 

  0x0000026c802dc7e4: ;   {static_stub}
  0x0000026c802dc7e4: 0048 bb10 | 25ae f96c 

  0x0000026c802dc7ec: ;   {runtime_call I2C/C2I adapters}
  0x0000026c802dc7ec: 0200 00e9 | 60aa 2a07 

  0x0000026c802dc7f4: ;   {static_stub}
  0x0000026c802dc7f4: 9048 bb00 | 0000 0000 

  0x0000026c802dc7fc: ;   {runtime_call}
  0x0000026c802dc7fc: 0000 00e9 | fbff ffff 

  0x0000026c802dc804: ;   {static_stub}
  0x0000026c802dc804: 9048 bb00 | 0000 0000 

  0x0000026c802dc80c: ;   {runtime_call}
  0x0000026c802dc80c: 0000 00e9 | fbff ffff 

  0x0000026c802dc814: ;   {static_stub}
  0x0000026c802dc814: 9048 bb00 | 0000 0000 

  0x0000026c802dc81c: ;   {runtime_call}
  0x0000026c802dc81c: 0000 00e9 | fbff ffff 

  0x0000026c802dc824: ;   {static_stub}
  0x0000026c802dc824: 9048 bb00 | 0000 0000 

  0x0000026c802dc82c: ;   {runtime_call}
  0x0000026c802dc82c: 0000 00e9 | fbff ffff 

  0x0000026c802dc834: ;   {static_stub}
  0x0000026c802dc834: 9048 bb00 | 0000 0000 

  0x0000026c802dc83c: ;   {runtime_call}
  0x0000026c802dc83c: 0000 00e9 | fbff ffff 

  0x0000026c802dc844: ;   {static_stub}
  0x0000026c802dc844: 9048 bb00 | 0000 0000 

  0x0000026c802dc84c: ;   {runtime_call}
  0x0000026c802dc84c: 0000 00e9 | fbff ffff 

  0x0000026c802dc854: ;   {static_stub}
  0x0000026c802dc854: 9048 bb00 | 0000 0000 

  0x0000026c802dc85c: ;   {runtime_call}
  0x0000026c802dc85c: 0000 00e9 | fbff ffff 

  0x0000026c802dc864: ;   {static_stub}
  0x0000026c802dc864: 9048 bb00 | 0000 0000 

  0x0000026c802dc86c: ;   {runtime_call}
  0x0000026c802dc86c: 0000 00e9 | fbff ffff 

  0x0000026c802dc874: ;   {static_stub}
  0x0000026c802dc874: 9048 bb00 | 0000 0000 

  0x0000026c802dc87c: ;   {runtime_call}
  0x0000026c802dc87c: 0000 00e9 | fbff ffff 

  0x0000026c802dc884: ;   {static_stub}
  0x0000026c802dc884: 9048 bb00 | 0000 0000 

  0x0000026c802dc88c: ;   {runtime_call}
  0x0000026c802dc88c: 0000 00e9 | fbff ffff 

  0x0000026c802dc894: ;   {static_stub}
  0x0000026c802dc894: 9048 bb00 | 0000 0000 

  0x0000026c802dc89c: ;   {runtime_call}
  0x0000026c802dc89c: 0000 00e9 | fbff ffff 

  0x0000026c802dc8a4: ;   {static_stub}
  0x0000026c802dc8a4: 9048 bb00 | 0000 0000 

  0x0000026c802dc8ac: ;   {runtime_call}
  0x0000026c802dc8ac: 0000 00e9 | fbff ffff 

  0x0000026c802dc8b4: ;   {static_stub}
  0x0000026c802dc8b4: 9048 bb00 | 0000 0000 

  0x0000026c802dc8bc: ;   {runtime_call}
  0x0000026c802dc8bc: 0000 00e9 | fbff ffff 

  0x0000026c802dc8c4: ;   {static_stub}
  0x0000026c802dc8c4: 9048 bb00 | 0000 0000 

  0x0000026c802dc8cc: ;   {runtime_call}
  0x0000026c802dc8cc: 0000 00e9 | fbff ffff 

  0x0000026c802dc8d4: ;   {static_stub}
  0x0000026c802dc8d4: 9048 bb00 | 0000 0000 

  0x0000026c802dc8dc: ;   {runtime_call}
  0x0000026c802dc8dc: 0000 00e9 | fbff ffff 

  0x0000026c802dc8e4: ;   {static_stub}
  0x0000026c802dc8e4: 9048 bb00 | 0000 0000 

  0x0000026c802dc8ec: ;   {runtime_call}
  0x0000026c802dc8ec: 0000 00e9 | fbff ffff 

  0x0000026c802dc8f4: ;   {static_stub}
  0x0000026c802dc8f4: 9048 bb00 | 0000 0000 

  0x0000026c802dc8fc: ;   {runtime_call}
  0x0000026c802dc8fc: 0000 00e9 | fbff ffff 

  0x0000026c802dc904: ;   {static_stub}
  0x0000026c802dc904: 9048 bb00 | 0000 0000 

  0x0000026c802dc90c: ;   {runtime_call}
  0x0000026c802dc90c: 0000 00e9 | fbff ffff 

  0x0000026c802dc914: ;   {static_stub}
  0x0000026c802dc914: 9048 bb00 | 0000 0000 

  0x0000026c802dc91c: ;   {runtime_call}
  0x0000026c802dc91c: 0000 00e9 | fbff ffff 

  0x0000026c802dc924: ;   {static_stub}
  0x0000026c802dc924: 9048 bb00 | 0000 0000 

  0x0000026c802dc92c: ;   {runtime_call}
  0x0000026c802dc92c: 0000 00e9 | fbff ffff 

  0x0000026c802dc934: ;   {static_stub}
  0x0000026c802dc934: 9048 bb00 | 0000 0000 

  0x0000026c802dc93c: ;   {runtime_call}
  0x0000026c802dc93c: 0000 00e9 | fbff ffff 

  0x0000026c802dc944: ;   {static_stub}
  0x0000026c802dc944: 9048 bb00 | 0000 0000 

  0x0000026c802dc94c: ;   {runtime_call}
  0x0000026c802dc94c: 0000 00e9 | fbff ffff 

  0x0000026c802dc954: ;   {static_stub}
  0x0000026c802dc954: 9048 bb00 | 0000 0000 

  0x0000026c802dc95c: ;   {runtime_call}
  0x0000026c802dc95c: 0000 00e9 | fbff ffff 

  0x0000026c802dc964: ;   {static_stub}
  0x0000026c802dc964: 9048 bb00 | 0000 0000 

  0x0000026c802dc96c: ;   {runtime_call}
  0x0000026c802dc96c: 0000 00e9 | fbff ffff 

  0x0000026c802dc974: ;   {static_stub}
  0x0000026c802dc974: 9048 bb00 | 0000 0000 

  0x0000026c802dc97c: ;   {runtime_call}
  0x0000026c802dc97c: 0000 00e9 | fbff ffff 

  0x0000026c802dc984: ;   {static_stub}
  0x0000026c802dc984: 9048 bb40 | c4c2 f96c 

  0x0000026c802dc98c: ;   {runtime_call I2C/C2I adapters}
  0x0000026c802dc98c: 0200 00e9 | c0a8 2a07 

  0x0000026c802dc994: ;   {static_stub}
  0x0000026c802dc994: 9048 bb50 | 29ae f96c 

  0x0000026c802dc99c: ;   {runtime_call I2C/C2I adapters}
  0x0000026c802dc99c: 0200 00e9 | b4d1 2a07 

  0x0000026c802dc9a4: ;   {static_stub}
  0x0000026c802dc9a4: 9048 bb00 | 0000 0000 

  0x0000026c802dc9ac: ;   {runtime_call}
  0x0000026c802dc9ac: 0000 00e9 | fbff ffff 

  0x0000026c802dc9b4: ;   {static_stub}
  0x0000026c802dc9b4: 9048 bb00 | 0000 0000 

  0x0000026c802dc9bc: ;   {runtime_call}
  0x0000026c802dc9bc: 0000 00e9 | fbff ffff 

  0x0000026c802dc9c4: ;   {static_stub}
  0x0000026c802dc9c4: 9048 bb00 | 0000 0000 

  0x0000026c802dc9cc: ;   {runtime_call}
  0x0000026c802dc9cc: 0000 00e9 | fbff ffff 

  0x0000026c802dc9d4: ;   {static_stub}
  0x0000026c802dc9d4: 9048 bb00 | 0000 0000 

  0x0000026c802dc9dc: ;   {runtime_call}
  0x0000026c802dc9dc: 0000 00e9 | fbff ffff 

  0x0000026c802dc9e4: ;   {static_stub}
  0x0000026c802dc9e4: 9048 bb00 | 0000 0000 

  0x0000026c802dc9ec: ;   {runtime_call}
  0x0000026c802dc9ec: 0000 00e9 | fbff ffff 

  0x0000026c802dc9f4: ;   {static_stub}
  0x0000026c802dc9f4: 9048 bb00 | 0000 0000 

  0x0000026c802dc9fc: ;   {runtime_call}
  0x0000026c802dc9fc: 0000 00e9 | fbff ffff 

  0x0000026c802dca04: ;   {static_stub}
  0x0000026c802dca04: 9048 bb00 | 0000 0000 

  0x0000026c802dca0c: ;   {runtime_call}
  0x0000026c802dca0c: 0000 00e9 | fbff ffff 

  0x0000026c802dca14: ;   {static_stub}
  0x0000026c802dca14: 9048 bb00 | 0000 0000 

  0x0000026c802dca1c: ;   {runtime_call}
  0x0000026c802dca1c: 0000 00e9 | fbff ffff 

  0x0000026c802dca24: ;   {static_stub}
  0x0000026c802dca24: 9048 bb00 | 0000 0000 

  0x0000026c802dca2c: ;   {runtime_call}
  0x0000026c802dca2c: 0000 00e9 | fbff ffff 

  0x0000026c802dca34: ;   {static_stub}
  0x0000026c802dca34: 9048 bb00 | 0000 0000 

  0x0000026c802dca3c: ;   {runtime_call}
  0x0000026c802dca3c: 0000 00e9 | fbff ffff 

  0x0000026c802dca44: ;   {static_stub}
  0x0000026c802dca44: 9048 bb00 | 0000 0000 

  0x0000026c802dca4c: ;   {runtime_call}
  0x0000026c802dca4c: 0000 00e9 | fbff ffff 

  0x0000026c802dca54: ;   {static_stub}
  0x0000026c802dca54: 9048 bb00 | 0000 0000 

  0x0000026c802dca5c: ;   {runtime_call}
  0x0000026c802dca5c: 0000 00e9 | fbff ffff 

  0x0000026c802dca64: ;   {static_stub}
  0x0000026c802dca64: 9048 bb00 | 0000 0000 

  0x0000026c802dca6c: ;   {runtime_call}
  0x0000026c802dca6c: 0000 00e9 | fbff ffff 

  0x0000026c802dca74: ;   {static_stub}
  0x0000026c802dca74: 9048 bb00 | 0000 0000 

  0x0000026c802dca7c: ;   {runtime_call}
  0x0000026c802dca7c: 0000 00e9 | fbff ffff 

  0x0000026c802dca84: ;   {static_stub}
  0x0000026c802dca84: 9048 bb00 | 0000 0000 

  0x0000026c802dca8c: ;   {runtime_call}
  0x0000026c802dca8c: 0000 00e9 | fbff ffff 

  0x0000026c802dca94: ;   {static_stub}
  0x0000026c802dca94: 9048 bb00 | 0000 0000 

  0x0000026c802dca9c: ;   {runtime_call}
  0x0000026c802dca9c: 0000 00e9 | fbff ffff 
[Exception Handler]
  0x0000026c802dcaa4: ;   {runtime_call handle_exception_from_callee Runtime1 stub}
  0x0000026c802dcaa4: e857 a034 

  0x0000026c802dcaa8: ;   {external_word}
  0x0000026c802dcaa8: 0748 b930 | 9a37 fffa | 7f00 0048 

  0x0000026c802dcab4: ;   {runtime_call}
  0x0000026c802dcab4: 83e4 f049 | ba40 2b00 | fffa 7f00 | 0041 ffd2 

  0x0000026c802dcac4: ;   {section_word}
  0x0000026c802dcac4: f449 bac5 | ca2d 806c | 0200 0041 

  0x0000026c802dcad0: ;   {runtime_call DeoptimizationBlob}
  0x0000026c802dcad0: 52e9 4ad6 | 2a07 f4f4 
[/MachCode]


Compiled method (c1)    3564 1747   !   3       org.eclipse.osgi.internal.framework.BundleContextImpl::dispatchEvent (558 bytes)
 total in heap  [0x0000026c8031c090,0x0000026c80324738] = 34472
 relocation     [0x0000026c8031c1e8,0x0000026c8031ca10] = 2088
 main code      [0x0000026c8031ca20,0x0000026c803216a0] = 19584
 stub code      [0x0000026c803216a0,0x0000026c80321b48] = 1192
 oops           [0x0000026c80321b48,0x0000026c80321b88] = 64
 metadata       [0x0000026c80321b88,0x0000026c80321c88] = 256
 scopes data    [0x0000026c80321c88,0x0000026c803228c0] = 3128
 scopes pcs     [0x0000026c803228c0,0x0000026c80323560] = 3232
 dependencies   [0x0000026c80323560,0x0000026c803235b0] = 80
 handler table  [0x0000026c803235b0,0x0000026c80324628] = 4216
 nul chk table  [0x0000026c80324628,0x0000026c80324738] = 272

[Constant Pool (empty)]

[MachCode]
[Entry Point]
  # {method} {0x0000026cf9af22d8} 'dispatchEvent' '(Ljava/lang/Object;Ljava/lang/Object;ILjava/lang/Object;)V' in 'org/eclipse/osgi/internal/framework/BundleContextImpl'
  # this:     rdx:rdx   = 'org/eclipse/osgi/internal/framework/BundleContextImpl'
  # parm0:    r8:r8     = 'java/lang/Object'
  # parm1:    r9:r9     = 'java/lang/Object'
  # parm2:    rdi       = int
  # parm3:    rsi:rsi   = 'java/lang/Object'
  #           [sp+0x150]  (sp of caller)
  0x0000026c8031ca20: 448b 5208 | 49c1 e203 

  0x0000026c8031ca28: ;   {runtime_call ic_miss_stub}
  0x0000026c8031ca28: 4c3b d00f | 854f 4b26 | 0766 6666 | 0f1f 8400 | 0000 0000 | 6666 6690 
[Verified Entry Point]
  0x0000026c8031ca40: 8984 2400 | 90ff ff55 | 4881 ec40 | 0100 0048 | 8954 2468 | 897c 2470 | 4889 b424 | 8000 0000 
  0x0000026c8031ca60: ;   {metadata(method data for {method} {0x0000026cf9af22d8} 'dispatchEvent' '(Ljava/lang/Object;Ljava/lang/Object;ILjava/lang/Object;)V' in 'org/eclipse/osgi/internal/framework/BundleContextImpl')}
  0x0000026c8031ca60: 48bb 4011 | edf9 6c02 | 0000 8b83 | cc00 0000 | 83c0 0289 | 83cc 0000 | 0081 e0fe | 0700 0083 
  0x0000026c8031ca80: f800 0f84 | c140 0000 | 4c89 4c24 | 7848 8bda 

  0x0000026c8031ca90: ;   {metadata(method data for {method} {0x0000026cf9af22d8} 'dispatchEvent' '(Ljava/lang/Object;Ljava/lang/Object;ILjava/lang/Object;)V' in 'org/eclipse/osgi/internal/framework/BundleContextImpl')}
  0x0000026c8031ca90: 48b8 4011 | edf9 6c02 

  0x0000026c8031ca98: ;   {metadata('org/eclipse/osgi/internal/framework/BundleContextImpl')}
  0x0000026c8031ca98: 0000 49ba | 1076 1200 | 0100 0000 | 4c89 9020 | 0100 0048 | 8380 2801 | 0000 0148 | 8bda 488b 
  0x0000026c8031cab8: d366 0f1f 

  0x0000026c8031cabc: ;   {optimized virtual_call}
  0x0000026c8031cabc: 4400 00e8 

  0x0000026c8031cac0: ; ImmutableOopMap {[104]=Oop [128]=Oop [120]=Oop }
                      ;*invokevirtual setContextFinder {reexecute=0 rethrow=0 return_oop=0}
                      ; - org.eclipse.osgi.internal.framework.BundleContextImpl::dispatchEvent@1 (line 967)
  0x0000026c8031cac0: 5c70 faff | 4889 8424 | 9800 0000 | 488b 5424 | 6848 8bf2 

  0x0000026c8031cad4: ;   {metadata(method data for {method} {0x0000026cf9af22d8} 'dispatchEvent' '(Ljava/lang/Object;Ljava/lang/Object;ILjava/lang/Object;)V' in 'org/eclipse/osgi/internal/framework/BundleContextImpl')}
  0x0000026c8031cad4: 48bf 4011 | edf9 6c02 

  0x0000026c8031cadc: ;   {metadata('org/eclipse/osgi/internal/framework/BundleContextImpl')}
  0x0000026c8031cadc: 0000 49ba | 1076 1200 | 0100 0000 | 4c89 9758 | 0100 0048 | 8387 6001 | 0000 010f | be72 0c83 
  0x0000026c8031cafc: e601 83fe 

  0x0000026c8031cb00: ;   {metadata(method data for {method} {0x0000026cf9af22d8} 'dispatchEvent' '(Ljava/lang/Object;Ljava/lang/Object;ILjava/lang/Object;)V' in 'org/eclipse/osgi/internal/framework/BundleContextImpl')}
  0x0000026c8031cb00: 0048 be40 | 11ed f96c | 0200 0048 | bf80 0100 | 0000 0000 | 000f 850a | 0000 0048 | bf90 0100 
  0x0000026c8031cb20: 0000 0000 | 0048 8b0c | 3e48 8d49 | 0148 890c | 3e0f 8532 | 0100 008b | 7210 483b | 0648 8bfe 
  0x0000026c8031cb40: ;   {metadata(method data for {method} {0x0000026cf9af22d8} 'dispatchEvent' '(Ljava/lang/Object;Ljava/lang/Object;ILjava/lang/Object;)V' in 'org/eclipse/osgi/internal/framework/BundleContextImpl')}
  0x0000026c8031cb40: 48b9 4011 | edf9 6c02 | 0000 8b7f | 0848 c1e7 | 0348 3bb9 | b001 0000 | 750d 4883 | 81b8 0100 
  0x0000026c8031cb60: 0001 e966 | 0000 0048 | 3bb9 c001 | 0000 750d | 4883 81c8 | 0100 0001 | e950 0000 | 0048 81b9 
  0x0000026c8031cb80: b001 0000 | 0000 0000 | 7517 4889 | b9b0 0100 | 0048 c781 | b801 0000 | 0100 0000 | e92c 0000 
  0x0000026c8031cba0: 0048 81b9 | c001 0000 | 0000 0000 | 7517 4889 | b9c0 0100 | 0048 c781 | c801 0000 | 0100 0000 
  0x0000026c8031cbc0: e908 0000 | 0048 8381 | a001 0000 

  0x0000026c8031cbcc: ;   {metadata(method data for {method} {0x0000026cf9a5d168} 'getBundleId' '()J' in 'org/eclipse/osgi/internal/framework/EquinoxBundle')}
  0x0000026c8031cbcc: 0148 bf78 | b2e1 f96c | 0200 008b | 8fcc 0000 | 0083 c102 | 898f cc00 | 0000 81e1 | feff 1f00 
  0x0000026c8031cbec: 83f9 000f | 847a 3f00 | 008b 7610 

  0x0000026c8031cbf8: ; implicit exception: dispatches to 0x0000026c80320b90
  0x0000026c8031cbf8: 483b 0648 

  0x0000026c8031cbfc: ;   {metadata(method data for {method} {0x0000026cf9a5d168} 'getBundleId' '()J' in 'org/eclipse/osgi/internal/framework/EquinoxBundle')}
  0x0000026c8031cbfc: 8bfe 48b9 | 78b2 e1f9 | 6c02 0000 | 4883 8110 | 0100 0001 | 8b76 1848 | 3b06 488b 

  0x0000026c8031cc18: ;   {metadata(method data for {method} {0x0000026cf9a5d168} 'getBundleId' '()J' in 'org/eclipse/osgi/internal/framework/EquinoxBundle')}
  0x0000026c8031cc18: fe48 b978 | b2e1 f96c | 0200 0048 | 8381 4801 | 0000 0148 | 8b7e 1048 

  0x0000026c8031cc30: ;   {metadata(method data for {method} {0x0000026cf9af22d8} 'dispatchEvent' '(Ljava/lang/Object;Ljava/lang/Object;ILjava/lang/Object;)V' in 'org/eclipse/osgi/internal/framework/BundleContextImpl')}
  0x0000026c8031cc30: 83ff 0048 | be40 11ed | f96c 0200 | 0048 bfd8 | 0100 0000 | 0000 000f | 850a 0000 | 0048 bfe8 
  0x0000026c8031cc50: 0100 0000 | 0000 0048 | 8b0c 3e48 | 8d49 0148 | 890c 3e0f | 859c 2e00 | 008b 7c24 

  0x0000026c8031cc6c: ;   {metadata(method data for {method} {0x0000026cf9af22d8} 'dispatchEvent' '(Ljava/lang/Object;Ljava/lang/Object;ILjava/lang/Object;)V' in 'org/eclipse/osgi/internal/framework/BundleContextImpl')}
  0x0000026c8031cc6c: 7048 be40 | 11ed f96c | 0200 0048 | b900 0200 | 0000 0000 | 0083 ff01 | 488b d948 | b910 0200 
  0x0000026c8031cc8c: 0000 0000 | 0048 0f45 | cb83 ff02 | 488b d948 | b920 0200 | 0000 0000 | 0048 0f45 | cb83 ff03 
  0x0000026c8031ccac: 488b d948 | b930 0200 | 0000 0000 | 0048 0f45 | cb83 ff04 | 488b d948 | b940 0200 | 0000 0000 
  0x0000026c8031cccc: 0048 0f45 | cb48 8b1c | 0e49 ba01 | 0000 0000 | 0000 0049 | 03da 4889 | 1c0e 83ff | 010f 8420 
  0x0000026c8031ccec: 0000 0083 | ff02 0f84 | 1700 0000 | 83ff 030f | 84a0 1e00 | 0083 ff04 | 0f84 4f0f | 0000 e9f3 
  0x0000026c8031cd0c: 2f00 004c | 8b4c 2478 | 4983 f900 

  0x0000026c8031cd18: ;   {metadata(method data for {method} {0x0000026cf9af22d8} 'dispatchEvent' '(Ljava/lang/Object;Ljava/lang/Object;ILjava/lang/Object;)V' in 'org/eclipse/osgi/internal/framework/BundleContextImpl')}
  0x0000026c8031cd18: 7516 48b9 | 4011 edf9 | 6c02 0000 | 8089 5102 | 0000 01e9 | df00 0000 

  0x0000026c8031cd30: ;   {metadata('org/osgi/framework/BundleListener')}
  0x0000026c8031cd30: 49b8 00bc | 0c00 0100 | 0000 418b | 4908 48c1 | e103 4c3b | 4120 0f84 | 1c00 0000 | 493b c80f 
  0x0000026c8031cd50: 8413 0000 | 0051 4150 

  0x0000026c8031cd58: ;   {runtime_call slow_subtype_check Runtime1 stub}
  0x0000026c8031cd58: e8a3 a930 | 0759 5983 | f900 0f84 | 8b00 0000 

  0x0000026c8031cd68: ;   {metadata(method data for {method} {0x0000026cf9af22d8} 'dispatchEvent' '(Ljava/lang/Object;Ljava/lang/Object;ILjava/lang/Object;)V' in 'org/eclipse/osgi/internal/framework/BundleContextImpl')}
  0x0000026c8031cd68: 48b9 4011 | edf9 6c02 | 0000 458b | 4108 49c1 | e003 4c3b | 8168 0200 | 0075 0d48 | 8381 7002 
  0x0000026c8031cd88: 0000 01e9 | 7f00 0000 | 4c3b 8178 | 0200 0075 | 0d48 8381 | 8002 0000 | 01e9 6900 | 0000 4881 
  0x0000026c8031cda8: b968 0200 | 0000 0000 | 0075 174c | 8981 6802 | 0000 48c7 | 8170 0200 | 0001 0000 | 00e9 4500 
  0x0000026c8031cdc8: 0000 4881 | b978 0200 | 0000 0000 | 0075 174c | 8981 7802 | 0000 48c7 | 8180 0200 | 0001 0000 
  0x0000026c8031cde8: 00e9 2100 | 0000 e91c 

  0x0000026c8031cdf0: ;   {metadata(method data for {method} {0x0000026cf9af22d8} 'dispatchEvent' '(Ljava/lang/Object;Ljava/lang/Object;ILjava/lang/Object;)V' in 'org/eclipse/osgi/internal/framework/BundleContextImpl')}
  0x0000026c8031cdf0: 0000 0048 | b940 11ed | f96c 0200 | 0048 83a9 | 5802 0000 | 01e9 903d | 0000 e900 | 0000 0049 
  0x0000026c8031ce10: 8bd9 8b72 | 180f be76 | 1183 fe00 

  0x0000026c8031ce1c: ;   {metadata(method data for {method} {0x0000026cf9af22d8} 'dispatchEvent' '(Ljava/lang/Object;Ljava/lang/Object;ILjava/lang/Object;)V' in 'org/eclipse/osgi/internal/framework/BundleContextImpl')}
  0x0000026c8031ce1c: 48be 4011 | edf9 6c02 | 0000 48b9 | 9002 0000 | 0000 0000 | 0f84 0a00 | 0000 48b9 | a002 0000 
  0x0000026c8031ce3c: 0000 0000 | 4c8b 040e | 4d8d 4001 | 4c89 040e | 0f84 5a0c | 0000 660f | 1f44 0000 

  0x0000026c8031ce58: ;   {no_reloc}
  0x0000026c8031ce58: e95a 3d00 | 0000 0000 | 0000 498b | 8708 0100 | 0048 8d78 | 1849 3bbf | 1801 0000 | 0f87 473d 
  0x0000026c8031ce78: 0000 4989 | bf08 0100 | 0048 c700 | 0100 0000 | 488b ca48 | c1e9 0389 | 4808 4833 | c989 480c 
  0x0000026c8031ce98: 4833 c948 | 8948 1048 | 3b03 488b 

  0x0000026c8031cea4: ;   {metadata(method data for {method} {0x0000026cf9af22d8} 'dispatchEvent' '(Ljava/lang/Object;Ljava/lang/Object;ILjava/lang/Object;)V' in 'org/eclipse/osgi/internal/framework/BundleContextImpl')}
  0x0000026c8031cea4: d348 be40 | 11ed f96c | 0200 0048 | 8386 b002 | 0000 018b | 5308 48c1 | e203 488b | 5270 488b 
  0x0000026c8031cec4: 1248 3b02 

  0x0000026c8031cec8: ;   {metadata(method data for {method} {0x0000026cf9af22d8} 'dispatchEvent' '(Ljava/lang/Object;Ljava/lang/Object;ILjava/lang/Object;)V' in 'org/eclipse/osgi/internal/framework/BundleContextImpl')}
  0x0000026c8031cec8: 488b f248 | bf40 11ed | f96c 0200 | 0048 8387 | e802 0000 

  0x0000026c8031cedc: ;   {metadata(method data for {method} {0x0000026cf90134f0} 'getName' '()Ljava/lang/String;' in 'java/lang/Class')}
  0x0000026c8031cedc: 0148 bed8 | 595f f96c | 0200 008b | becc 0000 | 0083 c702 | 89be cc00 | 0000 81e7 | feff 1f00 
  0x0000026c8031cefc: 83ff 000f | 84d3 3c00 | 008b 722c | 4883 fe00 

  0x0000026c8031cf0c: ;   {metadata(method data for {method} {0x0000026cf90134f0} 'getName' '()Ljava/lang/String;' in 'java/lang/Class')}
  0x0000026c8031cf0c: 48bf d859 | 5ff9 6c02 | 0000 48b9 | 1001 0000 | 0000 0000 | 0f84 0a00 | 0000 48b9 | 2001 0000 
  0x0000026c8031cf2c: 0000 0000 | 4c8b 2c0f | 4d8d 6d01 | 4c89 2c0f | 0f84 2500 

  0x0000026c8031cf40: ;   {metadata(method data for {method} {0x0000026cf90134f0} 'getName' '()Ljava/lang/String;' in 'java/lang/Class')}
  0x0000026c8031cf40: 0000 48ba | d859 5ff9 | 6c02 0000 | ff82 3001 | 0000 4889 | 8424 8800 | 0000 4889 | 9c24 9000 
  0x0000026c8031cf60: 0000 e930 | 0000 0048 | 8984 2488 | 0000 0048 | 899c 2490 | 0000 004c 

  0x0000026c8031cf78: ;   {metadata(method data for {method} {0x0000026cf90134f0} 'getName' '()Ljava/lang/String;' in 'java/lang/Class')}
  0x0000026c8031cf78: 8bc2 49b9 | d859 5ff9 | 6c02 0000 | 4983 8148 | 0100 0001 

  0x0000026c8031cf8c: ;   {optimized virtual_call}
  0x0000026c8031cf8c: 6666 90e8 

  0x0000026c8031cf90: ; ImmutableOopMap {[128]=Oop [152]=Oop [104]=Oop [144]=Oop [136]=Oop }
                      ;*invokevirtual initClassName {reexecute=0 rethrow=0 return_oop=0}
                      ; - java.lang.Class::getName@14
                      ; - org.eclipse.osgi.internal.framework.BundleContextImpl::dispatchEvent@81 (line 977)
  0x0000026c8031cf90: 6c4b 2607 

  0x0000026c8031cf94: ;   {metadata(method data for {method} {0x0000026cf9af22d8} 'dispatchEvent' '(Ljava/lang/Object;Ljava/lang/Object;ILjava/lang/Object;)V' in 'org/eclipse/osgi/internal/framework/BundleContextImpl')}
  0x0000026c8031cf94: 488b f048 | ba40 11ed | f96c 0200 | 0048 8382 | 2003 0000 

  0x0000026c8031cfa8: ;   {metadata(method data for {method} {0x0000026cf900b990} 'valueOf' '(Ljava/lang/Object;)Ljava/lang/String;' in 'java/lang/String')}
  0x0000026c8031cfa8: 0148 ba08 | 4d7d f96c | 0200 008b | bacc 0000 | 0083 c702 | 89ba cc00 | 0000 81e7 | feff 1f00 
  0x0000026c8031cfc8: 83ff 000f | 8428 3c00 | 0048 83fe 

  0x0000026c8031cfd4: ;   {metadata(method data for {method} {0x0000026cf900b990} 'valueOf' '(Ljava/lang/Object;)Ljava/lang/String;' in 'java/lang/String')}
  0x0000026c8031cfd4: 0048 ba08 | 4d7d f96c | 0200 0048 | bf10 0100 | 0000 0000 | 000f 850a | 0000 0048 | bf20 0100 
  0x0000026c8031cff4: 0000 0000 | 0048 8b1c | 3a48 8d5b | 0148 891c | 3a0f 851f 

  0x0000026c8031d008: ;   {metadata(method data for {method} {0x0000026cf900b990} 'valueOf' '(Ljava/lang/Object;)Ljava/lang/String;' in 'java/lang/String')}
  0x0000026c8031d008: 0000 0048 | ba08 4d7d | f96c 0200 | 00ff 8230 

  0x0000026c8031d018: ;   {oop("null"{0x00000000c0000f10})}
  0x0000026c8031d018: 0100 0048 | be10 0f00 | c000 0000 | 00e9 ad00 | 0000 483b | 0648 8bd6 

  0x0000026c8031d030: ;   {metadata(method data for {method} {0x0000026cf900b990} 'valueOf' '(Ljava/lang/Object;)Ljava/lang/String;' in 'java/lang/String')}
  0x0000026c8031d030: 48bf 084d | 7df9 6c02 | 0000 8b52 | 0848 c1e2 | 0348 3b97 | 5801 0000 | 750d 4883 | 8760 0100 
  0x0000026c8031d050: 0001 e966 | 0000 0048 | 3b97 6801 | 0000 750d | 4883 8770 | 0100 0001 | e950 0000 | 0048 81bf 
  0x0000026c8031d070: 5801 0000 | 0000 0000 | 7517 4889 | 9758 0100 | 0048 c787 | 6001 0000 | 0100 0000 | e92c 0000 
  0x0000026c8031d090: 0048 81bf | 6801 0000 | 0000 0000 | 7517 4889 | 9768 0100 | 0048 c787 | 7001 0000 | 0100 0000 
  0x0000026c8031d0b0: e908 0000 | 0048 8387 | 4801 0000 | 0148 8bd6 | 0f1f 4400 | 0048 b8ff | ffff ffff 

  0x0000026c8031d0cc: ;   {virtual_call}
  0x0000026c8031d0cc: ffff ffe8 

  0x0000026c8031d0d0: ; ImmutableOopMap {[128]=Oop [152]=Oop [104]=Oop [144]=Oop [136]=Oop }
                      ;*invokevirtual toString {reexecute=0 rethrow=0 return_oop=0}
                      ; - java.lang.String::valueOf@11
                      ; - org.eclipse.osgi.internal.framework.BundleContextImpl::dispatchEvent@84 (line 977)
  0x0000026c8031d0d0: ac4f 2607 | 488b f048 | 8b84 2488 

  0x0000026c8031d0dc: ;   {metadata(method data for {method} {0x0000026cf9af22d8} 'dispatchEvent' '(Ljava/lang/Object;Ljava/lang/Object;ILjava/lang/Object;)V' in 'org/eclipse/osgi/internal/framework/BundleContextImpl')}
  0x0000026c8031d0dc: 0000 0049 | b840 11ed | f96c 0200 | 0049 8380 | 3003 0000 

  0x0000026c8031d0f0: ;   {metadata(method data for {method} {0x0000026cf909a228} '<init>' '(Ljava/lang/String;)V' in 'java/lang/StringBuilder')}
  0x0000026c8031d0f0: 0149 b8e0 | af7f f96c | 0200 0041 | 8b90 cc00 | 0000 83c2 | 0241 8990 | cc00 0000 | 81e2 feff 
  0x0000026c8031d110: 1f00 83fa | 000f 8404 | 3b00 0048 | 8b84 2488 

  0x0000026c8031d120: ;   {metadata(method data for {method} {0x0000026cf909a228} '<init>' '(Ljava/lang/String;)V' in 'java/lang/StringBuilder')}
  0x0000026c8031d120: 0000 0049 | b8e0 af7f | f96c 0200 | 0049 8380 | 1001 0000 | 014c 8bc6 | 488b 9424 | 8800 0000 
  0x0000026c8031d140: 0f1f 8000 

  0x0000026c8031d144: ;   {optimized virtual_call}
  0x0000026c8031d144: 0000 00e8 

  0x0000026c8031d148: ; ImmutableOopMap {[128]=Oop [152]=Oop [104]=Oop [144]=Oop [136]=Oop }
                      ;*invokespecial <init> {reexecute=0 rethrow=0 return_oop=0}
                      ; - java.lang.StringBuilder::<init>@2
                      ; - org.eclipse.osgi.internal.framework.BundleContextImpl::dispatchEvent@87 (line 977)
  0x0000026c8031d148: b449 2607 | 488b 8424 | 8800 0000 

  0x0000026c8031d154: ;   {metadata(method data for {method} {0x0000026cf9af22d8} 'dispatchEvent' '(Ljava/lang/Object;Ljava/lang/Object;ILjava/lang/Object;)V' in 'org/eclipse/osgi/internal/framework/BundleContextImpl')}
  0x0000026c8031d154: 49b8 4011 | edf9 6c02 | 0000 4983 | 8040 0300 

  0x0000026c8031d164: ;   {metadata(method data for {method} {0x0000026cf909a488} 'append' '(Ljava/lang/String;)Ljava/lang/StringBuilder;' in 'java/lang/StringBuilder')}
  0x0000026c8031d164: 0001 49b8 | 78ed 3bf9 | 6c02 0000 | 418b 90cc | 0000 0083 | c202 4189 | 90cc 0000 | 0081 e2fe 
  0x0000026c8031d184: ff1f 0083 | fa00 0f84 | b03a 0000 | 488b 8424 | 8800 0000 

  0x0000026c8031d198: ;   {metadata(method data for {method} {0x0000026cf909a488} 'append' '(Ljava/lang/String;)Ljava/lang/StringBuilder;' in 'java/lang/StringBuilder')}
  0x0000026c8031d198: 49b8 78ed | 3bf9 6c02 | 0000 4983 | 8010 0100 

  0x0000026c8031d1a8: ;   {oop("@"{0x00000000c0000028})}
  0x0000026c8031d1a8: 0001 49b8 | 2800 00c0 | 0000 0000 | 488b 9424 | 8800 0000 

  0x0000026c8031d1bc: ;   {optimized virtual_call}
  0x0000026c8031d1bc: 6666 90e8 

  0x0000026c8031d1c0: ; ImmutableOopMap {[128]=Oop [152]=Oop [104]=Oop [144]=Oop [136]=Oop }
                      ;*invokespecial append {reexecute=0 rethrow=0 return_oop=0}
                      ; - java.lang.StringBuilder::append@2
                      ; - org.eclipse.osgi.internal.framework.BundleContextImpl::dispatchEvent@93 (line 977)
  0x0000026c8031d1c0: 3c49 2607 

  0x0000026c8031d1c4: ;   {metadata(method data for {method} {0x0000026cf9af22d8} 'dispatchEvent' '(Ljava/lang/Object;Ljava/lang/Object;ILjava/lang/Object;)V' in 'org/eclipse/osgi/internal/framework/BundleContextImpl')}
  0x0000026c8031d1c4: 48ba 4011 | edf9 6c02 | 0000 4883 | 8278 0300 | 0001 488b | 9424 9000 

  0x0000026c8031d1dc: ;   {static_call}
  0x0000026c8031d1dc: 0000 90e8 

  0x0000026c8031d1e0: ; ImmutableOopMap {[128]=Oop [152]=Oop [104]=Oop [144]=Oop [136]=Oop }
                      ;*invokestatic identityHashCode {reexecute=0 rethrow=0 return_oop=0}
                      ; - org.eclipse.osgi.internal.framework.BundleContextImpl::dispatchEvent@98 (line 978)
  0x0000026c8031d1e0: 1c54 2607 

  0x0000026c8031d1e4: ;   {metadata(method data for {method} {0x0000026cf9af22d8} 'dispatchEvent' '(Ljava/lang/Object;Ljava/lang/Object;ILjava/lang/Object;)V' in 'org/eclipse/osgi/internal/framework/BundleContextImpl')}
  0x0000026c8031d1e4: 48ba 4011 | edf9 6c02 | 0000 4883 | 8288 0300 

  0x0000026c8031d1f4: ;   {metadata(method data for {method} {0x0000026cf90f4560} 'toHexString' '(I)Ljava/lang/String;' in 'java/lang/Integer')}
  0x0000026c8031d1f4: 0001 48ba | 2817 9bf9 | 6c02 0000 | 448b 82cc | 0000 0041 | 83c0 0244 | 8982 cc00 | 0000 4181 
  0x0000026c8031d214: e0fe ff1f | 0041 83f8 | 000f 843e 

  0x0000026c8031d220: ;   {metadata(method data for {method} {0x0000026cf90f4560} 'toHexString' '(I)Ljava/lang/String;' in 'java/lang/Integer')}
  0x0000026c8031d220: 3a00 0048 | ba28 179b | f96c 0200 | 0048 8382 | 1001 0000 | 0148 8bd0 | 41b8 0400 

  0x0000026c8031d23c: ;   {static_call}
  0x0000026c8031d23c: 0000 90e8 

  0x0000026c8031d240: ; ImmutableOopMap {[128]=Oop [152]=Oop [104]=Oop [144]=Oop [136]=Oop }
                      ;*invokestatic toUnsignedString0 {reexecute=0 rethrow=0 return_oop=0}
                      ; - java.lang.Integer::toHexString@2
                      ; - org.eclipse.osgi.internal.framework.BundleContextImpl::dispatchEvent@101 (line 978)
  0x0000026c8031d240: bc53 2607 | 4c8b 8424 | 8800 0000 

  0x0000026c8031d24c: ;   {metadata(method data for {method} {0x0000026cf9af22d8} 'dispatchEvent' '(Ljava/lang/Object;Ljava/lang/Object;ILjava/lang/Object;)V' in 'org/eclipse/osgi/internal/framework/BundleContextImpl')}
  0x0000026c8031d24c: 48ba 4011 | edf9 6c02 | 0000 4883 | 8298 0300 

  0x0000026c8031d25c: ;   {metadata(method data for {method} {0x0000026cf909a488} 'append' '(Ljava/lang/String;)Ljava/lang/StringBuilder;' in 'java/lang/StringBuilder')}
  0x0000026c8031d25c: 0001 49b8 | 78ed 3bf9 | 6c02 0000 | 418b 90cc | 0000 0083 | c202 4189 | 90cc 0000 | 0081 e2fe 
  0x0000026c8031d27c: ff1f 0083 | fa00 0f84 | fa39 0000 | 4c8b 8424 | 8800 0000 

  0x0000026c8031d290: ;   {metadata(method data for {method} {0x0000026cf909a488} 'append' '(Ljava/lang/String;)Ljava/lang/StringBuilder;' in 'java/lang/StringBuilder')}
  0x0000026c8031d290: 48ba 78ed | 3bf9 6c02 | 0000 4883 | 8210 0100 | 0001 4c8b | c048 8b94 | 2488 0000 

  0x0000026c8031d2ac: ;   {optimized virtual_call}
  0x0000026c8031d2ac: 0066 90e8 

  0x0000026c8031d2b0: ; ImmutableOopMap {[128]=Oop [152]=Oop [104]=Oop [144]=Oop [136]=Oop }
                      ;*invokespecial append {reexecute=0 rethrow=0 return_oop=0}
                      ; - java.lang.StringBuilder::append@2
                      ; - org.eclipse.osgi.internal.framework.BundleContextImpl::dispatchEvent@104 (line 978)
  0x0000026c8031d2b0: 4c48 2607 | 488b 8424 | 8800 0000 

  0x0000026c8031d2bc: ;   {metadata(method data for {method} {0x0000026cf9af22d8} 'dispatchEvent' '(Ljava/lang/Object;Ljava/lang/Object;ILjava/lang/Object;)V' in 'org/eclipse/osgi/internal/framework/BundleContextImpl')}
  0x0000026c8031d2bc: 48ba 4011 | edf9 6c02 | 0000 4883 | 82d0 0300 

  0x0000026c8031d2cc: ;   {metadata(method data for {method} {0x0000026cf909b800} 'toString' '()Ljava/lang/String;' in 'java/lang/StringBuilder')}
  0x0000026c8031d2cc: 0001 48ba | 20f1 3bf9 | 6c02 0000 | 448b 82cc | 0000 0041 | 83c0 0244 | 8982 cc00 | 0000 4181 
  0x0000026c8031d2ec: e0fe ff1f | 0041 83f8 | 000f 84a8 | 3900 0048 | 8b84 2488 

  0x0000026c8031d300: ;   {metadata(method data for {method} {0x0000026cf909b800} 'toString' '()Ljava/lang/String;' in 'java/lang/StringBuilder')}
  0x0000026c8031d300: 0000 0048 | ba20 f13b | f96c 0200 | 0048 8382 | 1001 0000 

  0x0000026c8031d314: ;   {metadata(method data for {method} {0x0000026cf9098288} 'isLatin1' '()Z' in 'java/lang/AbstractStringBuilder')}
  0x0000026c8031d314: 0148 baa8 | 8b3b f96c | 0200 0044 | 8b82 cc00 | 0000 4183 | c002 4489 | 82cc 0000 | 0041 81e0 
  0x0000026c8031d334: feff 1f00 | 4183 f800 | 0f84 8239 

  0x0000026c8031d340: ;   {metadata(method data for {method} {0x0000026cf9098288} 'isLatin1' '()Z' in 'java/lang/AbstractStringBuilder')}
  0x0000026c8031d340: 0000 48ba | a88b 3bf9 | 6c02 0000 | ff82 2001 | 0000 488b | 8424 8800 | 0000 0fbe | 5010 83fa 
  0x0000026c8031d360: ;   {metadata(method data for {method} {0x0000026cf9098288} 'isLatin1' '()Z' in 'java/lang/AbstractStringBuilder')}
  0x0000026c8031d360: 0048 baa8 | 8b3b f96c | 0200 0049 | b830 0100 | 0000 0000 | 000f 850a | 0000 0049 | b840 0100 
  0x0000026c8031d380: 0000 0000 | 004e 8b0c | 024d 8d49 | 014e 890c | 020f 851a 

  0x0000026c8031d394: ;   {metadata(method data for {method} {0x0000026cf9098288} 'isLatin1' '()Z' in 'java/lang/AbstractStringBuilder')}
  0x0000026c8031d394: 0000 0048 | baa8 8b3b | f96c 0200 | 00ff 8250 | 0100 00ba | 0100 0000 | e905 0000 | 00ba 0000 
  0x0000026c8031d3b4: 0000 83e2 | 0183 fa00 

  0x0000026c8031d3bc: ;   {metadata(method data for {method} {0x0000026cf909b800} 'toString' '()Ljava/lang/String;' in 'java/lang/StringBuilder')}
  0x0000026c8031d3bc: 48ba 20f1 | 3bf9 6c02 | 0000 49b8 | 4801 0000 | 0000 0000 | 0f84 0a00 | 0000 49b8 | 5801 0000 
  0x0000026c8031d3dc: 0000 0000 | 4e8b 0c02 | 4d8d 4901 | 4e89 0c02 | 0f84 3f00 | 0000 8b50 | 1444 8b48 

  0x0000026c8031d3f8: ;   {metadata(method data for {method} {0x0000026cf909b800} 'toString' '()Ljava/lang/String;' in 'java/lang/StringBuilder')}
  0x0000026c8031d3f8: 0c49 b820 | f13b f96c | 0200 0049 | 8380 6801 | 0000 0141 | b800 0000 | 0066 0f1f 

  0x0000026c8031d414: ;   {static_call}
  0x0000026c8031d414: 4400 00e8 

  0x0000026c8031d418: ; ImmutableOopMap {[128]=Oop [152]=Oop [104]=Oop [144]=Oop }
                      ;*invokestatic newString {reexecute=0 rethrow=0 return_oop=0}
                      ; - java.lang.StringBuilder::toString@16
                      ; - org.eclipse.osgi.internal.framework.BundleContextImpl::dispatchEvent@107 (line 977)
  0x0000026c8031d418: e451 2607 

  0x0000026c8031d41c: ;   {metadata(method data for {method} {0x0000026cf909b800} 'toString' '()Ljava/lang/String;' in 'java/lang/StringBuilder')}
  0x0000026c8031d41c: 48ba 20f1 | 3bf9 6c02 | 0000 ff82 | 7801 0000 | e92b 0000 | 008b 5014 | 448b 480c 

  0x0000026c8031d438: ;   {metadata(method data for {method} {0x0000026cf909b800} 'toString' '()Ljava/lang/String;' in 'java/lang/StringBuilder')}
  0x0000026c8031d438: 49b8 20f1 | 3bf9 6c02 | 0000 4983 | 8090 0100 | 0001 41b8 | 0000 0000 | 0f1f 8000 

  0x0000026c8031d454: ;   {static_call}
  0x0000026c8031d454: 0000 00e8 

  0x0000026c8031d458: ; ImmutableOopMap {[128]=Oop [152]=Oop [104]=Oop [144]=Oop }
                      ;*invokestatic newString {reexecute=0 rethrow=0 return_oop=0}
                      ; - java.lang.StringBuilder::toString@31
                      ; - org.eclipse.osgi.internal.framework.BundleContextImpl::dispatchEvent@107 (line 977)
  0x0000026c8031d458: a451 2607 | 4889 8424 | a800 0000 | 0f1f 4000 

  0x0000026c8031d468: ;   {no_reloc}
  0x0000026c8031d468: e987 3800 | 0000 0000 | 0000 498b | 8708 0100 | 0048 8d78 | 1849 3bbf | 1801 0000 | 0f87 7438 
  0x0000026c8031d488: 0000 4989 | bf08 0100 | 0048 c700 | 0100 0000 | 488b ca48 | c1e9 0389 | 4808 4833 | c989 480c 
  0x0000026c8031d4a8: 4833 c948 | 8948 104c 

  0x0000026c8031d4b0: ;   {metadata(method data for {method} {0x0000026cf9af22d8} 'dispatchEvent' '(Ljava/lang/Object;Ljava/lang/Object;ILjava/lang/Object;)V' in 'org/eclipse/osgi/internal/framework/BundleContextImpl')}
  0x0000026c8031d4b0: 8bc0 48ba | 4011 edf9 | 6c02 0000 | 4883 8208 | 0400 0001 

  0x0000026c8031d4c4: ;   {metadata(method data for {method} {0x0000026cf909a228} '<init>' '(Ljava/lang/String;)V' in 'java/lang/StringBuilder')}
  0x0000026c8031d4c4: 49b8 e0af | 7ff9 6c02 | 0000 418b | 90cc 0000 | 0083 c202 | 4189 90cc | 0000 0081 | e2fe ff1f 
  0x0000026c8031d4e4: 0083 fa00 | 0f84 1d38 | 0000 4c8b 

  0x0000026c8031d4f0: ;   {metadata(method data for {method} {0x0000026cf909a228} '<init>' '(Ljava/lang/String;)V' in 'java/lang/StringBuilder')}
  0x0000026c8031d4f0: c048 bae0 | af7f f96c | 0200 0048 | 8382 1001 

  0x0000026c8031d500: ;   {oop("dispatchBundleEvent["{0x00000000eaeeaae0})}
  0x0000026c8031d500: 0000 0149 | b8e0 aaee | ea00 0000 | 0048 8bd0 | 4889 8424 | a000 0000 | 0f1f 8000 

  0x0000026c8031d51c: ;   {optimized virtual_call}
  0x0000026c8031d51c: 0000 00e8 

  0x0000026c8031d520: ; ImmutableOopMap {[128]=Oop [152]=Oop [144]=Oop [104]=Oop [160]=Oop [168]=Oop }
                      ;*invokespecial <init> {reexecute=0 rethrow=0 return_oop=0}
                      ; - java.lang.StringBuilder::<init>@2
                      ; - org.eclipse.osgi.internal.framework.BundleContextImpl::dispatchEvent@119 (line 979)
  0x0000026c8031d520: dc45 2607 | 488b 5424 | 688b 7210 | 488b 8424 | a000 0000 

  0x0000026c8031d534: ;   {metadata(method data for {method} {0x0000026cf9af22d8} 'dispatchEvent' '(Ljava/lang/Object;Ljava/lang/Object;ILjava/lang/Object;)V' in 'org/eclipse/osgi/internal/framework/BundleContextImpl')}
  0x0000026c8031d534: 48bf 4011 | edf9 6c02 | 0000 4883 | 8718 0400 

  0x0000026c8031d544: ;   {metadata(method data for {method} {0x0000026cf909a3f0} 'append' '(Ljava/lang/Object;)Ljava/lang/StringBuilder;' in 'java/lang/StringBuilder')}
  0x0000026c8031d544: 0001 48bf | 18f0 9cf9 | 6c02 0000 | 8b9f cc00 | 0000 83c3 | 0289 9fcc | 0000 0081 | e3fe ff1f 
  0x0000026c8031d564: 0083 fb00 | 0f84 be37 

  0x0000026c8031d56c: ;   {metadata(method data for {method} {0x0000026cf909a3f0} 'append' '(Ljava/lang/Object;)Ljava/lang/StringBuilder;' in 'java/lang/StringBuilder')}
  0x0000026c8031d56c: 0000 48bf | 18f0 9cf9 | 6c02 0000 | 4883 8710 | 0100 0001 

  0x0000026c8031d580: ;   {metadata(method data for {method} {0x0000026cf900b990} 'valueOf' '(Ljava/lang/Object;)Ljava/lang/String;' in 'java/lang/String')}
  0x0000026c8031d580: 48bf 084d | 7df9 6c02 | 0000 8b9f | cc00 0000 | 83c3 0289 | 9fcc 0000 | 0081 e3fe | ff1f 0083 
  0x0000026c8031d5a0: fb00 0f84 | a537 0000 | 4883 fe00 

  0x0000026c8031d5ac: ;   {metadata(method data for {method} {0x0000026cf900b990} 'valueOf' '(Ljava/lang/Object;)Ljava/lang/String;' in 'java/lang/String')}
  0x0000026c8031d5ac: 48bf 084d | 7df9 6c02 | 0000 48bb | 1001 0000 | 0000 0000 | 0f85 0a00 | 0000 48bb | 2001 0000 
  0x0000026c8031d5cc: 0000 0000 | 488b 041f | 488d 4001 | 4889 041f | 0f85 1f00 

  0x0000026c8031d5e0: ;   {metadata(method data for {method} {0x0000026cf900b990} 'valueOf' '(Ljava/lang/Object;)Ljava/lang/String;' in 'java/lang/String')}
  0x0000026c8031d5e0: 0000 48be | 084d 7df9 | 6c02 0000 | ff86 3001 

  0x0000026c8031d5f0: ;   {oop("null"{0x00000000c0000f10})}
  0x0000026c8031d5f0: 0000 48be | 100f 00c0 | 0000 0000 | e99e 0000 | 0048 3b06 

  0x0000026c8031d604: ;   {metadata(method data for {method} {0x0000026cf900b990} 'valueOf' '(Ljava/lang/Object;)Ljava/lang/String;' in 'java/lang/String')}
  0x0000026c8031d604: 488b fe48 | bb08 4d7d | f96c 0200 | 008b 7f08 | 48c1 e703 | 483b bb58 | 0100 0075 | 0d48 8383 
  0x0000026c8031d624: 6001 0000 | 01e9 6600 | 0000 483b | bb68 0100 | 0075 0d48 | 8383 7001 | 0000 01e9 | 5000 0000 
  0x0000026c8031d644: 4881 bb58 | 0100 0000 | 0000 0075 | 1748 89bb | 5801 0000 | 48c7 8360 | 0100 0001 | 0000 00e9 
  0x0000026c8031d664: 2c00 0000 | 4881 bb68 | 0100 0000 | 0000 0075 | 1748 89bb | 6801 0000 | 48c7 8370 | 0100 0001 
  0x0000026c8031d684: 0000 00e9 | 0800 0000 | 4883 8348 | 0100 0001 

  0x0000026c8031d694: ;   {optimized virtual_call}
  0x0000026c8031d694: 488b d6e8 

  0x0000026c8031d698: ; ImmutableOopMap {[128]=Oop [152]=Oop [144]=Oop [160]=Oop [168]=Oop [104]=Oop }
                      ;*invokevirtual toString {reexecute=0 rethrow=0 return_oop=0}
                      ; - java.lang.String::valueOf@11
                      ; - java.lang.StringBuilder::append@2
                      ; - org.eclipse.osgi.internal.framework.BundleContextImpl::dispatchEvent@126 (line 979)
  0x0000026c8031d698: 6444 2607 | 488b f048 | 8b84 24a0 

  0x0000026c8031d6a4: ;   {metadata(method data for {method} {0x0000026cf909a3f0} 'append' '(Ljava/lang/Object;)Ljava/lang/StringBuilder;' in 'java/lang/StringBuilder')}
  0x0000026c8031d6a4: 0000 0049 | b818 f09c | f96c 0200 | 0049 8380 | 2001 0000 

  0x0000026c8031d6b8: ;   {metadata(method data for {method} {0x0000026cf909a488} 'append' '(Ljava/lang/String;)Ljava/lang/StringBuilder;' in 'java/lang/StringBuilder')}
  0x0000026c8031d6b8: 0149 b878 | ed3b f96c | 0200 0041 | 8b90 cc00 | 0000 83c2 | 0241 8990 | cc00 0000 | 81e2 feff 
  0x0000026c8031d6d8: 1f00 83fa | 000f 8490 | 3600 0048 | 8b84 24a0 

  0x0000026c8031d6e8: ;   {metadata(method data for {method} {0x0000026cf909a488} 'append' '(Ljava/lang/String;)Ljava/lang/StringBuilder;' in 'java/lang/StringBuilder')}
  0x0000026c8031d6e8: 0000 0049 | b878 ed3b | f96c 0200 | 0049 8380 | 1001 0000 | 014c 8bc6 | 488b 9424 | a000 0000 
  0x0000026c8031d708: 0f1f 8000 

  0x0000026c8031d70c: ;   {optimized virtual_call}
  0x0000026c8031d70c: 0000 00e8 

  0x0000026c8031d710: ; ImmutableOopMap {[128]=Oop [152]=Oop [144]=Oop [160]=Oop [168]=Oop [104]=Oop }
                      ;*invokespecial append {reexecute=0 rethrow=0 return_oop=0}
                      ; - java.lang.StringBuilder::append@2
                      ; - java.lang.StringBuilder::append@5
                      ; - org.eclipse.osgi.internal.framework.BundleContextImpl::dispatchEvent@126 (line 979)
  0x0000026c8031d710: ec43 2607 | 4c8b 8424 | a000 0000 

  0x0000026c8031d71c: ;   {metadata(method data for {method} {0x0000026cf9af22d8} 'dispatchEvent' '(Ljava/lang/Object;Ljava/lang/Object;ILjava/lang/Object;)V' in 'org/eclipse/osgi/internal/framework/BundleContextImpl')}
  0x0000026c8031d71c: 48ba 4011 | edf9 6c02 | 0000 4883 | 8250 0400 

  0x0000026c8031d72c: ;   {metadata(method data for {method} {0x0000026cf909a488} 'append' '(Ljava/lang/String;)Ljava/lang/StringBuilder;' in 'java/lang/StringBuilder')}
  0x0000026c8031d72c: 0001 49b8 | 78ed 3bf9 | 6c02 0000 | 418b 90cc | 0000 0083 | c202 4189 | 90cc 0000 | 0081 e2fe 
  0x0000026c8031d74c: ff1f 0083 | fa00 0f84 | 3c36 0000 | 4c8b 8424 | a000 0000 

  0x0000026c8031d760: ;   {metadata(method data for {method} {0x0000026cf909a488} 'append' '(Ljava/lang/String;)Ljava/lang/StringBuilder;' in 'java/lang/StringBuilder')}
  0x0000026c8031d760: 48ba 78ed | 3bf9 6c02 | 0000 4883 | 8210 0100 

  0x0000026c8031d770: ;   {oop("]("{0x00000000eaeeab20})}
  0x0000026c8031d770: 0001 49b8 | 20ab eeea | 0000 0000 | 488b 9424 | a000 0000 

  0x0000026c8031d784: ;   {optimized virtual_call}
  0x0000026c8031d784: 6666 90e8 

  0x0000026c8031d788: ; ImmutableOopMap {[128]=Oop [152]=Oop [144]=Oop [160]=Oop [104]=Oop [168]=Oop }
                      ;*invokespecial append {reexecute=0 rethrow=0 return_oop=0}
                      ; - java.lang.StringBuilder::append@2
                      ; - org.eclipse.osgi.internal.framework.BundleContextImpl::dispatchEvent@132 (line 979)
  0x0000026c8031d788: 7443 2607 | 488b 8424 | a000 0000 

  0x0000026c8031d794: ;   {metadata(method data for {method} {0x0000026cf9af22d8} 'dispatchEvent' '(Ljava/lang/Object;Ljava/lang/Object;ILjava/lang/Object;)V' in 'org/eclipse/osgi/internal/framework/BundleContextImpl')}
  0x0000026c8031d794: 49b8 4011 | edf9 6c02 | 0000 4983 | 8088 0400 

  0x0000026c8031d7a4: ;   {metadata(method data for {method} {0x0000026cf909a488} 'append' '(Ljava/lang/String;)Ljava/lang/StringBuilder;' in 'java/lang/StringBuilder')}
  0x0000026c8031d7a4: 0001 49b8 | 78ed 3bf9 | 6c02 0000 | 418b 90cc | 0000 0083 | c202 4189 | 90cc 0000 | 0081 e2fe 
  0x0000026c8031d7c4: ff1f 0083 | fa00 0f84 | e535 0000 | 488b 8424 | a000 0000 

  0x0000026c8031d7d8: ;   {metadata(method data for {method} {0x0000026cf909a488} 'append' '(Ljava/lang/String;)Ljava/lang/StringBuilder;' in 'java/lang/StringBuilder')}
  0x0000026c8031d7d8: 49b8 78ed | 3bf9 6c02 | 0000 4983 | 8010 0100 | 0001 4c8b | 8424 a800 | 0000 488b | 9424 a000 
  0x0000026c8031d7f8: 0000 0f1f 

  0x0000026c8031d7fc: ;   {optimized virtual_call}
  0x0000026c8031d7fc: 4400 00e8 

  0x0000026c8031d800: ; ImmutableOopMap {[128]=Oop [152]=Oop [144]=Oop [160]=Oop [104]=Oop }
                      ;*invokespecial append {reexecute=0 rethrow=0 return_oop=0}
                      ; - java.lang.StringBuilder::append@2
                      ; - org.eclipse.osgi.internal.framework.BundleContextImpl::dispatchEvent@137 (line 979)
  0x0000026c8031d800: fc42 2607 | 488b 8424 | a000 0000 

  0x0000026c8031d80c: ;   {metadata(method data for {method} {0x0000026cf9af22d8} 'dispatchEvent' '(Ljava/lang/Object;Ljava/lang/Object;ILjava/lang/Object;)V' in 'org/eclipse/osgi/internal/framework/BundleContextImpl')}
  0x0000026c8031d80c: 49b8 4011 | edf9 6c02 | 0000 4983 | 80c0 0400 

  0x0000026c8031d81c: ;   {metadata(method data for {method} {0x0000026cf909a488} 'append' '(Ljava/lang/String;)Ljava/lang/StringBuilder;' in 'java/lang/StringBuilder')}
  0x0000026c8031d81c: 0001 49b8 | 78ed 3bf9 | 6c02 0000 | 418b 90cc | 0000 0083 | c202 4189 | 90cc 0000 | 0081 e2fe 
  0x0000026c8031d83c: ff1f 0083 | fa00 0f84 | 8e35 0000 | 488b 8424 | a000 0000 

  0x0000026c8031d850: ;   {metadata(method data for {method} {0x0000026cf909a488} 'append' '(Ljava/lang/String;)Ljava/lang/StringBuilder;' in 'java/lang/StringBuilder')}
  0x0000026c8031d850: 49b8 78ed | 3bf9 6c02 | 0000 4983 | 8010 0100 

  0x0000026c8031d860: ;   {oop(")"{0x00000000c0001cf0})}
  0x0000026c8031d860: 0001 49b8 | f01c 00c0 | 0000 0000 | 488b 9424 | a000 0000 

  0x0000026c8031d874: ;   {optimized virtual_call}
  0x0000026c8031d874: 6666 90e8 

  0x0000026c8031d878: ; ImmutableOopMap {[128]=Oop [152]=Oop [144]=Oop [160]=Oop [104]=Oop }
                      ;*invokespecial append {reexecute=0 rethrow=0 return_oop=0}
                      ; - java.lang.StringBuilder::append@2
                      ; - org.eclipse.osgi.internal.framework.BundleContextImpl::dispatchEvent@143 (line 979)
  0x0000026c8031d878: 8442 2607 | 488b 8424 | a000 0000 

  0x0000026c8031d884: ;   {metadata(method data for {method} {0x0000026cf9af22d8} 'dispatchEvent' '(Ljava/lang/Object;Ljava/lang/Object;ILjava/lang/Object;)V' in 'org/eclipse/osgi/internal/framework/BundleContextImpl')}
  0x0000026c8031d884: 48ba 4011 | edf9 6c02 | 0000 4883 | 82f8 0400 

  0x0000026c8031d894: ;   {metadata(method data for {method} {0x0000026cf909b800} 'toString' '()Ljava/lang/String;' in 'java/lang/StringBuilder')}
  0x0000026c8031d894: 0001 48ba | 20f1 3bf9 | 6c02 0000 | 448b 82cc | 0000 0041 | 83c0 0244 | 8982 cc00 | 0000 4181 
  0x0000026c8031d8b4: e0fe ff1f | 0041 83f8 | 000f 8434 | 3500 0048 | 8b84 24a0 

  0x0000026c8031d8c8: ;   {metadata(method data for {method} {0x0000026cf909b800} 'toString' '()Ljava/lang/String;' in 'java/lang/StringBuilder')}
  0x0000026c8031d8c8: 0000 0048 | ba20 f13b | f96c 0200 | 0048 8382 | 1001 0000 

  0x0000026c8031d8dc: ;   {metadata(method data for {method} {0x0000026cf9098288} 'isLatin1' '()Z' in 'java/lang/AbstractStringBuilder')}
  0x0000026c8031d8dc: 0148 baa8 | 8b3b f96c | 0200 0044 | 8b82 cc00 | 0000 4183 | c002 4489 | 82cc 0000 | 0041 81e0 
  0x0000026c8031d8fc: feff 1f00 | 4183 f800 | 0f84 0e35 

  0x0000026c8031d908: ;   {metadata(method data for {method} {0x0000026cf9098288} 'isLatin1' '()Z' in 'java/lang/AbstractStringBuilder')}
  0x0000026c8031d908: 0000 48ba | a88b 3bf9 | 6c02 0000 | ff82 2001 | 0000 488b | 8424 a000 | 0000 0fbe | 5010 83fa 
  0x0000026c8031d928: ;   {metadata(method data for {method} {0x0000026cf9098288} 'isLatin1' '()Z' in 'java/lang/AbstractStringBuilder')}
  0x0000026c8031d928: 0048 baa8 | 8b3b f96c | 0200 0049 | b830 0100 | 0000 0000 | 000f 850a | 0000 0049 | b840 0100 
  0x0000026c8031d948: 0000 0000 | 004e 8b0c | 024d 8d49 | 014e 890c | 020f 851a 

  0x0000026c8031d95c: ;   {metadata(method data for {method} {0x0000026cf9098288} 'isLatin1' '()Z' in 'java/lang/AbstractStringBuilder')}
  0x0000026c8031d95c: 0000 0048 | baa8 8b3b | f96c 0200 | 00ff 8250 | 0100 00ba | 0100 0000 | e905 0000 | 00ba 0000 
  0x0000026c8031d97c: 0000 83e2 | 0183 fa00 

  0x0000026c8031d984: ;   {metadata(method data for {method} {0x0000026cf909b800} 'toString' '()Ljava/lang/String;' in 'java/lang/StringBuilder')}
  0x0000026c8031d984: 48ba 20f1 | 3bf9 6c02 | 0000 49b8 | 4801 0000 | 0000 0000 | 0f84 0a00 | 0000 49b8 | 5801 0000 
  0x0000026c8031d9a4: 0000 0000 | 4e8b 0c02 | 4d8d 4901 | 4e89 0c02 | 0f84 3f00 | 0000 8b50 | 1444 8b48 

  0x0000026c8031d9c0: ;   {metadata(method data for {method} {0x0000026cf909b800} 'toString' '()Ljava/lang/String;' in 'java/lang/StringBuilder')}
  0x0000026c8031d9c0: 0c49 b820 | f13b f96c | 0200 0049 | 8380 6801 | 0000 0141 | b800 0000 | 0066 0f1f 

  0x0000026c8031d9dc: ;   {static_call}
  0x0000026c8031d9dc: 4400 00e8 

  0x0000026c8031d9e0: ; ImmutableOopMap {[128]=Oop [152]=Oop [144]=Oop [104]=Oop }
                      ;*invokestatic newString {reexecute=0 rethrow=0 return_oop=0}
                      ; - java.lang.StringBuilder::toString@16
                      ; - org.eclipse.osgi.internal.framework.BundleContextImpl::dispatchEvent@146 (line 979)
  0x0000026c8031d9e0: 1c4c 2607 

  0x0000026c8031d9e4: ;   {metadata(method data for {method} {0x0000026cf909b800} 'toString' '()Ljava/lang/String;' in 'java/lang/StringBuilder')}
  0x0000026c8031d9e4: 48ba 20f1 | 3bf9 6c02 | 0000 ff82 | 7801 0000 | e92b 0000 | 008b 5014 | 448b 480c 

  0x0000026c8031da00: ;   {metadata(method data for {method} {0x0000026cf909b800} 'toString' '()Ljava/lang/String;' in 'java/lang/StringBuilder')}
  0x0000026c8031da00: 49b8 20f1 | 3bf9 6c02 | 0000 4983 | 8090 0100 | 0001 41b8 | 0000 0000 | 0f1f 8000 

  0x0000026c8031da1c: ;   {static_call}
  0x0000026c8031da1c: 0000 00e8 

  0x0000026c8031da20: ; ImmutableOopMap {[128]=Oop [152]=Oop [144]=Oop [104]=Oop }
                      ;*invokestatic newString {reexecute=0 rethrow=0 return_oop=0}
                      ; - java.lang.StringBuilder::toString@31
                      ; - org.eclipse.osgi.internal.framework.BundleContextImpl::dispatchEvent@146 (line 979)
  0x0000026c8031da20: dc4b 2607 

  0x0000026c8031da24: ;   {metadata(method data for {method} {0x0000026cf9af22d8} 'dispatchEvent' '(Ljava/lang/Object;Ljava/lang/Object;ILjava/lang/Object;)V' in 'org/eclipse/osgi/internal/framework/BundleContextImpl')}
  0x0000026c8031da24: 49b8 4011 | edf9 6c02 | 0000 4983 | 8030 0500 

  0x0000026c8031da34: ;   {metadata(method data for {method} {0x0000026cf9869150} 'println' '(Ljava/lang/String;)V' in 'org/eclipse/osgi/internal/debug/Debug')}
  0x0000026c8031da34: 0001 49b8 | 68ae cef9 | 6c02 0000 | 418b 90cc | 0000 0083 | c202 4189 | 90cc 0000 | 0081 e2fe 
  0x0000026c8031da54: ff1f 0083 | fa00 0f84 | d933 0000 

  0x0000026c8031da60: ;   {oop(a 'java/lang/Class'{0x00000000c00042a0} = 'org/eclipse/osgi/internal/debug/Debug')}
  0x0000026c8031da60: 49b8 a042 | 00c0 0000 | 0000 418b | 90d4 0000 | 0048 3b02 

  0x0000026c8031da74: ;   {metadata(method data for {method} {0x0000026cf9869150} 'println' '(Ljava/lang/String;)V' in 'org/eclipse/osgi/internal/debug/Debug')}
  0x0000026c8031da74: 4c8b c248 | be68 aece | f96c 0200 

  0x0000026c8031da80: ;   {metadata('java/io/PrintStream')}
  0x0000026c8031da80: 0049 ba50 | 8906 0001 | 0000 004c | 8996 2001 | 0000 4883 | 8628 0100 | 0001 4c8b 

  0x0000026c8031da9c: ;   {optimized virtual_call}
  0x0000026c8031da9c: c066 90e8 

  0x0000026c8031daa0: ; ImmutableOopMap {[128]=Oop [152]=Oop [144]=Oop [104]=Oop }
                      ;*invokevirtual println {reexecute=0 rethrow=0 return_oop=0}
                      ; - org.eclipse.osgi.internal.debug.Debug::println@4 (line 358)
                      ; - org.eclipse.osgi.internal.framework.BundleContextImpl::dispatchEvent@149 (line 979)
  0x0000026c8031daa0: 5c40 2607 | 488b 9c24 | 9000 0000 | 488b b424 | 8000 0000 | 4883 fe00 

  0x0000026c8031dab8: ;   {metadata(method data for {method} {0x0000026cf9af22d8} 'dispatchEvent' '(Ljava/lang/Object;Ljava/lang/Object;ILjava/lang/Object;)V' in 'org/eclipse/osgi/internal/framework/BundleContextImpl')}
  0x0000026c8031dab8: 7516 48bf | 4011 edf9 | 6c02 0000 | 808f 3905 | 0000 01e9 | c000 0000 

  0x0000026c8031dad0: ;   {metadata('org/osgi/framework/BundleEvent')}
  0x0000026c8031dad0: 48b8 78d4 | 0c00 0100 | 0000 8b56 | 0848 c1e2 | 0348 3bc2 | 0f85 8a00 

  0x0000026c8031dae8: ;   {metadata(method data for {method} {0x0000026cf9af22d8} 'dispatchEvent' '(Ljava/lang/Object;Ljava/lang/Object;ILjava/lang/Object;)V' in 'org/eclipse/osgi/internal/framework/BundleContextImpl')}
  0x0000026c8031dae8: 0000 48bf | 4011 edf9 | 6c02 0000 | 8b46 0848 | c1e0 0348 | 3b87 5005 | 0000 750d | 4883 8758 
  0x0000026c8031db08: 0500 0001 | e97f 0000 | 0048 3b87 | 6005 0000 | 750d 4883 | 8768 0500 | 0001 e969 | 0000 0048 
  0x0000026c8031db28: 81bf 5005 | 0000 0000 | 0000 7517 | 4889 8750 | 0500 0048 | c787 5805 | 0000 0100 | 0000 e945 
  0x0000026c8031db48: 0000 0048 | 81bf 6005 | 0000 0000 | 0000 7517 | 4889 8760 | 0500 0048 | c787 6805 | 0000 0100 
  0x0000026c8031db68: 0000 e921 | 0000 00e9 | 1c00 0000 

  0x0000026c8031db74: ;   {metadata(method data for {method} {0x0000026cf9af22d8} 'dispatchEvent' '(Ljava/lang/Object;Ljava/lang/Object;ILjava/lang/Object;)V' in 'org/eclipse/osgi/internal/framework/BundleContextImpl')}
  0x0000026c8031db74: 48bf 4011 | edf9 6c02 | 0000 4883 | af40 0500 | 0001 e9d4 | 3200 00e9 | 0000 0000 | 4c8b c648 
  0x0000026c8031db94: 3b03 488b 

  0x0000026c8031db98: ;   {metadata(method data for {method} {0x0000026cf9af22d8} 'dispatchEvent' '(Ljava/lang/Object;Ljava/lang/Object;ILjava/lang/Object;)V' in 'org/eclipse/osgi/internal/framework/BundleContextImpl')}
  0x0000026c8031db98: d348 bf40 | 11ed f96c | 0200 008b | 5208 48c1 | e203 483b | 9788 0500 | 0075 0d48 | 8387 9005 
  0x0000026c8031dbb8: 0000 01e9 | 6600 0000 | 483b 9798 | 0500 0075 | 0d48 8387 | a005 0000 | 01e9 5000 | 0000 4881 
  0x0000026c8031dbd8: bf88 0500 | 0000 0000 | 0075 1748 | 8997 8805 | 0000 48c7 | 8790 0500 | 0001 0000 | 00e9 2c00 
  0x0000026c8031dbf8: 0000 4881 | bf98 0500 | 0000 0000 | 0075 1748 | 8997 9805 | 0000 48c7 | 87a0 0500 | 0001 0000 
  0x0000026c8031dc18: 00e9 0800 | 0000 4883 | 8778 0500 | 0001 488b | d30f 1f40 | 0048 b8ff | ffff ffff 

  0x0000026c8031dc34: ;   {virtual_call}
  0x0000026c8031dc34: ffff ffe8 

  0x0000026c8031dc38: ; ImmutableOopMap {[152]=Oop [104]=Oop [128]=Oop }
                      ;*invokeinterface bundleChanged {reexecute=0 rethrow=0 return_oop=0}
                      ; - org.eclipse.osgi.internal.framework.BundleContextImpl::dispatchEvent@159 (line 982)
  0x0000026c8031dc38: a407 2607 

  0x0000026c8031dc3c: ;   {metadata(method data for {method} {0x0000026cf9af22d8} 'dispatchEvent' '(Ljava/lang/Object;Ljava/lang/Object;ILjava/lang/Object;)V' in 'org/eclipse/osgi/internal/framework/BundleContextImpl')}
  0x0000026c8031dc3c: 48ba 4011 | edf9 6c02 | 0000 ff82 | b005 0000 | 488b 8424 | 9800 0000 | e9ac 1e00 | 004c 8b4c 
  0x0000026c8031dc5c: 2478 4983 | f900 7516 

  0x0000026c8031dc64: ;   {metadata(method data for {method} {0x0000026cf9af22d8} 'dispatchEvent' '(Ljava/lang/Object;Ljava/lang/Object;ILjava/lang/Object;)V' in 'org/eclipse/osgi/internal/framework/BundleContextImpl')}
  0x0000026c8031dc64: 48bf 4011 | edf9 6c02 | 0000 808f | 3109 0000 | 01e9 de00 

  0x0000026c8031dc78: ;   {metadata('org/osgi/framework/FrameworkListener')}
  0x0000026c8031dc78: 0000 48b8 | 30cc 0c00 | 0100 0000 | 418b 7908 | 48c1 e703 | 483b 4720 | 0f84 1b00 | 0000 483b 
  0x0000026c8031dc98: f80f 8412 | 0000 0057 

  0x0000026c8031dca0: ;   {runtime_call slow_subtype_check Runtime1 stub}
  0x0000026c8031dca0: 50e8 5a9a | 3007 5f5f | 83ff 000f | 848b 0000 

  0x0000026c8031dcb0: ;   {metadata(method data for {method} {0x0000026cf9af22d8} 'dispatchEvent' '(Ljava/lang/Object;Ljava/lang/Object;ILjava/lang/Object;)V' in 'org/eclipse/osgi/internal/framework/BundleContextImpl')}
  0x0000026c8031dcb0: 0048 bf40 | 11ed f96c | 0200 0041 | 8b41 0848 | c1e0 0348 | 3b87 4809 | 0000 750d | 4883 8750 
  0x0000026c8031dcd0: 0900 0001 | e97f 0000 | 0048 3b87 | 5809 0000 | 750d 4883 | 8760 0900 | 0001 e969 | 0000 0048 
  0x0000026c8031dcf0: 81bf 4809 | 0000 0000 | 0000 7517 | 4889 8748 | 0900 0048 | c787 5009 | 0000 0100 | 0000 e945 
  0x0000026c8031dd10: 0000 0048 | 81bf 5809 | 0000 0000 | 0000 7517 | 4889 8758 | 0900 0048 | c787 6009 | 0000 0100 
  0x0000026c8031dd30: 0000 e921 | 0000 00e9 | 1c00 0000 

  0x0000026c8031dd3c: ;   {metadata(method data for {method} {0x0000026cf9af22d8} 'dispatchEvent' '(Ljava/lang/Object;Ljava/lang/Object;ILjava/lang/Object;)V' in 'org/eclipse/osgi/internal/framework/BundleContextImpl')}
  0x0000026c8031dd3c: 48bf 4011 | edf9 6c02 | 0000 4883 | af38 0900 | 0001 e91a | 3100 00e9 | 0000 0000 | 498b d98b 
  0x0000026c8031dd5c: 7218 0fbe | 7611 83fe 

  0x0000026c8031dd64: ;   {metadata(method data for {method} {0x0000026cf9af22d8} 'dispatchEvent' '(Ljava/lang/Object;Ljava/lang/Object;ILjava/lang/Object;)V' in 'org/eclipse/osgi/internal/framework/BundleContextImpl')}
  0x0000026c8031dd64: 0048 be40 | 11ed f96c | 0200 0048 | bf70 0900 | 0000 0000 | 000f 840a | 0000 0048 | bf80 0900 
  0x0000026c8031dd84: 0000 0000 | 0048 8b04 | 3e48 8d40 | 0148 8904 | 3e0f 8459 | 0c00 000f | 1f44 0000 

  0x0000026c8031dda0: ;   {no_reloc}
  0x0000026c8031dda0: e9e5 3000 | 0000 0000 | 0000 498b | 8708 0100 | 0048 8d78 | 1849 3bbf | 1801 0000 | 0f87 d230 
  0x0000026c8031ddc0: 0000 4989 | bf08 0100 | 0048 c700 | 0100 0000 | 488b ca48 | c1e9 0389 | 4808 4833 | c989 480c 
  0x0000026c8031dde0: 4833 c948 | 8948 1048 | 3b03 488b 

  0x0000026c8031ddec: ;   {metadata(method data for {method} {0x0000026cf9af22d8} 'dispatchEvent' '(Ljava/lang/Object;Ljava/lang/Object;ILjava/lang/Object;)V' in 'org/eclipse/osgi/internal/framework/BundleContextImpl')}
  0x0000026c8031ddec: d348 be40 | 11ed f96c | 0200 0048 | 8386 9009 | 0000 018b | 5308 48c1 | e203 488b | 5270 488b 
  0x0000026c8031de0c: 1248 3b02 

  0x0000026c8031de10: ;   {metadata(method data for {method} {0x0000026cf9af22d8} 'dispatchEvent' '(Ljava/lang/Object;Ljava/lang/Object;ILjava/lang/Object;)V' in 'org/eclipse/osgi/internal/framework/BundleContextImpl')}
  0x0000026c8031de10: 488b f248 | bf40 11ed | f96c 0200 | 0048 8387 | c809 0000 

  0x0000026c8031de24: ;   {metadata(method data for {method} {0x0000026cf90134f0} 'getName' '()Ljava/lang/String;' in 'java/lang/Class')}
  0x0000026c8031de24: 0148 bed8 | 595f f96c | 0200 008b | becc 0000 | 0083 c702 | 89be cc00 | 0000 81e7 | feff 1f00 
  0x0000026c8031de44: 83ff 000f | 845e 3000 | 008b 722c | 4883 fe00 

  0x0000026c8031de54: ;   {metadata(method data for {method} {0x0000026cf90134f0} 'getName' '()Ljava/lang/String;' in 'java/lang/Class')}
  0x0000026c8031de54: 48bf d859 | 5ff9 6c02 | 0000 48b9 | 1001 0000 | 0000 0000 | 0f84 0a00 | 0000 48b9 | 2001 0000 
  0x0000026c8031de74: 0000 0000 | 4c8b 0c0f | 4d8d 4901 | 4c89 0c0f | 0f84 2500 

  0x0000026c8031de88: ;   {metadata(method data for {method} {0x0000026cf90134f0} 'getName' '()Ljava/lang/String;' in 'java/lang/Class')}
  0x0000026c8031de88: 0000 48ba | d859 5ff9 | 6c02 0000 | ff82 3001 | 0000 4889 | 8424 b000 | 0000 4889 | 9c24 b800 
  0x0000026c8031dea8: 0000 e930 | 0000 0048 | 8984 24b0 | 0000 0048 | 899c 24b8 | 0000 0048 

  0x0000026c8031dec0: ;   {metadata(method data for {method} {0x0000026cf90134f0} 'getName' '()Ljava/lang/String;' in 'java/lang/Class')}
  0x0000026c8031dec0: 8bfa 48b9 | d859 5ff9 | 6c02 0000 | 4883 8148 | 0100 0001 

  0x0000026c8031ded4: ;   {optimized virtual_call}
  0x0000026c8031ded4: 6666 90e8 

  0x0000026c8031ded8: ; ImmutableOopMap {[152]=Oop [128]=Oop [184]=Oop [104]=Oop [176]=Oop }
                      ;*invokevirtual initClassName {reexecute=0 rethrow=0 return_oop=0}
                      ; - java.lang.Class::getName@14
                      ; - org.eclipse.osgi.internal.framework.BundleContextImpl::dispatchEvent@307 (line 1003)
  0x0000026c8031ded8: 243c 2607 

  0x0000026c8031dedc: ;   {metadata(method data for {method} {0x0000026cf9af22d8} 'dispatchEvent' '(Ljava/lang/Object;Ljava/lang/Object;ILjava/lang/Object;)V' in 'org/eclipse/osgi/internal/framework/BundleContextImpl')}
  0x0000026c8031dedc: 488b f048 | ba40 11ed | f96c 0200 | 0048 8382 | 000a 0000 

  0x0000026c8031def0: ;   {metadata(method data for {method} {0x0000026cf900b990} 'valueOf' '(Ljava/lang/Object;)Ljava/lang/String;' in 'java/lang/String')}
  0x0000026c8031def0: 0148 ba08 | 4d7d f96c | 0200 008b | bacc 0000 | 0083 c702 | 89ba cc00 | 0000 81e7 | feff 1f00 
  0x0000026c8031df10: 83ff 000f | 84b3 2f00 | 0048 83fe 

  0x0000026c8031df1c: ;   {metadata(method data for {method} {0x0000026cf900b990} 'valueOf' '(Ljava/lang/Object;)Ljava/lang/String;' in 'java/lang/String')}
  0x0000026c8031df1c: 0048 ba08 | 4d7d f96c | 0200 0048 | bf10 0100 | 0000 0000 | 000f 850a | 0000 0048 | bf20 0100 
  0x0000026c8031df3c: 0000 0000 | 0048 8b1c | 3a48 8d5b | 0148 891c | 3a0f 851f 

  0x0000026c8031df50: ;   {metadata(method data for {method} {0x0000026cf900b990} 'valueOf' '(Ljava/lang/Object;)Ljava/lang/String;' in 'java/lang/String')}
  0x0000026c8031df50: 0000 0048 | ba08 4d7d | f96c 0200 | 00ff 8230 

  0x0000026c8031df60: ;   {oop("null"{0x00000000c0000f10})}
  0x0000026c8031df60: 0100 0048 | be10 0f00 | c000 0000 | 00e9 ad00 | 0000 483b | 0648 8bd6 

  0x0000026c8031df78: ;   {metadata(method data for {method} {0x0000026cf900b990} 'valueOf' '(Ljava/lang/Object;)Ljava/lang/String;' in 'java/lang/String')}
  0x0000026c8031df78: 48bf 084d | 7df9 6c02 | 0000 8b52 | 0848 c1e2 | 0348 3b97 | 5801 0000 | 750d 4883 | 8760 0100 
  0x0000026c8031df98: 0001 e966 | 0000 0048 | 3b97 6801 | 0000 750d | 4883 8770 | 0100 0001 | e950 0000 | 0048 81bf 
  0x0000026c8031dfb8: 5801 0000 | 0000 0000 | 7517 4889 | 9758 0100 | 0048 c787 | 6001 0000 | 0100 0000 | e92c 0000 
  0x0000026c8031dfd8: 0048 81bf | 6801 0000 | 0000 0000 | 7517 4889 | 9768 0100 | 0048 c787 | 7001 0000 | 0100 0000 
  0x0000026c8031dff8: e908 0000 | 0048 8387 | 4801 0000 | 0148 8bd6 | 0f1f 4400 | 0048 b8ff | ffff ffff 

  0x0000026c8031e014: ;   {virtual_call}
  0x0000026c8031e014: ffff ffe8 

  0x0000026c8031e018: ; ImmutableOopMap {[152]=Oop [128]=Oop [184]=Oop [104]=Oop [176]=Oop }
                      ;*invokevirtual toString {reexecute=0 rethrow=0 return_oop=0}
                      ; - java.lang.String::valueOf@11
                      ; - org.eclipse.osgi.internal.framework.BundleContextImpl::dispatchEvent@310 (line 1003)
  0x0000026c8031e018: 6440 2607 | 488b f048 | 8b84 24b0 

  0x0000026c8031e024: ;   {metadata(method data for {method} {0x0000026cf9af22d8} 'dispatchEvent' '(Ljava/lang/Object;Ljava/lang/Object;ILjava/lang/Object;)V' in 'org/eclipse/osgi/internal/framework/BundleContextImpl')}
  0x0000026c8031e024: 0000 0049 | b840 11ed | f96c 0200 | 0049 8380 | 100a 0000 

  0x0000026c8031e038: ;   {metadata(method data for {method} {0x0000026cf909a228} '<init>' '(Ljava/lang/String;)V' in 'java/lang/StringBuilder')}
  0x0000026c8031e038: 0149 b8e0 | af7f f96c | 0200 0041 | 8b90 cc00 | 0000 83c2 | 0241 8990 | cc00 0000 | 81e2 feff 
  0x0000026c8031e058: 1f00 83fa | 000f 848f | 2e00 0048 | 8b84 24b0 

  0x0000026c8031e068: ;   {metadata(method data for {method} {0x0000026cf909a228} '<init>' '(Ljava/lang/String;)V' in 'java/lang/StringBuilder')}
  0x0000026c8031e068: 0000 0049 | b8e0 af7f | f96c 0200 | 0049 8380 | 1001 0000 | 014c 8bc6 | 488b 9424 | b000 0000 
  0x0000026c8031e088: 0f1f 8000 

  0x0000026c8031e08c: ;   {optimized virtual_call}
  0x0000026c8031e08c: 0000 00e8 

  0x0000026c8031e090: ; ImmutableOopMap {[152]=Oop [128]=Oop [184]=Oop [104]=Oop [176]=Oop }
                      ;*invokespecial <init> {reexecute=0 rethrow=0 return_oop=0}
                      ; - java.lang.StringBuilder::<init>@2
                      ; - org.eclipse.osgi.internal.framework.BundleContextImpl::dispatchEvent@313 (line 1003)
  0x0000026c8031e090: 6c3a 2607 | 488b 8424 | b000 0000 

  0x0000026c8031e09c: ;   {metadata(method data for {method} {0x0000026cf9af22d8} 'dispatchEvent' '(Ljava/lang/Object;Ljava/lang/Object;ILjava/lang/Object;)V' in 'org/eclipse/osgi/internal/framework/BundleContextImpl')}
  0x0000026c8031e09c: 49b8 4011 | edf9 6c02 | 0000 4983 | 8020 0a00 

  0x0000026c8031e0ac: ;   {metadata(method data for {method} {0x0000026cf909a488} 'append' '(Ljava/lang/String;)Ljava/lang/StringBuilder;' in 'java/lang/StringBuilder')}
  0x0000026c8031e0ac: 0001 49b8 | 78ed 3bf9 | 6c02 0000 | 418b 90cc | 0000 0083 | c202 4189 | 90cc 0000 | 0081 e2fe 
  0x0000026c8031e0cc: ff1f 0083 | fa00 0f84 | 3b2e 0000 | 488b 8424 | b000 0000 

  0x0000026c8031e0e0: ;   {metadata(method data for {method} {0x0000026cf909a488} 'append' '(Ljava/lang/String;)Ljava/lang/StringBuilder;' in 'java/lang/StringBuilder')}
  0x0000026c8031e0e0: 49b8 78ed | 3bf9 6c02 | 0000 4983 | 8010 0100 

  0x0000026c8031e0f0: ;   {oop("@"{0x00000000c0000028})}
  0x0000026c8031e0f0: 0001 49b8 | 2800 00c0 | 0000 0000 | 488b 9424 | b000 0000 

  0x0000026c8031e104: ;   {optimized virtual_call}
  0x0000026c8031e104: 6666 90e8 

  0x0000026c8031e108: ; ImmutableOopMap {[152]=Oop [128]=Oop [184]=Oop [104]=Oop [176]=Oop }
                      ;*invokespecial append {reexecute=0 rethrow=0 return_oop=0}
                      ; - java.lang.StringBuilder::append@2
                      ; - org.eclipse.osgi.internal.framework.BundleContextImpl::dispatchEvent@319 (line 1003)
  0x0000026c8031e108: f439 2607 

  0x0000026c8031e10c: ;   {metadata(method data for {method} {0x0000026cf9af22d8} 'dispatchEvent' '(Ljava/lang/Object;Ljava/lang/Object;ILjava/lang/Object;)V' in 'org/eclipse/osgi/internal/framework/BundleContextImpl')}
  0x0000026c8031e10c: 48ba 4011 | edf9 6c02 | 0000 4883 | 8258 0a00 | 0001 488b | 9424 b800 

  0x0000026c8031e124: ;   {static_call}
  0x0000026c8031e124: 0000 90e8 

  0x0000026c8031e128: ; ImmutableOopMap {[152]=Oop [128]=Oop [184]=Oop [104]=Oop [176]=Oop }
                      ;*invokestatic identityHashCode {reexecute=0 rethrow=0 return_oop=0}
                      ; - org.eclipse.osgi.internal.framework.BundleContextImpl::dispatchEvent@324 (line 1004)
  0x0000026c8031e128: d444 2607 

  0x0000026c8031e12c: ;   {metadata(method data for {method} {0x0000026cf9af22d8} 'dispatchEvent' '(Ljava/lang/Object;Ljava/lang/Object;ILjava/lang/Object;)V' in 'org/eclipse/osgi/internal/framework/BundleContextImpl')}
  0x0000026c8031e12c: 48ba 4011 | edf9 6c02 | 0000 4883 | 8268 0a00 

  0x0000026c8031e13c: ;   {metadata(method data for {method} {0x0000026cf90f4560} 'toHexString' '(I)Ljava/lang/String;' in 'java/lang/Integer')}
  0x0000026c8031e13c: 0001 48ba | 2817 9bf9 | 6c02 0000 | 448b 82cc | 0000 0041 | 83c0 0244 | 8982 cc00 | 0000 4181 
  0x0000026c8031e15c: e0fe ff1f | 0041 83f8 | 000f 84c9 

  0x0000026c8031e168: ;   {metadata(method data for {method} {0x0000026cf90f4560} 'toHexString' '(I)Ljava/lang/String;' in 'java/lang/Integer')}
  0x0000026c8031e168: 2d00 0048 | ba28 179b | f96c 0200 | 0048 8382 | 1001 0000 | 0148 8bd0 | 41b8 0400 

  0x0000026c8031e184: ;   {static_call}
  0x0000026c8031e184: 0000 90e8 

  0x0000026c8031e188: ; ImmutableOopMap {[152]=Oop [128]=Oop [184]=Oop [104]=Oop [176]=Oop }
                      ;*invokestatic toUnsignedString0 {reexecute=0 rethrow=0 return_oop=0}
                      ; - java.lang.Integer::toHexString@2
                      ; - org.eclipse.osgi.internal.framework.BundleContextImpl::dispatchEvent@327 (line 1004)
  0x0000026c8031e188: 7444 2607 | 4c8b 8424 | b000 0000 

  0x0000026c8031e194: ;   {metadata(method data for {method} {0x0000026cf9af22d8} 'dispatchEvent' '(Ljava/lang/Object;Ljava/lang/Object;ILjava/lang/Object;)V' in 'org/eclipse/osgi/internal/framework/BundleContextImpl')}
  0x0000026c8031e194: 48ba 4011 | edf9 6c02 | 0000 4883 | 8278 0a00 

  0x0000026c8031e1a4: ;   {metadata(method data for {method} {0x0000026cf909a488} 'append' '(Ljava/lang/String;)Ljava/lang/StringBuilder;' in 'java/lang/StringBuilder')}
  0x0000026c8031e1a4: 0001 49b8 | 78ed 3bf9 | 6c02 0000 | 418b 90cc | 0000 0083 | c202 4189 | 90cc 0000 | 0081 e2fe 
  0x0000026c8031e1c4: ff1f 0083 | fa00 0f84 | 852d 0000 | 4c8b 8424 | b000 0000 

  0x0000026c8031e1d8: ;   {metadata(method data for {method} {0x0000026cf909a488} 'append' '(Ljava/lang/String;)Ljava/lang/StringBuilder;' in 'java/lang/StringBuilder')}
  0x0000026c8031e1d8: 48ba 78ed | 3bf9 6c02 | 0000 4883 | 8210 0100 | 0001 4c8b | c048 8b94 | 24b0 0000 

  0x0000026c8031e1f4: ;   {optimized virtual_call}
  0x0000026c8031e1f4: 0066 90e8 

  0x0000026c8031e1f8: ; ImmutableOopMap {[152]=Oop [128]=Oop [184]=Oop [104]=Oop [176]=Oop }
                      ;*invokespecial append {reexecute=0 rethrow=0 return_oop=0}
                      ; - java.lang.StringBuilder::append@2
                      ; - org.eclipse.osgi.internal.framework.BundleContextImpl::dispatchEvent@330 (line 1004)
  0x0000026c8031e1f8: 0439 2607 | 488b 8424 | b000 0000 

  0x0000026c8031e204: ;   {metadata(method data for {method} {0x0000026cf9af22d8} 'dispatchEvent' '(Ljava/lang/Object;Ljava/lang/Object;ILjava/lang/Object;)V' in 'org/eclipse/osgi/internal/framework/BundleContextImpl')}
  0x0000026c8031e204: 48ba 4011 | edf9 6c02 | 0000 4883 | 82b0 0a00 

  0x0000026c8031e214: ;   {metadata(method data for {method} {0x0000026cf909b800} 'toString' '()Ljava/lang/String;' in 'java/lang/StringBuilder')}
  0x0000026c8031e214: 0001 48ba | 20f1 3bf9 | 6c02 0000 | 448b 82cc | 0000 0041 | 83c0 0244 | 8982 cc00 | 0000 4181 
  0x0000026c8031e234: e0fe ff1f | 0041 83f8 | 000f 8433 | 2d00 0048 | 8b84 24b0 

  0x0000026c8031e248: ;   {metadata(method data for {method} {0x0000026cf909b800} 'toString' '()Ljava/lang/String;' in 'java/lang/StringBuilder')}
  0x0000026c8031e248: 0000 0048 | ba20 f13b | f96c 0200 | 0048 8382 | 1001 0000 

  0x0000026c8031e25c: ;   {metadata(method data for {method} {0x0000026cf9098288} 'isLatin1' '()Z' in 'java/lang/AbstractStringBuilder')}
  0x0000026c8031e25c: 0148 baa8 | 8b3b f96c | 0200 0044 | 8b82 cc00 | 0000 4183 | c002 4489 | 82cc 0000 | 0041 81e0 
  0x0000026c8031e27c: feff 1f00 | 4183 f800 | 0f84 0d2d 

  0x0000026c8031e288: ;   {metadata(method data for {method} {0x0000026cf9098288} 'isLatin1' '()Z' in 'java/lang/AbstractStringBuilder')}
  0x0000026c8031e288: 0000 48ba | a88b 3bf9 | 6c02 0000 | ff82 2001 | 0000 488b | 8424 b000 | 0000 0fbe | 5010 83fa 
  0x0000026c8031e2a8: ;   {metadata(method data for {method} {0x0000026cf9098288} 'isLatin1' '()Z' in 'java/lang/AbstractStringBuilder')}
  0x0000026c8031e2a8: 0048 baa8 | 8b3b f96c | 0200 0049 | b830 0100 | 0000 0000 | 000f 850a | 0000 0049 | b840 0100 
  0x0000026c8031e2c8: 0000 0000 | 004e 8b0c | 024d 8d49 | 014e 890c | 020f 851a 

  0x0000026c8031e2dc: ;   {metadata(method data for {method} {0x0000026cf9098288} 'isLatin1' '()Z' in 'java/lang/AbstractStringBuilder')}
  0x0000026c8031e2dc: 0000 0048 | baa8 8b3b | f96c 0200 | 00ff 8250 | 0100 00ba | 0100 0000 | e905 0000 | 00ba 0000 
  0x0000026c8031e2fc: 0000 83e2 | 0183 fa00 

  0x0000026c8031e304: ;   {metadata(method data for {method} {0x0000026cf909b800} 'toString' '()Ljava/lang/String;' in 'java/lang/StringBuilder')}
  0x0000026c8031e304: 48ba 20f1 | 3bf9 6c02 | 0000 49b8 | 4801 0000 | 0000 0000 | 0f84 0a00 | 0000 49b8 | 5801 0000 
  0x0000026c8031e324: 0000 0000 | 4e8b 0c02 | 4d8d 4901 | 4e89 0c02 | 0f84 3f00 | 0000 8b50 | 1444 8b48 

  0x0000026c8031e340: ;   {metadata(method data for {method} {0x0000026cf909b800} 'toString' '()Ljava/lang/String;' in 'java/lang/StringBuilder')}
  0x0000026c8031e340: 0c49 b820 | f13b f96c | 0200 0049 | 8380 6801 | 0000 0141 | b800 0000 | 0066 0f1f 

  0x0000026c8031e35c: ;   {static_call}
  0x0000026c8031e35c: 4400 00e8 

  0x0000026c8031e360: ; ImmutableOopMap {[152]=Oop [128]=Oop [184]=Oop [104]=Oop }
                      ;*invokestatic newString {reexecute=0 rethrow=0 return_oop=0}
                      ; - java.lang.StringBuilder::toString@16
                      ; - org.eclipse.osgi.internal.framework.BundleContextImpl::dispatchEvent@333 (line 1003)
  0x0000026c8031e360: 9c42 2607 

  0x0000026c8031e364: ;   {metadata(method data for {method} {0x0000026cf909b800} 'toString' '()Ljava/lang/String;' in 'java/lang/StringBuilder')}
  0x0000026c8031e364: 48ba 20f1 | 3bf9 6c02 | 0000 ff82 | 7801 0000 | e92b 0000 | 008b 5014 | 448b 480c 

  0x0000026c8031e380: ;   {metadata(method data for {method} {0x0000026cf909b800} 'toString' '()Ljava/lang/String;' in 'java/lang/StringBuilder')}
  0x0000026c8031e380: 49b8 20f1 | 3bf9 6c02 | 0000 4983 | 8090 0100 | 0001 41b8 | 0000 0000 | 0f1f 8000 

  0x0000026c8031e39c: ;   {static_call}
  0x0000026c8031e39c: 0000 00e8 

  0x0000026c8031e3a0: ; ImmutableOopMap {[152]=Oop [128]=Oop [184]=Oop [104]=Oop }
                      ;*invokestatic newString {reexecute=0 rethrow=0 return_oop=0}
                      ; - java.lang.StringBuilder::toString@31
                      ; - org.eclipse.osgi.internal.framework.BundleContextImpl::dispatchEvent@333 (line 1003)
  0x0000026c8031e3a0: 5c42 2607 | 4889 8424 | c800 0000 | 0f1f 4000 

  0x0000026c8031e3b0: ;   {no_reloc}
  0x0000026c8031e3b0: e912 2c00 | 0000 0000 | 0000 498b | 8708 0100 | 0048 8d78 | 1849 3bbf | 1801 0000 | 0f87 ff2b 
  0x0000026c8031e3d0: 0000 4989 | bf08 0100 | 0048 c700 | 0100 0000 | 488b ca48 | c1e9 0389 | 4808 4833 | c989 480c 
  0x0000026c8031e3f0: 4833 c948 | 8948 104c 

  0x0000026c8031e3f8: ;   {metadata(method data for {method} {0x0000026cf9af22d8} 'dispatchEvent' '(Ljava/lang/Object;Ljava/lang/Object;ILjava/lang/Object;)V' in 'org/eclipse/osgi/internal/framework/BundleContextImpl')}
  0x0000026c8031e3f8: 8bc0 48ba | 4011 edf9 | 6c02 0000 | 4883 82e8 | 0a00 0001 

  0x0000026c8031e40c: ;   {metadata(method data for {method} {0x0000026cf909a228} '<init>' '(Ljava/lang/String;)V' in 'java/lang/StringBuilder')}
  0x0000026c8031e40c: 49b8 e0af | 7ff9 6c02 | 0000 418b | 90cc 0000 | 0083 c202 | 4189 90cc | 0000 0081 | e2fe ff1f 
  0x0000026c8031e42c: 0083 fa00 | 0f84 a82b | 0000 4c8b 

  0x0000026c8031e438: ;   {metadata(method data for {method} {0x0000026cf909a228} '<init>' '(Ljava/lang/String;)V' in 'java/lang/StringBuilder')}
  0x0000026c8031e438: c048 bae0 | af7f f96c | 0200 0048 | 8382 1001 

  0x0000026c8031e448: ;   {oop("dispatchFrameworkEvent["{0x00000000eaeeab90})}
  0x0000026c8031e448: 0000 0149 | b890 abee | ea00 0000 | 0048 8bd0 | 4889 8424 | c000 0000 | 0f1f 8000 

  0x0000026c8031e464: ;   {optimized virtual_call}
  0x0000026c8031e464: 0000 00e8 

  0x0000026c8031e468: ; ImmutableOopMap {[152]=Oop [128]=Oop [184]=Oop [192]=Oop [104]=Oop [200]=Oop }
                      ;*invokespecial <init> {reexecute=0 rethrow=0 return_oop=0}
                      ; - java.lang.StringBuilder::<init>@2
                      ; - org.eclipse.osgi.internal.framework.BundleContextImpl::dispatchEvent@345 (line 1005)
  0x0000026c8031e468: 9436 2607 | 488b 5424 | 688b 7210 | 488b 8424 | c000 0000 

  0x0000026c8031e47c: ;   {metadata(method data for {method} {0x0000026cf9af22d8} 'dispatchEvent' '(Ljava/lang/Object;Ljava/lang/Object;ILjava/lang/Object;)V' in 'org/eclipse/osgi/internal/framework/BundleContextImpl')}
  0x0000026c8031e47c: 48bf 4011 | edf9 6c02 | 0000 4883 | 87f8 0a00 

  0x0000026c8031e48c: ;   {metadata(method data for {method} {0x0000026cf909a3f0} 'append' '(Ljava/lang/Object;)Ljava/lang/StringBuilder;' in 'java/lang/StringBuilder')}
  0x0000026c8031e48c: 0001 48bf | 18f0 9cf9 | 6c02 0000 | 8b9f cc00 | 0000 83c3 | 0289 9fcc | 0000 0081 | e3fe ff1f 
  0x0000026c8031e4ac: 0083 fb00 | 0f84 492b 

  0x0000026c8031e4b4: ;   {metadata(method data for {method} {0x0000026cf909a3f0} 'append' '(Ljava/lang/Object;)Ljava/lang/StringBuilder;' in 'java/lang/StringBuilder')}
  0x0000026c8031e4b4: 0000 48bf | 18f0 9cf9 | 6c02 0000 | 4883 8710 | 0100 0001 

  0x0000026c8031e4c8: ;   {metadata(method data for {method} {0x0000026cf900b990} 'valueOf' '(Ljava/lang/Object;)Ljava/lang/String;' in 'java/lang/String')}
  0x0000026c8031e4c8: 48bf 084d | 7df9 6c02 | 0000 8b9f | cc00 0000 | 83c3 0289 | 9fcc 0000 | 0081 e3fe | ff1f 0083 
  0x0000026c8031e4e8: fb00 0f84 | 302b 0000 | 4883 fe00 

  0x0000026c8031e4f4: ;   {metadata(method data for {method} {0x0000026cf900b990} 'valueOf' '(Ljava/lang/Object;)Ljava/lang/String;' in 'java/lang/String')}
  0x0000026c8031e4f4: 48bf 084d | 7df9 6c02 | 0000 48bb | 1001 0000 | 0000 0000 | 0f85 0a00 | 0000 48bb | 2001 0000 
  0x0000026c8031e514: 0000 0000 | 488b 041f | 488d 4001 | 4889 041f | 0f85 1f00 

  0x0000026c8031e528: ;   {metadata(method data for {method} {0x0000026cf900b990} 'valueOf' '(Ljava/lang/Object;)Ljava/lang/String;' in 'java/lang/String')}
  0x0000026c8031e528: 0000 48be | 084d 7df9 | 6c02 0000 | ff86 3001 

  0x0000026c8031e538: ;   {oop("null"{0x00000000c0000f10})}
  0x0000026c8031e538: 0000 48be | 100f 00c0 | 0000 0000 | e99e 0000 | 0048 3b06 

  0x0000026c8031e54c: ;   {metadata(method data for {method} {0x0000026cf900b990} 'valueOf' '(Ljava/lang/Object;)Ljava/lang/String;' in 'java/lang/String')}
  0x0000026c8031e54c: 488b fe48 | bb08 4d7d | f96c 0200 | 008b 7f08 | 48c1 e703 | 483b bb58 | 0100 0075 | 0d48 8383 
  0x0000026c8031e56c: 6001 0000 | 01e9 6600 | 0000 483b | bb68 0100 | 0075 0d48 | 8383 7001 | 0000 01e9 | 5000 0000 
  0x0000026c8031e58c: 4881 bb58 | 0100 0000 | 0000 0075 | 1748 89bb | 5801 0000 | 48c7 8360 | 0100 0001 | 0000 00e9 
  0x0000026c8031e5ac: 2c00 0000 | 4881 bb68 | 0100 0000 | 0000 0075 | 1748 89bb | 6801 0000 | 48c7 8370 | 0100 0001 
  0x0000026c8031e5cc: 0000 00e9 | 0800 0000 | 4883 8348 | 0100 0001 

  0x0000026c8031e5dc: ;   {optimized virtual_call}
  0x0000026c8031e5dc: 488b d6e8 

  0x0000026c8031e5e0: ; ImmutableOopMap {[152]=Oop [128]=Oop [184]=Oop [192]=Oop [200]=Oop [104]=Oop }
                      ;*invokevirtual toString {reexecute=0 rethrow=0 return_oop=0}
                      ; - java.lang.String::valueOf@11
                      ; - java.lang.StringBuilder::append@2
                      ; - org.eclipse.osgi.internal.framework.BundleContextImpl::dispatchEvent@352 (line 1005)
  0x0000026c8031e5e0: 1c35 2607 | 488b f048 | 8b84 24c0 

  0x0000026c8031e5ec: ;   {metadata(method data for {method} {0x0000026cf909a3f0} 'append' '(Ljava/lang/Object;)Ljava/lang/StringBuilder;' in 'java/lang/StringBuilder')}
  0x0000026c8031e5ec: 0000 0049 | b818 f09c | f96c 0200 | 0049 8380 | 2001 0000 

  0x0000026c8031e600: ;   {metadata(method data for {method} {0x0000026cf909a488} 'append' '(Ljava/lang/String;)Ljava/lang/StringBuilder;' in 'java/lang/StringBuilder')}
  0x0000026c8031e600: 0149 b878 | ed3b f96c | 0200 0041 | 8b90 cc00 | 0000 83c2 | 0241 8990 | cc00 0000 | 81e2 feff 
  0x0000026c8031e620: 1f00 83fa | 000f 841b | 2a00 0048 | 8b84 24c0 

  0x0000026c8031e630: ;   {metadata(method data for {method} {0x0000026cf909a488} 'append' '(Ljava/lang/String;)Ljava/lang/StringBuilder;' in 'java/lang/StringBuilder')}
  0x0000026c8031e630: 0000 0049 | b878 ed3b | f96c 0200 | 0049 8380 | 1001 0000 | 014c 8bc6 | 488b 9424 | c000 0000 
  0x0000026c8031e650: 0f1f 8000 

  0x0000026c8031e654: ;   {optimized virtual_call}
  0x0000026c8031e654: 0000 00e8 

  0x0000026c8031e658: ; ImmutableOopMap {[152]=Oop [128]=Oop [184]=Oop [192]=Oop [200]=Oop [104]=Oop }
                      ;*invokespecial append {reexecute=0 rethrow=0 return_oop=0}
                      ; - java.lang.StringBuilder::append@2
                      ; - java.lang.StringBuilder::append@5
                      ; - org.eclipse.osgi.internal.framework.BundleContextImpl::dispatchEvent@352 (line 1005)
  0x0000026c8031e658: a434 2607 | 4c8b 8424 | c000 0000 

  0x0000026c8031e664: ;   {metadata(method data for {method} {0x0000026cf9af22d8} 'dispatchEvent' '(Ljava/lang/Object;Ljava/lang/Object;ILjava/lang/Object;)V' in 'org/eclipse/osgi/internal/framework/BundleContextImpl')}
  0x0000026c8031e664: 48ba 4011 | edf9 6c02 | 0000 4883 | 8230 0b00 

  0x0000026c8031e674: ;   {metadata(method data for {method} {0x0000026cf909a488} 'append' '(Ljava/lang/String;)Ljava/lang/StringBuilder;' in 'java/lang/StringBuilder')}
  0x0000026c8031e674: 0001 49b8 | 78ed 3bf9 | 6c02 0000 | 418b 90cc | 0000 0083 | c202 4189 | 90cc 0000 | 0081 e2fe 
  0x0000026c8031e694: ff1f 0083 | fa00 0f84 | c729 0000 | 4c8b 8424 | c000 0000 

  0x0000026c8031e6a8: ;   {metadata(method data for {method} {0x0000026cf909a488} 'append' '(Ljava/lang/String;)Ljava/lang/StringBuilder;' in 'java/lang/StringBuilder')}
  0x0000026c8031e6a8: 48ba 78ed | 3bf9 6c02 | 0000 4883 | 8210 0100 

  0x0000026c8031e6b8: ;   {oop("]("{0x00000000eaeeab20})}
  0x0000026c8031e6b8: 0001 49b8 | 20ab eeea | 0000 0000 | 488b 9424 | c000 0000 

  0x0000026c8031e6cc: ;   {optimized virtual_call}
  0x0000026c8031e6cc: 6666 90e8 

  0x0000026c8031e6d0: ; ImmutableOopMap {[152]=Oop [128]=Oop [184]=Oop [192]=Oop [104]=Oop [200]=Oop }
                      ;*invokespecial append {reexecute=0 rethrow=0 return_oop=0}
                      ; - java.lang.StringBuilder::append@2
                      ; - org.eclipse.osgi.internal.framework.BundleContextImpl::dispatchEvent@358 (line 1005)
  0x0000026c8031e6d0: 2c34 2607 | 488b 8424 | c000 0000 

  0x0000026c8031e6dc: ;   {metadata(method data for {method} {0x0000026cf9af22d8} 'dispatchEvent' '(Ljava/lang/Object;Ljava/lang/Object;ILjava/lang/Object;)V' in 'org/eclipse/osgi/internal/framework/BundleContextImpl')}
  0x0000026c8031e6dc: 49b8 4011 | edf9 6c02 | 0000 4983 | 8068 0b00 

  0x0000026c8031e6ec: ;   {metadata(method data for {method} {0x0000026cf909a488} 'append' '(Ljava/lang/String;)Ljava/lang/StringBuilder;' in 'java/lang/StringBuilder')}
  0x0000026c8031e6ec: 0001 49b8 | 78ed 3bf9 | 6c02 0000 | 418b 90cc | 0000 0083 | c202 4189 | 90cc 0000 | 0081 e2fe 
  0x0000026c8031e70c: ff1f 0083 | fa00 0f84 | 7029 0000 | 488b 8424 | c000 0000 

  0x0000026c8031e720: ;   {metadata(method data for {method} {0x0000026cf909a488} 'append' '(Ljava/lang/String;)Ljava/lang/StringBuilder;' in 'java/lang/StringBuilder')}
  0x0000026c8031e720: 49b8 78ed | 3bf9 6c02 | 0000 4983 | 8010 0100 | 0001 4c8b | 8424 c800 | 0000 488b | 9424 c000 
  0x0000026c8031e740: 0000 0f1f 

  0x0000026c8031e744: ;   {optimized virtual_call}
  0x0000026c8031e744: 4400 00e8 

  0x0000026c8031e748: ; ImmutableOopMap {[152]=Oop [128]=Oop [184]=Oop [192]=Oop [104]=Oop }
                      ;*invokespecial append {reexecute=0 rethrow=0 return_oop=0}
                      ; - java.lang.StringBuilder::append@2
                      ; - org.eclipse.osgi.internal.framework.BundleContextImpl::dispatchEvent@363 (line 1005)
  0x0000026c8031e748: b433 2607 | 488b 8424 | c000 0000 

  0x0000026c8031e754: ;   {metadata(method data for {method} {0x0000026cf9af22d8} 'dispatchEvent' '(Ljava/lang/Object;Ljava/lang/Object;ILjava/lang/Object;)V' in 'org/eclipse/osgi/internal/framework/BundleContextImpl')}
  0x0000026c8031e754: 49b8 4011 | edf9 6c02 | 0000 4983 | 80a0 0b00 

  0x0000026c8031e764: ;   {metadata(method data for {method} {0x0000026cf909a488} 'append' '(Ljava/lang/String;)Ljava/lang/StringBuilder;' in 'java/lang/StringBuilder')}
  0x0000026c8031e764: 0001 49b8 | 78ed 3bf9 | 6c02 0000 | 418b 90cc | 0000 0083 | c202 4189 | 90cc 0000 | 0081 e2fe 
  0x0000026c8031e784: ff1f 0083 | fa00 0f84 | 1929 0000 | 488b 8424 | c000 0000 

  0x0000026c8031e798: ;   {metadata(method data for {method} {0x0000026cf909a488} 'append' '(Ljava/lang/String;)Ljava/lang/StringBuilder;' in 'java/lang/StringBuilder')}
  0x0000026c8031e798: 49b8 78ed | 3bf9 6c02 | 0000 4983 | 8010 0100 

  0x0000026c8031e7a8: ;   {oop(")"{0x00000000c0001cf0})}
  0x0000026c8031e7a8: 0001 49b8 | f01c 00c0 | 0000 0000 | 488b 9424 | c000 0000 

  0x0000026c8031e7bc: ;   {optimized virtual_call}
  0x0000026c8031e7bc: 6666 90e8 

  0x0000026c8031e7c0: ; ImmutableOopMap {[152]=Oop [128]=Oop [184]=Oop [192]=Oop [104]=Oop }
                      ;*invokespecial append {reexecute=0 rethrow=0 return_oop=0}
                      ; - java.lang.StringBuilder::append@2
                      ; - org.eclipse.osgi.internal.framework.BundleContextImpl::dispatchEvent@369 (line 1005)
  0x0000026c8031e7c0: 3c33 2607 | 488b 8424 | c000 0000 

  0x0000026c8031e7cc: ;   {metadata(method data for {method} {0x0000026cf9af22d8} 'dispatchEvent' '(Ljava/lang/Object;Ljava/lang/Object;ILjava/lang/Object;)V' in 'org/eclipse/osgi/internal/framework/BundleContextImpl')}
  0x0000026c8031e7cc: 48ba 4011 | edf9 6c02 | 0000 4883 | 82d8 0b00 

  0x0000026c8031e7dc: ;   {metadata(method data for {method} {0x0000026cf909b800} 'toString' '()Ljava/lang/String;' in 'java/lang/StringBuilder')}
  0x0000026c8031e7dc: 0001 48ba | 20f1 3bf9 | 6c02 0000 | 448b 82cc | 0000 0041 | 83c0 0244 | 8982 cc00 | 0000 4181 
  0x0000026c8031e7fc: e0fe ff1f | 0041 83f8 | 000f 84bf | 2800 0048 | 8b84 24c0 

  0x0000026c8031e810: ;   {metadata(method data for {method} {0x0000026cf909b800} 'toString' '()Ljava/lang/String;' in 'java/lang/StringBuilder')}
  0x0000026c8031e810: 0000 0048 | ba20 f13b | f96c 0200 | 0048 8382 | 1001 0000 

  0x0000026c8031e824: ;   {metadata(method data for {method} {0x0000026cf9098288} 'isLatin1' '()Z' in 'java/lang/AbstractStringBuilder')}
  0x0000026c8031e824: 0148 baa8 | 8b3b f96c | 0200 0044 | 8b82 cc00 | 0000 4183 | c002 4489 | 82cc 0000 | 0041 81e0 
  0x0000026c8031e844: feff 1f00 | 4183 f800 | 0f84 9928 

  0x0000026c8031e850: ;   {metadata(method data for {method} {0x0000026cf9098288} 'isLatin1' '()Z' in 'java/lang/AbstractStringBuilder')}
  0x0000026c8031e850: 0000 48ba | a88b 3bf9 | 6c02 0000 | ff82 2001 | 0000 488b | 8424 c000 | 0000 0fbe | 5010 83fa 
  0x0000026c8031e870: ;   {metadata(method data for {method} {0x0000026cf9098288} 'isLatin1' '()Z' in 'java/lang/AbstractStringBuilder')}
  0x0000026c8031e870: 0048 baa8 | 8b3b f96c | 0200 0049 | b830 0100 | 0000 0000 | 000f 850a | 0000 0049 | b840 0100 
  0x0000026c8031e890: 0000 0000 | 004e 8b0c | 024d 8d49 | 014e 890c | 020f 851a 

  0x0000026c8031e8a4: ;   {metadata(method data for {method} {0x0000026cf9098288} 'isLatin1' '()Z' in 'java/lang/AbstractStringBuilder')}
  0x0000026c8031e8a4: 0000 0048 | baa8 8b3b | f96c 0200 | 00ff 8250 | 0100 00ba | 0100 0000 | e905 0000 | 00ba 0000 
  0x0000026c8031e8c4: 0000 83e2 | 0183 fa00 

  0x0000026c8031e8cc: ;   {metadata(method data for {method} {0x0000026cf909b800} 'toString' '()Ljava/lang/String;' in 'java/lang/StringBuilder')}
  0x0000026c8031e8cc: 48ba 20f1 | 3bf9 6c02 | 0000 49b8 | 4801 0000 | 0000 0000 | 0f84 0a00 | 0000 49b8 | 5801 0000 
  0x0000026c8031e8ec: 0000 0000 | 4e8b 0c02 | 4d8d 4901 | 4e89 0c02 | 0f84 3f00 | 0000 8b50 | 1444 8b48 

  0x0000026c8031e908: ;   {metadata(method data for {method} {0x0000026cf909b800} 'toString' '()Ljava/lang/String;' in 'java/lang/StringBuilder')}
  0x0000026c8031e908: 0c49 b820 | f13b f96c | 0200 0049 | 8380 6801 | 0000 0141 | b800 0000 | 0066 0f1f 

  0x0000026c8031e924: ;   {static_call}
  0x0000026c8031e924: 4400 00e8 

  0x0000026c8031e928: ; ImmutableOopMap {[152]=Oop [128]=Oop [184]=Oop [104]=Oop }
                      ;*invokestatic newString {reexecute=0 rethrow=0 return_oop=0}
                      ; - java.lang.StringBuilder::toString@16
                      ; - org.eclipse.osgi.internal.framework.BundleContextImpl::dispatchEvent@372 (line 1005)
  0x0000026c8031e928: d43c 2607 

  0x0000026c8031e92c: ;   {metadata(method data for {method} {0x0000026cf909b800} 'toString' '()Ljava/lang/String;' in 'java/lang/StringBuilder')}
  0x0000026c8031e92c: 48ba 20f1 | 3bf9 6c02 | 0000 ff82 | 7801 0000 | e92b 0000 | 008b 5014 | 448b 480c 

  0x0000026c8031e948: ;   {metadata(method data for {method} {0x0000026cf909b800} 'toString' '()Ljava/lang/String;' in 'java/lang/StringBuilder')}
  0x0000026c8031e948: 49b8 20f1 | 3bf9 6c02 | 0000 4983 | 8090 0100 | 0001 41b8 | 0000 0000 | 0f1f 8000 

  0x0000026c8031e964: ;   {static_call}
  0x0000026c8031e964: 0000 00e8 

  0x0000026c8031e968: ; ImmutableOopMap {[152]=Oop [128]=Oop [184]=Oop [104]=Oop }
                      ;*invokestatic newString {reexecute=0 rethrow=0 return_oop=0}
                      ; - java.lang.StringBuilder::toString@31
                      ; - org.eclipse.osgi.internal.framework.BundleContextImpl::dispatchEvent@372 (line 1005)
  0x0000026c8031e968: 943c 2607 

  0x0000026c8031e96c: ;   {metadata(method data for {method} {0x0000026cf9af22d8} 'dispatchEvent' '(Ljava/lang/Object;Ljava/lang/Object;ILjava/lang/Object;)V' in 'org/eclipse/osgi/internal/framework/BundleContextImpl')}
  0x0000026c8031e96c: 49b8 4011 | edf9 6c02 | 0000 4983 | 8010 0c00 

  0x0000026c8031e97c: ;   {metadata(method data for {method} {0x0000026cf9869150} 'println' '(Ljava/lang/String;)V' in 'org/eclipse/osgi/internal/debug/Debug')}
  0x0000026c8031e97c: 0001 49b8 | 68ae cef9 | 6c02 0000 | 418b 90cc | 0000 0083 | c202 4189 | 90cc 0000 | 0081 e2fe 
  0x0000026c8031e99c: ff1f 0083 | fa00 0f84 | 6427 0000 

  0x0000026c8031e9a8: ;   {oop(a 'java/lang/Class'{0x00000000c00042a0} = 'org/eclipse/osgi/internal/debug/Debug')}
  0x0000026c8031e9a8: 49b8 a042 | 00c0 0000 | 0000 418b | 90d4 0000 | 0048 3b02 

  0x0000026c8031e9bc: ;   {metadata(method data for {method} {0x0000026cf9869150} 'println' '(Ljava/lang/String;)V' in 'org/eclipse/osgi/internal/debug/Debug')}
  0x0000026c8031e9bc: 4c8b c248 | be68 aece | f96c 0200 

  0x0000026c8031e9c8: ;   {metadata('java/io/PrintStream')}
  0x0000026c8031e9c8: 0049 ba50 | 8906 0001 | 0000 004c | 8996 2001 | 0000 4883 | 8628 0100 | 0001 4c8b 

  0x0000026c8031e9e4: ;   {optimized virtual_call}
  0x0000026c8031e9e4: c066 90e8 

  0x0000026c8031e9e8: ; ImmutableOopMap {[152]=Oop [128]=Oop [184]=Oop [104]=Oop }
                      ;*invokevirtual println {reexecute=0 rethrow=0 return_oop=0}
                      ; - org.eclipse.osgi.internal.debug.Debug::println@4 (line 358)
                      ; - org.eclipse.osgi.internal.framework.BundleContextImpl::dispatchEvent@375 (line 1005)
  0x0000026c8031e9e8: 1431 2607 | 488b 9c24 | b800 0000 | 488b b424 | 8000 0000 | 4883 fe00 

  0x0000026c8031ea00: ;   {metadata(method data for {method} {0x0000026cf9af22d8} 'dispatchEvent' '(Ljava/lang/Object;Ljava/lang/Object;ILjava/lang/Object;)V' in 'org/eclipse/osgi/internal/framework/BundleContextImpl')}
  0x0000026c8031ea00: 7516 48bf | 4011 edf9 | 6c02 0000 | 808f 190c | 0000 01e9 | c000 0000 

  0x0000026c8031ea18: ;   {metadata('org/osgi/framework/FrameworkEvent')}
  0x0000026c8031ea18: 48b8 b06f | 1800 0100 | 0000 8b56 | 0848 c1e2 | 0348 3bc2 | 0f85 8a00 

  0x0000026c8031ea30: ;   {metadata(method data for {method} {0x0000026cf9af22d8} 'dispatchEvent' '(Ljava/lang/Object;Ljava/lang/Object;ILjava/lang/Object;)V' in 'org/eclipse/osgi/internal/framework/BundleContextImpl')}
  0x0000026c8031ea30: 0000 48bf | 4011 edf9 | 6c02 0000 | 8b46 0848 | c1e0 0348 | 3b87 300c | 0000 750d | 4883 8738 
  0x0000026c8031ea50: 0c00 0001 | e97f 0000 | 0048 3b87 | 400c 0000 | 750d 4883 | 8748 0c00 | 0001 e969 | 0000 0048 
  0x0000026c8031ea70: 81bf 300c | 0000 0000 | 0000 7517 | 4889 8730 | 0c00 0048 | c787 380c | 0000 0100 | 0000 e945 
  0x0000026c8031ea90: 0000 0048 | 81bf 400c | 0000 0000 | 0000 7517 | 4889 8740 | 0c00 0048 | c787 480c | 0000 0100 
  0x0000026c8031eab0: 0000 e921 | 0000 00e9 | 1c00 0000 

  0x0000026c8031eabc: ;   {metadata(method data for {method} {0x0000026cf9af22d8} 'dispatchEvent' '(Ljava/lang/Object;Ljava/lang/Object;ILjava/lang/Object;)V' in 'org/eclipse/osgi/internal/framework/BundleContextImpl')}
  0x0000026c8031eabc: 48bf 4011 | edf9 6c02 | 0000 4883 | af20 0c00 | 0001 e95f | 2600 00e9 | 0000 0000 | 4c8b c648 
  0x0000026c8031eadc: 3b03 488b 

  0x0000026c8031eae0: ;   {metadata(method data for {method} {0x0000026cf9af22d8} 'dispatchEvent' '(Ljava/lang/Object;Ljava/lang/Object;ILjava/lang/Object;)V' in 'org/eclipse/osgi/internal/framework/BundleContextImpl')}
  0x0000026c8031eae0: d348 bf40 | 11ed f96c | 0200 008b | 5208 48c1 | e203 483b | 9768 0c00 | 0075 0d48 | 8387 700c 
  0x0000026c8031eb00: 0000 01e9 | 6600 0000 | 483b 9778 | 0c00 0075 | 0d48 8387 | 800c 0000 | 01e9 5000 | 0000 4881 
  0x0000026c8031eb20: bf68 0c00 | 0000 0000 | 0075 1748 | 8997 680c | 0000 48c7 | 8770 0c00 | 0001 0000 | 00e9 2c00 
  0x0000026c8031eb40: 0000 4881 | bf78 0c00 | 0000 0000 | 0075 1748 | 8997 780c | 0000 48c7 | 8780 0c00 | 0001 0000 
  0x0000026c8031eb60: 00e9 0800 | 0000 4883 | 8758 0c00 | 0001 488b | d30f 1f40 | 0048 b8ff | ffff ffff 

  0x0000026c8031eb7c: ;   {virtual_call}
  0x0000026c8031eb7c: ffff ffe8 

  0x0000026c8031eb80: ; ImmutableOopMap {[152]=Oop [104]=Oop [128]=Oop }
                      ;*invokeinterface frameworkEvent {reexecute=0 rethrow=0 return_oop=0}
                      ; - org.eclipse.osgi.internal.framework.BundleContextImpl::dispatchEvent@385 (line 1008)
  0x0000026c8031eb80: fc34 2607 

  0x0000026c8031eb84: ;   {metadata(method data for {method} {0x0000026cf9af22d8} 'dispatchEvent' '(Ljava/lang/Object;Ljava/lang/Object;ILjava/lang/Object;)V' in 'org/eclipse/osgi/internal/framework/BundleContextImpl')}
  0x0000026c8031eb84: 48ba 4011 | edf9 6c02 | 0000 ff82 | 900c 0000 | 488b 8424 | 9800 0000 | e964 0f00 | 0048 8bb4 
  0x0000026c8031eba4: 2480 0000 | 004c 8b4c | 2478 4883 | fe00 7516 

  0x0000026c8031ebb4: ;   {metadata(method data for {method} {0x0000026cf9af22d8} 'dispatchEvent' '(Ljava/lang/Object;Ljava/lang/Object;ILjava/lang/Object;)V' in 'org/eclipse/osgi/internal/framework/BundleContextImpl')}
  0x0000026c8031ebb4: 48b8 4011 | edf9 6c02 | 0000 8088 | c105 0000 | 01e9 c100 

  0x0000026c8031ebc8: ;   {metadata('org/osgi/framework/ServiceEvent')}
  0x0000026c8031ebc8: 0000 48b9 | 7821 1300 | 0100 0000 | 8b46 0848 | c1e0 0348 | 3b48 400f | 858a 0000 

  0x0000026c8031ebe4: ;   {metadata(method data for {method} {0x0000026cf9af22d8} 'dispatchEvent' '(Ljava/lang/Object;Ljava/lang/Object;ILjava/lang/Object;)V' in 'org/eclipse/osgi/internal/framework/BundleContextImpl')}
  0x0000026c8031ebe4: 0048 b840 | 11ed f96c | 0200 008b | 4e08 48c1 | e103 483b | 88d8 0500 | 0075 0d48 | 8380 e005 
  0x0000026c8031ec04: 0000 01e9 | 7f00 0000 | 483b 88e8 | 0500 0075 | 0d48 8380 | f005 0000 | 01e9 6900 | 0000 4881 
  0x0000026c8031ec24: b8d8 0500 | 0000 0000 | 0075 1748 | 8988 d805 | 0000 48c7 | 80e0 0500 | 0001 0000 | 00e9 4500 
  0x0000026c8031ec44: 0000 4881 | b8e8 0500 | 0000 0000 | 0075 1748 | 8988 e805 | 0000 48c7 | 80f0 0500 | 0001 0000 
  0x0000026c8031ec64: 00e9 2100 | 0000 e91c 

  0x0000026c8031ec6c: ;   {metadata(method data for {method} {0x0000026cf9af22d8} 'dispatchEvent' '(Ljava/lang/Object;Ljava/lang/Object;ILjava/lang/Object;)V' in 'org/eclipse/osgi/internal/framework/BundleContextImpl')}
  0x0000026c8031ec6c: 0000 0048 | b840 11ed | f96c 0200 | 0048 83a8 | c805 0000 | 01e9 ba24 | 0000 e900 | 0000 0048 
  0x0000026c8031ec8c: 8bde 4983 | f900 7516 

  0x0000026c8031ec94: ;   {metadata(method data for {method} {0x0000026cf9af22d8} 'dispatchEvent' '(Ljava/lang/Object;Ljava/lang/Object;ILjava/lang/Object;)V' in 'org/eclipse/osgi/internal/framework/BundleContextImpl')}
  0x0000026c8031ec94: 48b8 4011 | edf9 6c02 | 0000 8088 | f905 0000 | 01e9 de00 

  0x0000026c8031eca8: ;   {metadata('org/osgi/framework/ServiceListener')}
  0x0000026c8031eca8: 0000 48b9 | f840 1000 | 0100 0000 | 418b 4108 | 48c1 e003 | 483b 4820 | 0f84 1b00 | 0000 483b 
  0x0000026c8031ecc8: c10f 8412 | 0000 0050 

  0x0000026c8031ecd0: ;   {runtime_call slow_subtype_check Runtime1 stub}
  0x0000026c8031ecd0: 51e8 2a8a | 3007 5858 | 83f8 000f | 848b 0000 

  0x0000026c8031ece0: ;   {metadata(method data for {method} {0x0000026cf9af22d8} 'dispatchEvent' '(Ljava/lang/Object;Ljava/lang/Object;ILjava/lang/Object;)V' in 'org/eclipse/osgi/internal/framework/BundleContextImpl')}
  0x0000026c8031ece0: 0048 b840 | 11ed f96c | 0200 0041 | 8b49 0848 | c1e1 0348 | 3b88 1006 | 0000 750d | 4883 8018 
  0x0000026c8031ed00: 0600 0001 | e97f 0000 | 0048 3b88 | 2006 0000 | 750d 4883 | 8028 0600 | 0001 e969 | 0000 0048 
  0x0000026c8031ed20: 81b8 1006 | 0000 0000 | 0000 7517 | 4889 8810 | 0600 0048 | c780 1806 | 0000 0100 | 0000 e945 
  0x0000026c8031ed40: 0000 0048 | 81b8 2006 | 0000 0000 | 0000 7517 | 4889 8820 | 0600 0048 | c780 2806 | 0000 0100 
  0x0000026c8031ed60: 0000 e921 | 0000 00e9 | 1c00 0000 

  0x0000026c8031ed6c: ;   {metadata(method data for {method} {0x0000026cf9af22d8} 'dispatchEvent' '(Ljava/lang/Object;Ljava/lang/Object;ILjava/lang/Object;)V' in 'org/eclipse/osgi/internal/framework/BundleContextImpl')}
  0x0000026c8031ed6c: 48b8 4011 | edf9 6c02 | 0000 4883 | a800 0600 | 0001 e9c6 | 2300 00e9 | 0000 0000 | 4d8b c18b 
  0x0000026c8031ed8c: 7a18 0fbe | 7f11 83ff 

  0x0000026c8031ed94: ;   {metadata(method data for {method} {0x0000026cf9af22d8} 'dispatchEvent' '(Ljava/lang/Object;Ljava/lang/Object;ILjava/lang/Object;)V' in 'org/eclipse/osgi/internal/framework/BundleContextImpl')}
  0x0000026c8031ed94: 0048 bf40 | 11ed f96c | 0200 0048 | b848 0600 | 0000 0000 | 000f 850a | 0000 0048 | b838 0600 
  0x0000026c8031edb4: 0000 0000 | 0048 8b0c | 0748 8d49 | 0148 890c | 070f 8508 | 0000 0049 | 8bd0 e971 | 0c00 000f 
  0x0000026c8031edd4: 1f44 0000 

  0x0000026c8031edd8: ;   {no_reloc}
  0x0000026c8031edd8: e989 2300 | 0000 0000 | 0000 498b | 8708 0100 | 0048 8d78 | 1849 3bbf | 1801 0000 | 0f87 7623 
  0x0000026c8031edf8: 0000 4989 | bf08 0100 | 0048 c700 | 0100 0000 | 488b ca48 | c1e9 0389 | 4808 4833 | c989 480c 
  0x0000026c8031ee18: 4833 c948 | 8948 1049 | 3b00 498b 

  0x0000026c8031ee24: ;   {metadata(method data for {method} {0x0000026cf9af22d8} 'dispatchEvent' '(Ljava/lang/Object;Ljava/lang/Object;ILjava/lang/Object;)V' in 'org/eclipse/osgi/internal/framework/BundleContextImpl')}
  0x0000026c8031ee24: d048 be40 | 11ed f96c | 0200 0048 | 8386 5806 | 0000 0141 | 8b50 0848 | c1e2 0348 | 8b52 7048 
  0x0000026c8031ee44: 8b12 483b | 0248 8bf2 

  0x0000026c8031ee4c: ;   {metadata(method data for {method} {0x0000026cf9af22d8} 'dispatchEvent' '(Ljava/lang/Object;Ljava/lang/Object;ILjava/lang/Object;)V' in 'org/eclipse/osgi/internal/framework/BundleContextImpl')}
  0x0000026c8031ee4c: 48bf 4011 | edf9 6c02 | 0000 4883 | 8790 0600 

  0x0000026c8031ee5c: ;   {metadata(method data for {method} {0x0000026cf90134f0} 'getName' '()Ljava/lang/String;' in 'java/lang/Class')}
  0x0000026c8031ee5c: 0001 48be | d859 5ff9 | 6c02 0000 | 8bbe cc00 | 0000 83c7 | 0289 becc | 0000 0081 | e7fe ff1f 
  0x0000026c8031ee7c: 0083 ff00 | 0f84 0123 | 0000 8b72 | 2c48 83fe 

  0x0000026c8031ee8c: ;   {metadata(method data for {method} {0x0000026cf90134f0} 'getName' '()Ljava/lang/String;' in 'java/lang/Class')}
  0x0000026c8031ee8c: 0048 bfd8 | 595f f96c | 0200 0048 | b910 0100 | 0000 0000 | 000f 840a | 0000 0048 | b920 0100 
  0x0000026c8031eeac: 0000 0000 | 004c 8b2c | 0f4d 8d6d | 014c 892c | 0f0f 842d 

  0x0000026c8031eec0: ;   {metadata(method data for {method} {0x0000026cf90134f0} 'getName' '()Ljava/lang/String;' in 'java/lang/Class')}
  0x0000026c8031eec0: 0000 0048 | bad8 595f | f96c 0200 | 00ff 8230 | 0100 0048 | 8984 24d0 | 0000 004c | 8984 24d8 
  0x0000026c8031eee0: 0000 0048 | 899c 24e0 | 0000 00e9 | 3700 0000 | 4889 8424 | d000 0000 | 4c89 8424 | d800 0000 
  0x0000026c8031ef00: 4889 9c24 | e000 0000 

  0x0000026c8031ef08: ;   {metadata(method data for {method} {0x0000026cf90134f0} 'getName' '()Ljava/lang/String;' in 'java/lang/Class')}
  0x0000026c8031ef08: 488b ca49 | b9d8 595f | f96c 0200 | 0049 8381 | 4801 0000 

  0x0000026c8031ef1c: ;   {optimized virtual_call}
  0x0000026c8031ef1c: 0166 90e8 

  0x0000026c8031ef20: ; ImmutableOopMap {[152]=Oop [224]=Oop [104]=Oop [216]=Oop [208]=Oop [128]=Oop }
                      ;*invokevirtual initClassName {reexecute=0 rethrow=0 return_oop=0}
                      ; - java.lang.Class::getName@14
                      ; - org.eclipse.osgi.internal.framework.BundleContextImpl::dispatchEvent@199 (line 991)
  0x0000026c8031ef20: dc2b 2607 

  0x0000026c8031ef24: ;   {metadata(method data for {method} {0x0000026cf9af22d8} 'dispatchEvent' '(Ljava/lang/Object;Ljava/lang/Object;ILjava/lang/Object;)V' in 'org/eclipse/osgi/internal/framework/BundleContextImpl')}
  0x0000026c8031ef24: 488b f048 | ba40 11ed | f96c 0200 | 0048 8382 | c806 0000 

  0x0000026c8031ef38: ;   {metadata(method data for {method} {0x0000026cf900b990} 'valueOf' '(Ljava/lang/Object;)Ljava/lang/String;' in 'java/lang/String')}
  0x0000026c8031ef38: 0148 ba08 | 4d7d f96c | 0200 008b | bacc 0000 | 0083 c702 | 89ba cc00 | 0000 81e7 | feff 1f00 
  0x0000026c8031ef58: 83ff 000f | 8447 2200 | 0048 83fe 

  0x0000026c8031ef64: ;   {metadata(method data for {method} {0x0000026cf900b990} 'valueOf' '(Ljava/lang/Object;)Ljava/lang/String;' in 'java/lang/String')}
  0x0000026c8031ef64: 0048 ba08 | 4d7d f96c | 0200 0048 | bf10 0100 | 0000 0000 | 000f 850a | 0000 0048 | bf20 0100 
  0x0000026c8031ef84: 0000 0000 | 0048 8b1c | 3a48 8d5b | 0148 891c | 3a0f 851f 

  0x0000026c8031ef98: ;   {metadata(method data for {method} {0x0000026cf900b990} 'valueOf' '(Ljava/lang/Object;)Ljava/lang/String;' in 'java/lang/String')}
  0x0000026c8031ef98: 0000 0048 | ba08 4d7d | f96c 0200 | 00ff 8230 

  0x0000026c8031efa8: ;   {oop("null"{0x00000000c0000f10})}
  0x0000026c8031efa8: 0100 0048 | be10 0f00 | c000 0000 | 00e9 ad00 | 0000 483b | 0648 8bd6 

  0x0000026c8031efc0: ;   {metadata(method data for {method} {0x0000026cf900b990} 'valueOf' '(Ljava/lang/Object;)Ljava/lang/String;' in 'java/lang/String')}
  0x0000026c8031efc0: 48bf 084d | 7df9 6c02 | 0000 8b52 | 0848 c1e2 | 0348 3b97 | 5801 0000 | 750d 4883 | 8760 0100 
  0x0000026c8031efe0: 0001 e966 | 0000 0048 | 3b97 6801 | 0000 750d | 4883 8770 | 0100 0001 | e950 0000 | 0048 81bf 
  0x0000026c8031f000: 5801 0000 | 0000 0000 | 7517 4889 | 9758 0100 | 0048 c787 | 6001 0000 | 0100 0000 | e92c 0000 
  0x0000026c8031f020: 0048 81bf | 6801 0000 | 0000 0000 | 7517 4889 | 9768 0100 | 0048 c787 | 7001 0000 | 0100 0000 
  0x0000026c8031f040: e908 0000 | 0048 8387 | 4801 0000 | 0148 8bd6 | 0f1f 4400 | 0048 b8ff | ffff ffff 

  0x0000026c8031f05c: ;   {virtual_call}
  0x0000026c8031f05c: ffff ffe8 

  0x0000026c8031f060: ; ImmutableOopMap {[152]=Oop [224]=Oop [104]=Oop [216]=Oop [208]=Oop [128]=Oop }
                      ;*invokevirtual toString {reexecute=0 rethrow=0 return_oop=0}
                      ; - java.lang.String::valueOf@11
                      ; - org.eclipse.osgi.internal.framework.BundleContextImpl::dispatchEvent@202 (line 991)
  0x0000026c8031f060: 1c30 2607 | 488b f048 | 8b84 24d0 

  0x0000026c8031f06c: ;   {metadata(method data for {method} {0x0000026cf9af22d8} 'dispatchEvent' '(Ljava/lang/Object;Ljava/lang/Object;ILjava/lang/Object;)V' in 'org/eclipse/osgi/internal/framework/BundleContextImpl')}
  0x0000026c8031f06c: 0000 0049 | b840 11ed | f96c 0200 | 0049 8380 | d806 0000 

  0x0000026c8031f080: ;   {metadata(method data for {method} {0x0000026cf909a228} '<init>' '(Ljava/lang/String;)V' in 'java/lang/StringBuilder')}
  0x0000026c8031f080: 0149 b8e0 | af7f f96c | 0200 0041 | 8b90 cc00 | 0000 83c2 | 0241 8990 | cc00 0000 | 81e2 feff 
  0x0000026c8031f0a0: 1f00 83fa | 000f 8423 | 2100 0048 | 8b84 24d0 

  0x0000026c8031f0b0: ;   {metadata(method data for {method} {0x0000026cf909a228} '<init>' '(Ljava/lang/String;)V' in 'java/lang/StringBuilder')}
  0x0000026c8031f0b0: 0000 0049 | b8e0 af7f | f96c 0200 | 0049 8380 | 1001 0000 | 014c 8bc6 | 488b 9424 | d000 0000 
  0x0000026c8031f0d0: 0f1f 8000 

  0x0000026c8031f0d4: ;   {optimized virtual_call}
  0x0000026c8031f0d4: 0000 00e8 

  0x0000026c8031f0d8: ; ImmutableOopMap {[152]=Oop [224]=Oop [104]=Oop [216]=Oop [208]=Oop [128]=Oop }
                      ;*invokespecial <init> {reexecute=0 rethrow=0 return_oop=0}
                      ; - java.lang.StringBuilder::<init>@2
                      ; - org.eclipse.osgi.internal.framework.BundleContextImpl::dispatchEvent@205 (line 991)
  0x0000026c8031f0d8: 242a 2607 | 488b 8424 | d000 0000 

  0x0000026c8031f0e4: ;   {metadata(method data for {method} {0x0000026cf9af22d8} 'dispatchEvent' '(Ljava/lang/Object;Ljava/lang/Object;ILjava/lang/Object;)V' in 'org/eclipse/osgi/internal/framework/BundleContextImpl')}
  0x0000026c8031f0e4: 49b8 4011 | edf9 6c02 | 0000 4983 | 80e8 0600 

  0x0000026c8031f0f4: ;   {metadata(method data for {method} {0x0000026cf909a488} 'append' '(Ljava/lang/String;)Ljava/lang/StringBuilder;' in 'java/lang/StringBuilder')}
  0x0000026c8031f0f4: 0001 49b8 | 78ed 3bf9 | 6c02 0000 | 418b 90cc | 0000 0083 | c202 4189 | 90cc 0000 | 0081 e2fe 
  0x0000026c8031f114: ff1f 0083 | fa00 0f84 | cf20 0000 | 488b 8424 | d000 0000 

  0x0000026c8031f128: ;   {metadata(method data for {method} {0x0000026cf909a488} 'append' '(Ljava/lang/String;)Ljava/lang/StringBuilder;' in 'java/lang/StringBuilder')}
  0x0000026c8031f128: 49b8 78ed | 3bf9 6c02 | 0000 4983 | 8010 0100 

  0x0000026c8031f138: ;   {oop("@"{0x00000000c0000028})}
  0x0000026c8031f138: 0001 49b8 | 2800 00c0 | 0000 0000 | 488b 9424 | d000 0000 

  0x0000026c8031f14c: ;   {optimized virtual_call}
  0x0000026c8031f14c: 6666 90e8 

  0x0000026c8031f150: ; ImmutableOopMap {[152]=Oop [224]=Oop [104]=Oop [216]=Oop [208]=Oop [128]=Oop }
                      ;*invokespecial append {reexecute=0 rethrow=0 return_oop=0}
                      ; - java.lang.StringBuilder::append@2
                      ; - org.eclipse.osgi.internal.framework.BundleContextImpl::dispatchEvent@211 (line 991)
  0x0000026c8031f150: ac29 2607 

  0x0000026c8031f154: ;   {metadata(method data for {method} {0x0000026cf9af22d8} 'dispatchEvent' '(Ljava/lang/Object;Ljava/lang/Object;ILjava/lang/Object;)V' in 'org/eclipse/osgi/internal/framework/BundleContextImpl')}
  0x0000026c8031f154: 48ba 4011 | edf9 6c02 | 0000 4883 | 8220 0700 | 0001 488b | 9424 d800 

  0x0000026c8031f16c: ;   {static_call}
  0x0000026c8031f16c: 0000 90e8 

  0x0000026c8031f170: ; ImmutableOopMap {[152]=Oop [224]=Oop [104]=Oop [216]=Oop [208]=Oop [128]=Oop }
                      ;*invokestatic identityHashCode {reexecute=0 rethrow=0 return_oop=0}
                      ; - org.eclipse.osgi.internal.framework.BundleContextImpl::dispatchEvent@216 (line 992)
  0x0000026c8031f170: 8c34 2607 

  0x0000026c8031f174: ;   {metadata(method data for {method} {0x0000026cf9af22d8} 'dispatchEvent' '(Ljava/lang/Object;Ljava/lang/Object;ILjava/lang/Object;)V' in 'org/eclipse/osgi/internal/framework/BundleContextImpl')}
  0x0000026c8031f174: 48ba 4011 | edf9 6c02 | 0000 4883 | 8230 0700 

  0x0000026c8031f184: ;   {metadata(method data for {method} {0x0000026cf90f4560} 'toHexString' '(I)Ljava/lang/String;' in 'java/lang/Integer')}
  0x0000026c8031f184: 0001 48ba | 2817 9bf9 | 6c02 0000 | 448b 82cc | 0000 0041 | 83c0 0244 | 8982 cc00 | 0000 4181 
  0x0000026c8031f1a4: e0fe ff1f | 0041 83f8 | 000f 845d 

  0x0000026c8031f1b0: ;   {metadata(method data for {method} {0x0000026cf90f4560} 'toHexString' '(I)Ljava/lang/String;' in 'java/lang/Integer')}
  0x0000026c8031f1b0: 2000 0048 | ba28 179b | f96c 0200 | 0048 8382 | 1001 0000 | 0148 8bd0 | 41b8 0400 

  0x0000026c8031f1cc: ;   {static_call}
  0x0000026c8031f1cc: 0000 90e8 

  0x0000026c8031f1d0: ; ImmutableOopMap {[152]=Oop [224]=Oop [104]=Oop [216]=Oop [208]=Oop [128]=Oop }
                      ;*invokestatic toUnsignedString0 {reexecute=0 rethrow=0 return_oop=0}
                      ; - java.lang.Integer::toHexString@2
                      ; - org.eclipse.osgi.internal.framework.BundleContextImpl::dispatchEvent@219 (line 992)
  0x0000026c8031f1d0: 2c34 2607 | 4c8b 8424 | d000 0000 

  0x0000026c8031f1dc: ;   {metadata(method data for {method} {0x0000026cf9af22d8} 'dispatchEvent' '(Ljava/lang/Object;Ljava/lang/Object;ILjava/lang/Object;)V' in 'org/eclipse/osgi/internal/framework/BundleContextImpl')}
  0x0000026c8031f1dc: 48ba 4011 | edf9 6c02 | 0000 4883 | 8240 0700 

  0x0000026c8031f1ec: ;   {metadata(method data for {method} {0x0000026cf909a488} 'append' '(Ljava/lang/String;)Ljava/lang/StringBuilder;' in 'java/lang/StringBuilder')}
  0x0000026c8031f1ec: 0001 49b8 | 78ed 3bf9 | 6c02 0000 | 418b 90cc | 0000 0083 | c202 4189 | 90cc 0000 | 0081 e2fe 
  0x0000026c8031f20c: ff1f 0083 | fa00 0f84 | 1920 0000 | 4c8b 8424 | d000 0000 

  0x0000026c8031f220: ;   {metadata(method data for {method} {0x0000026cf909a488} 'append' '(Ljava/lang/String;)Ljava/lang/StringBuilder;' in 'java/lang/StringBuilder')}
  0x0000026c8031f220: 48ba 78ed | 3bf9 6c02 | 0000 4883 | 8210 0100 | 0001 4c8b | c048 8b94 | 24d0 0000 

  0x0000026c8031f23c: ;   {optimized virtual_call}
  0x0000026c8031f23c: 0066 90e8 

  0x0000026c8031f240: ; ImmutableOopMap {[152]=Oop [224]=Oop [104]=Oop [216]=Oop [208]=Oop [128]=Oop }
                      ;*invokespecial append {reexecute=0 rethrow=0 return_oop=0}
                      ; - java.lang.StringBuilder::append@2
                      ; - org.eclipse.osgi.internal.framework.BundleContextImpl::dispatchEvent@222 (line 992)
  0x0000026c8031f240: bc28 2607 | 488b 8424 | d000 0000 

  0x0000026c8031f24c: ;   {metadata(method data for {method} {0x0000026cf9af22d8} 'dispatchEvent' '(Ljava/lang/Object;Ljava/lang/Object;ILjava/lang/Object;)V' in 'org/eclipse/osgi/internal/framework/BundleContextImpl')}
  0x0000026c8031f24c: 48ba 4011 | edf9 6c02 | 0000 4883 | 8278 0700 

  0x0000026c8031f25c: ;   {metadata(method data for {method} {0x0000026cf909b800} 'toString' '()Ljava/lang/String;' in 'java/lang/StringBuilder')}
  0x0000026c8031f25c: 0001 48ba | 20f1 3bf9 | 6c02 0000 | 448b 82cc | 0000 0041 | 83c0 0244 | 8982 cc00 | 0000 4181 
  0x0000026c8031f27c: e0fe ff1f | 0041 83f8 | 000f 84c7 | 1f00 0048 | 8b84 24d0 

  0x0000026c8031f290: ;   {metadata(method data for {method} {0x0000026cf909b800} 'toString' '()Ljava/lang/String;' in 'java/lang/StringBuilder')}
  0x0000026c8031f290: 0000 0048 | ba20 f13b | f96c 0200 | 0048 8382 | 1001 0000 

  0x0000026c8031f2a4: ;   {metadata(method data for {method} {0x0000026cf9098288} 'isLatin1' '()Z' in 'java/lang/AbstractStringBuilder')}
  0x0000026c8031f2a4: 0148 baa8 | 8b3b f96c | 0200 0044 | 8b82 cc00 | 0000 4183 | c002 4489 | 82cc 0000 | 0041 81e0 
  0x0000026c8031f2c4: feff 1f00 | 4183 f800 | 0f84 a11f 

  0x0000026c8031f2d0: ;   {metadata(method data for {method} {0x0000026cf9098288} 'isLatin1' '()Z' in 'java/lang/AbstractStringBuilder')}
  0x0000026c8031f2d0: 0000 48ba | a88b 3bf9 | 6c02 0000 | ff82 2001 | 0000 488b | 8424 d000 | 0000 0fbe | 5010 83fa 
  0x0000026c8031f2f0: ;   {metadata(method data for {method} {0x0000026cf9098288} 'isLatin1' '()Z' in 'java/lang/AbstractStringBuilder')}
  0x0000026c8031f2f0: 0048 baa8 | 8b3b f96c | 0200 0049 | b830 0100 | 0000 0000 | 000f 850a | 0000 0049 | b840 0100 
  0x0000026c8031f310: 0000 0000 | 004e 8b0c | 024d 8d49 | 014e 890c | 020f 851a 

  0x0000026c8031f324: ;   {metadata(method data for {method} {0x0000026cf9098288} 'isLatin1' '()Z' in 'java/lang/AbstractStringBuilder')}
  0x0000026c8031f324: 0000 0048 | baa8 8b3b | f96c 0200 | 00ff 8250 | 0100 00ba | 0100 0000 | e905 0000 | 00ba 0000 
  0x0000026c8031f344: 0000 83e2 | 0183 fa00 

  0x0000026c8031f34c: ;   {metadata(method data for {method} {0x0000026cf909b800} 'toString' '()Ljava/lang/String;' in 'java/lang/StringBuilder')}
  0x0000026c8031f34c: 48ba 20f1 | 3bf9 6c02 | 0000 49b8 | 4801 0000 | 0000 0000 | 0f84 0a00 | 0000 49b8 | 5801 0000 
  0x0000026c8031f36c: 0000 0000 | 4e8b 0c02 | 4d8d 4901 | 4e89 0c02 | 0f84 3f00 | 0000 8b50 | 1444 8b48 

  0x0000026c8031f388: ;   {metadata(method data for {method} {0x0000026cf909b800} 'toString' '()Ljava/lang/String;' in 'java/lang/StringBuilder')}
  0x0000026c8031f388: 0c49 b820 | f13b f96c | 0200 0049 | 8380 6801 | 0000 0141 | b800 0000 | 0066 0f1f 

  0x0000026c8031f3a4: ;   {static_call}
  0x0000026c8031f3a4: 4400 00e8 

  0x0000026c8031f3a8: ; ImmutableOopMap {[152]=Oop [224]=Oop [104]=Oop [216]=Oop [128]=Oop }
                      ;*invokestatic newString {reexecute=0 rethrow=0 return_oop=0}
                      ; - java.lang.StringBuilder::toString@16
                      ; - org.eclipse.osgi.internal.framework.BundleContextImpl::dispatchEvent@225 (line 991)
  0x0000026c8031f3a8: 5432 2607 

  0x0000026c8031f3ac: ;   {metadata(method data for {method} {0x0000026cf909b800} 'toString' '()Ljava/lang/String;' in 'java/lang/StringBuilder')}
  0x0000026c8031f3ac: 48ba 20f1 | 3bf9 6c02 | 0000 ff82 | 7801 0000 | e92b 0000 | 008b 5014 | 448b 480c 

  0x0000026c8031f3c8: ;   {metadata(method data for {method} {0x0000026cf909b800} 'toString' '()Ljava/lang/String;' in 'java/lang/StringBuilder')}
  0x0000026c8031f3c8: 49b8 20f1 | 3bf9 6c02 | 0000 4983 | 8090 0100 | 0001 41b8 | 0000 0000 | 0f1f 8000 

  0x0000026c8031f3e4: ;   {static_call}
  0x0000026c8031f3e4: 0000 00e8 

  0x0000026c8031f3e8: ; ImmutableOopMap {[152]=Oop [224]=Oop [104]=Oop [216]=Oop [128]=Oop }
                      ;*invokestatic newString {reexecute=0 rethrow=0 return_oop=0}
                      ; - java.lang.StringBuilder::toString@31
                      ; - org.eclipse.osgi.internal.framework.BundleContextImpl::dispatchEvent@225 (line 991)
  0x0000026c8031f3e8: 1432 2607 | 4889 8424 | f000 0000 | 0f1f 4000 

  0x0000026c8031f3f8: ;   {no_reloc}
  0x0000026c8031f3f8: e9a6 1e00 | 0000 0000 | 0000 498b | 8708 0100 | 0048 8d78 | 1849 3bbf | 1801 0000 | 0f87 931e 
  0x0000026c8031f418: 0000 4989 | bf08 0100 | 0048 c700 | 0100 0000 | 488b ca48 | c1e9 0389 | 4808 4833 | c989 480c 
  0x0000026c8031f438: 4833 c948 | 8948 104c 

  0x0000026c8031f440: ;   {metadata(method data for {method} {0x0000026cf9af22d8} 'dispatchEvent' '(Ljava/lang/Object;Ljava/lang/Object;ILjava/lang/Object;)V' in 'org/eclipse/osgi/internal/framework/BundleContextImpl')}
  0x0000026c8031f440: 8bc0 48ba | 4011 edf9 | 6c02 0000 | 4883 82b0 | 0700 0001 

  0x0000026c8031f454: ;   {metadata(method data for {method} {0x0000026cf909a228} '<init>' '(Ljava/lang/String;)V' in 'java/lang/StringBuilder')}
  0x0000026c8031f454: 49b8 e0af | 7ff9 6c02 | 0000 418b | 90cc 0000 | 0083 c202 | 4189 90cc | 0000 0081 | e2fe ff1f 
  0x0000026c8031f474: 0083 fa00 | 0f84 3c1e | 0000 4c8b 

  0x0000026c8031f480: ;   {metadata(method data for {method} {0x0000026cf909a228} '<init>' '(Ljava/lang/String;)V' in 'java/lang/StringBuilder')}
  0x0000026c8031f480: c048 bae0 | af7f f96c | 0200 0048 | 8382 1001 

  0x0000026c8031f490: ;   {oop("dispatchServiceEvent["{0x00000000eaeeab50})}
  0x0000026c8031f490: 0000 0149 | b850 abee | ea00 0000 | 0048 8bd0 | 4889 8424 | e800 0000 | 0f1f 8000 

  0x0000026c8031f4ac: ;   {optimized virtual_call}
  0x0000026c8031f4ac: 0000 00e8 

  0x0000026c8031f4b0: ; ImmutableOopMap {[152]=Oop [224]=Oop [216]=Oop [128]=Oop [240]=Oop [232]=Oop [104]=Oop }
                      ;*invokespecial <init> {reexecute=0 rethrow=0 return_oop=0}
                      ; - java.lang.StringBuilder::<init>@2
                      ; - org.eclipse.osgi.internal.framework.BundleContextImpl::dispatchEvent@237 (line 993)
  0x0000026c8031f4b0: 4c26 2607 | 488b 5424 | 688b 7210 | 488b 8424 | e800 0000 

  0x0000026c8031f4c4: ;   {metadata(method data for {method} {0x0000026cf9af22d8} 'dispatchEvent' '(Ljava/lang/Object;Ljava/lang/Object;ILjava/lang/Object;)V' in 'org/eclipse/osgi/internal/framework/BundleContextImpl')}
  0x0000026c8031f4c4: 48bf 4011 | edf9 6c02 | 0000 4883 | 87c0 0700 

  0x0000026c8031f4d4: ;   {metadata(method data for {method} {0x0000026cf909a3f0} 'append' '(Ljava/lang/Object;)Ljava/lang/StringBuilder;' in 'java/lang/StringBuilder')}
  0x0000026c8031f4d4: 0001 48bf | 18f0 9cf9 | 6c02 0000 | 8b9f cc00 | 0000 83c3 | 0289 9fcc | 0000 0081 | e3fe ff1f 
  0x0000026c8031f4f4: 0083 fb00 | 0f84 dd1d 

  0x0000026c8031f4fc: ;   {metadata(method data for {method} {0x0000026cf909a3f0} 'append' '(Ljava/lang/Object;)Ljava/lang/StringBuilder;' in 'java/lang/StringBuilder')}
  0x0000026c8031f4fc: 0000 48bf | 18f0 9cf9 | 6c02 0000 | 4883 8710 | 0100 0001 

  0x0000026c8031f510: ;   {metadata(method data for {method} {0x0000026cf900b990} 'valueOf' '(Ljava/lang/Object;)Ljava/lang/String;' in 'java/lang/String')}
  0x0000026c8031f510: 48bf 084d | 7df9 6c02 | 0000 8b9f | cc00 0000 | 83c3 0289 | 9fcc 0000 | 0081 e3fe | ff1f 0083 
  0x0000026c8031f530: fb00 0f84 | c41d 0000 | 4883 fe00 

  0x0000026c8031f53c: ;   {metadata(method data for {method} {0x0000026cf900b990} 'valueOf' '(Ljava/lang/Object;)Ljava/lang/String;' in 'java/lang/String')}
  0x0000026c8031f53c: 48bf 084d | 7df9 6c02 | 0000 48bb | 1001 0000 | 0000 0000 | 0f85 0a00 | 0000 48bb | 2001 0000 
  0x0000026c8031f55c: 0000 0000 | 488b 041f | 488d 4001 | 4889 041f | 0f85 1f00 

  0x0000026c8031f570: ;   {metadata(method data for {method} {0x0000026cf900b990} 'valueOf' '(Ljava/lang/Object;)Ljava/lang/String;' in 'java/lang/String')}
  0x0000026c8031f570: 0000 48be | 084d 7df9 | 6c02 0000 | ff86 3001 

  0x0000026c8031f580: ;   {oop("null"{0x00000000c0000f10})}
  0x0000026c8031f580: 0000 48be | 100f 00c0 | 0000 0000 | e99e 0000 | 0048 3b06 

  0x0000026c8031f594: ;   {metadata(method data for {method} {0x0000026cf900b990} 'valueOf' '(Ljava/lang/Object;)Ljava/lang/String;' in 'java/lang/String')}
  0x0000026c8031f594: 488b fe48 | bb08 4d7d | f96c 0200 | 008b 7f08 | 48c1 e703 | 483b bb58 | 0100 0075 | 0d48 8383 
  0x0000026c8031f5b4: 6001 0000 | 01e9 6600 | 0000 483b | bb68 0100 | 0075 0d48 | 8383 7001 | 0000 01e9 | 5000 0000 
  0x0000026c8031f5d4: 4881 bb58 | 0100 0000 | 0000 0075 | 1748 89bb | 5801 0000 | 48c7 8360 | 0100 0001 | 0000 00e9 
  0x0000026c8031f5f4: 2c00 0000 | 4881 bb68 | 0100 0000 | 0000 0075 | 1748 89bb | 6801 0000 | 48c7 8370 | 0100 0001 
  0x0000026c8031f614: 0000 00e9 | 0800 0000 | 4883 8348 | 0100 0001 

  0x0000026c8031f624: ;   {optimized virtual_call}
  0x0000026c8031f624: 488b d6e8 

  0x0000026c8031f628: ; ImmutableOopMap {[152]=Oop [224]=Oop [216]=Oop [128]=Oop [240]=Oop [232]=Oop [104]=Oop }
                      ;*invokevirtual toString {reexecute=0 rethrow=0 return_oop=0}
                      ; - java.lang.String::valueOf@11
                      ; - java.lang.StringBuilder::append@2
                      ; - org.eclipse.osgi.internal.framework.BundleContextImpl::dispatchEvent@244 (line 993)
  0x0000026c8031f628: d424 2607 | 488b f048 | 8b84 24e8 

  0x0000026c8031f634: ;   {metadata(method data for {method} {0x0000026cf909a3f0} 'append' '(Ljava/lang/Object;)Ljava/lang/StringBuilder;' in 'java/lang/StringBuilder')}
  0x0000026c8031f634: 0000 0049 | b818 f09c | f96c 0200 | 0049 8380 | 2001 0000 

  0x0000026c8031f648: ;   {metadata(method data for {method} {0x0000026cf909a488} 'append' '(Ljava/lang/String;)Ljava/lang/StringBuilder;' in 'java/lang/StringBuilder')}
  0x0000026c8031f648: 0149 b878 | ed3b f96c | 0200 0041 | 8b90 cc00 | 0000 83c2 | 0241 8990 | cc00 0000 | 81e2 feff 
  0x0000026c8031f668: 1f00 83fa | 000f 84af | 1c00 0048 | 8b84 24e8 

  0x0000026c8031f678: ;   {metadata(method data for {method} {0x0000026cf909a488} 'append' '(Ljava/lang/String;)Ljava/lang/StringBuilder;' in 'java/lang/StringBuilder')}
  0x0000026c8031f678: 0000 0049 | b878 ed3b | f96c 0200 | 0049 8380 | 1001 0000 | 014c 8bc6 | 488b 9424 | e800 0000 
  0x0000026c8031f698: 0f1f 8000 

  0x0000026c8031f69c: ;   {optimized virtual_call}
  0x0000026c8031f69c: 0000 00e8 

  0x0000026c8031f6a0: ; ImmutableOopMap {[152]=Oop [224]=Oop [216]=Oop [128]=Oop [240]=Oop [232]=Oop [104]=Oop }
                      ;*invokespecial append {reexecute=0 rethrow=0 return_oop=0}
                      ; - java.lang.StringBuilder::append@2
                      ; - java.lang.StringBuilder::append@5
                      ; - org.eclipse.osgi.internal.framework.BundleContextImpl::dispatchEvent@244 (line 993)
  0x0000026c8031f6a0: 5c24 2607 | 4c8b 8424 | e800 0000 

  0x0000026c8031f6ac: ;   {metadata(method data for {method} {0x0000026cf9af22d8} 'dispatchEvent' '(Ljava/lang/Object;Ljava/lang/Object;ILjava/lang/Object;)V' in 'org/eclipse/osgi/internal/framework/BundleContextImpl')}
  0x0000026c8031f6ac: 48ba 4011 | edf9 6c02 | 0000 4883 | 82f8 0700 

  0x0000026c8031f6bc: ;   {metadata(method data for {method} {0x0000026cf909a488} 'append' '(Ljava/lang/String;)Ljava/lang/StringBuilder;' in 'java/lang/StringBuilder')}
  0x0000026c8031f6bc: 0001 49b8 | 78ed 3bf9 | 6c02 0000 | 418b 90cc | 0000 0083 | c202 4189 | 90cc 0000 | 0081 e2fe 
  0x0000026c8031f6dc: ff1f 0083 | fa00 0f84 | 5b1c 0000 | 4c8b 8424 | e800 0000 

  0x0000026c8031f6f0: ;   {metadata(method data for {method} {0x0000026cf909a488} 'append' '(Ljava/lang/String;)Ljava/lang/StringBuilder;' in 'java/lang/StringBuilder')}
  0x0000026c8031f6f0: 48ba 78ed | 3bf9 6c02 | 0000 4883 | 8210 0100 

  0x0000026c8031f700: ;   {oop("]("{0x00000000eaeeab20})}
  0x0000026c8031f700: 0001 49b8 | 20ab eeea | 0000 0000 | 488b 9424 | e800 0000 

  0x0000026c8031f714: ;   {optimized virtual_call}
  0x0000026c8031f714: 6666 90e8 

  0x0000026c8031f718: ; ImmutableOopMap {[152]=Oop [224]=Oop [216]=Oop [128]=Oop [232]=Oop [104]=Oop [240]=Oop }
                      ;*invokespecial append {reexecute=0 rethrow=0 return_oop=0}
                      ; - java.lang.StringBuilder::append@2
                      ; - org.eclipse.osgi.internal.framework.BundleContextImpl::dispatchEvent@250 (line 993)
  0x0000026c8031f718: e423 2607 | 488b 8424 | e800 0000 

  0x0000026c8031f724: ;   {metadata(method data for {method} {0x0000026cf9af22d8} 'dispatchEvent' '(Ljava/lang/Object;Ljava/lang/Object;ILjava/lang/Object;)V' in 'org/eclipse/osgi/internal/framework/BundleContextImpl')}
  0x0000026c8031f724: 49b8 4011 | edf9 6c02 | 0000 4983 | 8030 0800 

  0x0000026c8031f734: ;   {metadata(method data for {method} {0x0000026cf909a488} 'append' '(Ljava/lang/String;)Ljava/lang/StringBuilder;' in 'java/lang/StringBuilder')}
  0x0000026c8031f734: 0001 49b8 | 78ed 3bf9 | 6c02 0000 | 418b 90cc | 0000 0083 | c202 4189 | 90cc 0000 | 0081 e2fe 
  0x0000026c8031f754: ff1f 0083 | fa00 0f84 | 041c 0000 | 488b 8424 | e800 0000 

  0x0000026c8031f768: ;   {metadata(method data for {method} {0x0000026cf909a488} 'append' '(Ljava/lang/String;)Ljava/lang/StringBuilder;' in 'java/lang/StringBuilder')}
  0x0000026c8031f768: 49b8 78ed | 3bf9 6c02 | 0000 4983 | 8010 0100 | 0001 4c8b | 8424 f000 | 0000 488b | 9424 e800 
  0x0000026c8031f788: 0000 0f1f 

  0x0000026c8031f78c: ;   {optimized virtual_call}
  0x0000026c8031f78c: 4400 00e8 

  0x0000026c8031f790: ; ImmutableOopMap {[152]=Oop [224]=Oop [216]=Oop [128]=Oop [232]=Oop [104]=Oop }
                      ;*invokespecial append {reexecute=0 rethrow=0 return_oop=0}
                      ; - java.lang.StringBuilder::append@2
                      ; - org.eclipse.osgi.internal.framework.BundleContextImpl::dispatchEvent@255 (line 993)
  0x0000026c8031f790: 6c23 2607 | 488b 8424 | e800 0000 

  0x0000026c8031f79c: ;   {metadata(method data for {method} {0x0000026cf9af22d8} 'dispatchEvent' '(Ljava/lang/Object;Ljava/lang/Object;ILjava/lang/Object;)V' in 'org/eclipse/osgi/internal/framework/BundleContextImpl')}
  0x0000026c8031f79c: 49b8 4011 | edf9 6c02 | 0000 4983 | 8068 0800 

  0x0000026c8031f7ac: ;   {metadata(method data for {method} {0x0000026cf909a488} 'append' '(Ljava/lang/String;)Ljava/lang/StringBuilder;' in 'java/lang/StringBuilder')}
  0x0000026c8031f7ac: 0001 49b8 | 78ed 3bf9 | 6c02 0000 | 418b 90cc | 0000 0083 | c202 4189 | 90cc 0000 | 0081 e2fe 
  0x0000026c8031f7cc: ff1f 0083 | fa00 0f84 | ad1b 0000 | 488b 8424 | e800 0000 

  0x0000026c8031f7e0: ;   {metadata(method data for {method} {0x0000026cf909a488} 'append' '(Ljava/lang/String;)Ljava/lang/StringBuilder;' in 'java/lang/StringBuilder')}
  0x0000026c8031f7e0: 49b8 78ed | 3bf9 6c02 | 0000 4983 | 8010 0100 

  0x0000026c8031f7f0: ;   {oop(")"{0x00000000c0001cf0})}
  0x0000026c8031f7f0: 0001 49b8 | f01c 00c0 | 0000 0000 | 488b 9424 | e800 0000 

  0x0000026c8031f804: ;   {optimized virtual_call}
  0x0000026c8031f804: 6666 90e8 

  0x0000026c8031f808: ; ImmutableOopMap {[152]=Oop [224]=Oop [216]=Oop [128]=Oop [232]=Oop [104]=Oop }
                      ;*invokespecial append {reexecute=0 rethrow=0 return_oop=0}
                      ; - java.lang.StringBuilder::append@2
                      ; - org.eclipse.osgi.internal.framework.BundleContextImpl::dispatchEvent@261 (line 993)
  0x0000026c8031f808: f422 2607 | 488b 8424 | e800 0000 

  0x0000026c8031f814: ;   {metadata(method data for {method} {0x0000026cf9af22d8} 'dispatchEvent' '(Ljava/lang/Object;Ljava/lang/Object;ILjava/lang/Object;)V' in 'org/eclipse/osgi/internal/framework/BundleContextImpl')}
  0x0000026c8031f814: 48ba 4011 | edf9 6c02 | 0000 4883 | 82a0 0800 

  0x0000026c8031f824: ;   {metadata(method data for {method} {0x0000026cf909b800} 'toString' '()Ljava/lang/String;' in 'java/lang/StringBuilder')}
  0x0000026c8031f824: 0001 48ba | 20f1 3bf9 | 6c02 0000 | 448b 82cc | 0000 0041 | 83c0 0244 | 8982 cc00 | 0000 4181 
  0x0000026c8031f844: e0fe ff1f | 0041 83f8 | 000f 8453 | 1b00 0048 | 8b84 24e8 

  0x0000026c8031f858: ;   {metadata(method data for {method} {0x0000026cf909b800} 'toString' '()Ljava/lang/String;' in 'java/lang/StringBuilder')}
  0x0000026c8031f858: 0000 0048 | ba20 f13b | f96c 0200 | 0048 8382 | 1001 0000 

  0x0000026c8031f86c: ;   {metadata(method data for {method} {0x0000026cf9098288} 'isLatin1' '()Z' in 'java/lang/AbstractStringBuilder')}
  0x0000026c8031f86c: 0148 baa8 | 8b3b f96c | 0200 0044 | 8b82 cc00 | 0000 4183 | c002 4489 | 82cc 0000 | 0041 81e0 
  0x0000026c8031f88c: feff 1f00 | 4183 f800 | 0f84 2d1b 

  0x0000026c8031f898: ;   {metadata(method data for {method} {0x0000026cf9098288} 'isLatin1' '()Z' in 'java/lang/AbstractStringBuilder')}
  0x0000026c8031f898: 0000 48ba | a88b 3bf9 | 6c02 0000 | ff82 2001 | 0000 488b | 8424 e800 | 0000 0fbe | 5010 83fa 
  0x0000026c8031f8b8: ;   {metadata(method data for {method} {0x0000026cf9098288} 'isLatin1' '()Z' in 'java/lang/AbstractStringBuilder')}
  0x0000026c8031f8b8: 0048 baa8 | 8b3b f96c | 0200 0049 | b830 0100 | 0000 0000 | 000f 850a | 0000 0049 | b840 0100 
  0x0000026c8031f8d8: 0000 0000 | 004e 8b0c | 024d 8d49 | 014e 890c | 020f 851a 

  0x0000026c8031f8ec: ;   {metadata(method data for {method} {0x0000026cf9098288} 'isLatin1' '()Z' in 'java/lang/AbstractStringBuilder')}
  0x0000026c8031f8ec: 0000 0048 | baa8 8b3b | f96c 0200 | 00ff 8250 | 0100 00ba | 0100 0000 | e905 0000 | 00ba 0000 
  0x0000026c8031f90c: 0000 83e2 | 0183 fa00 

  0x0000026c8031f914: ;   {metadata(method data for {method} {0x0000026cf909b800} 'toString' '()Ljava/lang/String;' in 'java/lang/StringBuilder')}
  0x0000026c8031f914: 48ba 20f1 | 3bf9 6c02 | 0000 49b8 | 4801 0000 | 0000 0000 | 0f84 0a00 | 0000 49b8 | 5801 0000 
  0x0000026c8031f934: 0000 0000 | 4e8b 0c02 | 4d8d 4901 | 4e89 0c02 | 0f84 3f00 | 0000 8b50 | 1444 8b48 

  0x0000026c8031f950: ;   {metadata(method data for {method} {0x0000026cf909b800} 'toString' '()Ljava/lang/String;' in 'java/lang/StringBuilder')}
  0x0000026c8031f950: 0c49 b820 | f13b f96c | 0200 0049 | 8380 6801 | 0000 0141 | b800 0000 | 0066 0f1f 

  0x0000026c8031f96c: ;   {static_call}
  0x0000026c8031f96c: 4400 00e8 

  0x0000026c8031f970: ; ImmutableOopMap {[152]=Oop [224]=Oop [216]=Oop [128]=Oop [104]=Oop }
                      ;*invokestatic newString {reexecute=0 rethrow=0 return_oop=0}
                      ; - java.lang.StringBuilder::toString@16
                      ; - org.eclipse.osgi.internal.framework.BundleContextImpl::dispatchEvent@264 (line 993)
  0x0000026c8031f970: 8c2c 2607 

  0x0000026c8031f974: ;   {metadata(method data for {method} {0x0000026cf909b800} 'toString' '()Ljava/lang/String;' in 'java/lang/StringBuilder')}
  0x0000026c8031f974: 48ba 20f1 | 3bf9 6c02 | 0000 ff82 | 7801 0000 | e92b 0000 | 008b 5014 | 448b 480c 

  0x0000026c8031f990: ;   {metadata(method data for {method} {0x0000026cf909b800} 'toString' '()Ljava/lang/String;' in 'java/lang/StringBuilder')}
  0x0000026c8031f990: 49b8 20f1 | 3bf9 6c02 | 0000 4983 | 8090 0100 | 0001 41b8 | 0000 0000 | 0f1f 8000 

  0x0000026c8031f9ac: ;   {static_call}
  0x0000026c8031f9ac: 0000 00e8 

  0x0000026c8031f9b0: ; ImmutableOopMap {[152]=Oop [224]=Oop [216]=Oop [128]=Oop [104]=Oop }
                      ;*invokestatic newString {reexecute=0 rethrow=0 return_oop=0}
                      ; - java.lang.StringBuilder::toString@31
                      ; - org.eclipse.osgi.internal.framework.BundleContextImpl::dispatchEvent@264 (line 993)
  0x0000026c8031f9b0: 4c2c 2607 

  0x0000026c8031f9b4: ;   {metadata(method data for {method} {0x0000026cf9af22d8} 'dispatchEvent' '(Ljava/lang/Object;Ljava/lang/Object;ILjava/lang/Object;)V' in 'org/eclipse/osgi/internal/framework/BundleContextImpl')}
  0x0000026c8031f9b4: 49b8 4011 | edf9 6c02 | 0000 4983 | 80d8 0800 

  0x0000026c8031f9c4: ;   {metadata(method data for {method} {0x0000026cf9869150} 'println' '(Ljava/lang/String;)V' in 'org/eclipse/osgi/internal/debug/Debug')}
  0x0000026c8031f9c4: 0001 49b8 | 68ae cef9 | 6c02 0000 | 418b 90cc | 0000 0083 | c202 4189 | 90cc 0000 | 0081 e2fe 
  0x0000026c8031f9e4: ff1f 0083 | fa00 0f84 | f819 0000 

  0x0000026c8031f9f0: ;   {oop(a 'java/lang/Class'{0x00000000c00042a0} = 'org/eclipse/osgi/internal/debug/Debug')}
  0x0000026c8031f9f0: 49b8 a042 | 00c0 0000 | 0000 418b | 90d4 0000 | 0048 3b02 

  0x0000026c8031fa04: ;   {metadata(method data for {method} {0x0000026cf9869150} 'println' '(Ljava/lang/String;)V' in 'org/eclipse/osgi/internal/debug/Debug')}
  0x0000026c8031fa04: 4c8b c248 | be68 aece | f96c 0200 

  0x0000026c8031fa10: ;   {metadata('java/io/PrintStream')}
  0x0000026c8031fa10: 0049 ba50 | 8906 0001 | 0000 004c | 8996 2001 | 0000 4883 | 8628 0100 | 0001 4c8b 

  0x0000026c8031fa2c: ;   {optimized virtual_call}
  0x0000026c8031fa2c: c066 90e8 

  0x0000026c8031fa30: ; ImmutableOopMap {[152]=Oop [224]=Oop [216]=Oop [128]=Oop [104]=Oop }
                      ;*invokevirtual println {reexecute=0 rethrow=0 return_oop=0}
                      ; - org.eclipse.osgi.internal.debug.Debug::println@4 (line 358)
                      ; - org.eclipse.osgi.internal.framework.BundleContextImpl::dispatchEvent@267 (line 993)
  0x0000026c8031fa30: cc20 2607 | 488b 9424 | d800 0000 | 488b 9c24 | e000 0000 

  0x0000026c8031fa44: ; implicit exception: dispatches to 0x0000026c8032140e
  0x0000026c8031fa44: 483b 024c 

  0x0000026c8031fa48: ;   {metadata(method data for {method} {0x0000026cf9af22d8} 'dispatchEvent' '(Ljava/lang/Object;Ljava/lang/Object;ILjava/lang/Object;)V' in 'org/eclipse/osgi/internal/framework/BundleContextImpl')}
  0x0000026c8031fa48: 8bc2 48be | 4011 edf9 | 6c02 0000 | 458b 4008 | 49c1 e003 | 4c3b 86f8 | 0800 0075 | 0d48 8386 
  0x0000026c8031fa68: 0009 0000 | 01e9 6600 | 0000 4c3b | 8608 0900 | 0075 0d48 | 8386 1009 | 0000 01e9 | 5000 0000 
  0x0000026c8031fa88: 4881 bef8 | 0800 0000 | 0000 0075 | 174c 8986 | f808 0000 | 48c7 8600 | 0900 0001 | 0000 00e9 
  0x0000026c8031faa8: 2c00 0000 | 4881 be08 | 0900 0000 | 0000 0075 | 174c 8986 | 0809 0000 | 48c7 8610 | 0900 0001 
  0x0000026c8031fac8: 0000 00e9 | 0800 0000 | 4883 86e8 | 0800 0001 | 4c8b c366 | 9048 b818 | 0913 0001 

  0x0000026c8031fae4: ;   {virtual_call}
  0x0000026c8031fae4: 0000 00e8 

  0x0000026c8031fae8: ; ImmutableOopMap {[152]=Oop [128]=Oop [104]=Oop }
                      ;*invokeinterface serviceChanged {reexecute=0 rethrow=0 return_oop=0}
                      ; - org.eclipse.osgi.internal.framework.BundleContextImpl::dispatchEvent@274 (line 995)
  0x0000026c8031fae8: f4a1 fbff 

  0x0000026c8031faec: ;   {metadata(method data for {method} {0x0000026cf9af22d8} 'dispatchEvent' '(Ljava/lang/Object;Ljava/lang/Object;ILjava/lang/Object;)V' in 'org/eclipse/osgi/internal/framework/BundleContextImpl')}
  0x0000026c8031faec: 49b8 4011 | edf9 6c02 | 0000 41ff | 8020 0900 | 0048 8b84 | 2498 0000 

  0x0000026c8031fb04: ;   {oop(a 'java/lang/Boolean'{0x00000000c00050c0} = false)}
  0x0000026c8031fb04: 0049 bac0 | 5000 c000 | 0000 0049 

  0x0000026c8031fb10: ;   {metadata(method data for {method} {0x0000026cf9af22d8} 'dispatchEvent' '(Ljava/lang/Object;Ljava/lang/Object;ILjava/lang/Object;)V' in 'org/eclipse/osgi/internal/framework/BundleContextImpl')}
  0x0000026c8031fb10: 3bc2 49b8 | 4011 edf9 | 6c02 0000 | 48ba 7810 | 0000 0000 | 0000 0f84 | 0a00 0000 | 48ba 8810 
  0x0000026c8031fb30: 0000 0000 | 0000 498b | 3410 488d | 7601 4989 | 3410 0f84 | 640d 0000 

  0x0000026c8031fb48: ;   {metadata(method data for {method} {0x0000026cf9af22d8} 'dispatchEvent' '(Ljava/lang/Object;Ljava/lang/Object;ILjava/lang/Object;)V' in 'org/eclipse/osgi/internal/framework/BundleContextImpl')}
  0x0000026c8031fb48: 49b8 4011 | edf9 6c02 | 0000 4983 | 8098 1000 | 0001 4883 | f800 7516 

  0x0000026c8031fb60: ;   {metadata(method data for {method} {0x0000026cf9af22d8} 'dispatchEvent' '(Ljava/lang/Object;Ljava/lang/Object;ILjava/lang/Object;)V' in 'org/eclipse/osgi/internal/framework/BundleContextImpl')}
  0x0000026c8031fb60: 48be 4011 | edf9 6c02 | 0000 808e | a110 0000 | 01e9 c100 

  0x0000026c8031fb74: ;   {metadata('java/lang/ClassLoader')}
  0x0000026c8031fb74: 0000 48bf | b82c 0400 | 0100 0000 | 8b70 0848 | c1e6 0348 | 3b7e 380f | 858a 0000 

  0x0000026c8031fb90: ;   {metadata(method data for {method} {0x0000026cf9af22d8} 'dispatchEvent' '(Ljava/lang/Object;Ljava/lang/Object;ILjava/lang/Object;)V' in 'org/eclipse/osgi/internal/framework/BundleContextImpl')}
  0x0000026c8031fb90: 0048 be40 | 11ed f96c | 0200 008b | 7808 48c1 | e703 483b | beb8 1000 | 0075 0d48 | 8386 c010 
  0x0000026c8031fbb0: 0000 01e9 | 7f00 0000 | 483b bec8 | 1000 0075 | 0d48 8386 | d010 0000 | 01e9 6900 | 0000 4881 
  0x0000026c8031fbd0: beb8 1000 | 0000 0000 | 0075 1748 | 89be b810 | 0000 48c7 | 86c0 1000 | 0001 0000 | 00e9 4500 
  0x0000026c8031fbf0: 0000 4881 | bec8 1000 | 0000 0000 | 0075 1748 | 89be c810 | 0000 48c7 | 86d0 1000 | 0001 0000 
  0x0000026c8031fc10: 00e9 2100 | 0000 e91c 

  0x0000026c8031fc18: ;   {metadata(method data for {method} {0x0000026cf9af22d8} 'dispatchEvent' '(Ljava/lang/Object;Ljava/lang/Object;ILjava/lang/Object;)V' in 'org/eclipse/osgi/internal/framework/BundleContextImpl')}
  0x0000026c8031fc18: 0000 0048 | be40 11ed | f96c 0200 | 0048 83ae | a810 0000 | 01e9 e117 | 0000 e900 | 0000 004c 
  0x0000026c8031fc38: 8bc0 498b | 9790 0200 | 0048 8b12 

  0x0000026c8031fc44: ; implicit exception: dispatches to 0x0000026c8032141c
  0x0000026c8031fc44: 483b 0248 

  0x0000026c8031fc48: ;   {metadata(method data for {method} {0x0000026cf9af22d8} 'dispatchEvent' '(Ljava/lang/Object;Ljava/lang/Object;ILjava/lang/Object;)V' in 'org/eclipse/osgi/internal/framework/BundleContextImpl')}
  0x0000026c8031fc48: 8bf2 48bf | 4011 edf9 | 6c02 0000 | 8b76 0848 | c1e6 0348 | 3bb7 f010 | 0000 750d | 4883 87f8 
  0x0000026c8031fc68: 1000 0001 | e966 0000 | 0048 3bb7 | 0011 0000 | 750d 4883 | 8708 1100 | 0001 e950 | 0000 0048 
  0x0000026c8031fc88: 81bf f010 | 0000 0000 | 0000 7517 | 4889 b7f0 | 1000 0048 | c787 f810 | 0000 0100 | 0000 e92c 
  0x0000026c8031fca8: 0000 0048 | 81bf 0011 | 0000 0000 | 0000 7517 | 4889 b700 | 1100 0048 | c787 0811 | 0000 0100 
  0x0000026c8031fcc8: 0000 e908 | 0000 0048 | 8387 e010 | 0000 0166 | 0f1f 4400 | 0048 b8ff | ffff ffff 

  0x0000026c8031fce4: ;   {virtual_call}
  0x0000026c8031fce4: ffff ffe8 

  0x0000026c8031fce8: ; ImmutableOopMap {}
                      ;*invokevirtual setContextClassLoader {reexecute=0 rethrow=0 return_oop=0}
                      ; - org.eclipse.osgi.internal.framework.BundleContextImpl::dispatchEvent@554 (line 1035)
  0x0000026c8031fce8: 9423 2607 | 4881 c440 | 0100 005d 

  0x0000026c8031fcf4: ;   {poll_return}
  0x0000026c8031fcf4: 493b a750 | 0300 000f | 8720 1700 | 00c3 660f | 1f44 0000 

  0x0000026c8031fd08: ;   {no_reloc}
  0x0000026c8031fd08: e939 1700 | 0000 0000 | 0000 498b | 8708 0100 | 0048 8d78 | 2849 3bbf | 1801 0000 | 0f87 2617 
  0x0000026c8031fd28: 0000 4989 | bf08 0100 | 0048 c700 | 0100 0000 | 488b ca48 | c1e9 0389 | 4808 4833 | c989 480c 
  0x0000026c8031fd48: 4833 c948 | 8948 1048 | 8948 1848 | 8948 2048 

  0x0000026c8031fd58: ;   {metadata(method data for {method} {0x0000026cf9af22d8} 'dispatchEvent' '(Ljava/lang/Object;Ljava/lang/Object;ILjava/lang/Object;)V' in 'org/eclipse/osgi/internal/framework/BundleContextImpl')}
  0x0000026c8031fd58: 8bd0 48be | 4011 edf9 | 6c02 0000 | 4883 86a8 | 0c00 0001 | 488b d048 | 8984 24f8 

  0x0000026c8031fd74: ;   {optimized virtual_call}
  0x0000026c8031fd74: 0000 00e8 

  0x0000026c8031fd78: ; ImmutableOopMap {[128]=Oop [104]=Oop [248]=Oop [152]=Oop }
                      ;*invokespecial <init> {reexecute=0 rethrow=0 return_oop=0}
                      ; - org.eclipse.osgi.internal.framework.BundleContextImpl::dispatchEvent@397 (line 1012)
  0x0000026c8031fd78: 841d 2607 | 488b 8424 

  0x0000026c8031fd80: ; ImmutableOopMap {[128]=Oop [104]=Oop [152]=Oop rax=Oop }
                      ;*athrow {reexecute=1 rethrow=0 return_oop=0}
                      ; - (reexecute) org.eclipse.osgi.internal.framework.BundleContextImpl::dispatchEvent@400 (line 1012)
  0x0000026c8031fd80: f800 0000 

  0x0000026c8031fd84: ;   {section_word}
  0x0000026c8031fd84: 48ba 84fd | 3180 6c02 

  0x0000026c8031fd8c: ;   {runtime_call handle_exception_nofpu Runtime1 stub}
  0x0000026c8031fd8c: 0000 e86d | 6630 0790 | 488b 5424 | 6849 8b87 | e003 0000 | 4d33 d24d | 8997 e003 | 0000 4d33 
  0x0000026c8031fdac: d24d 8997 | e803 0000 | 4889 8424 | 0001 0000 | 8b72 180f | be76 0c83 

  0x0000026c8031fdc4: ;   {metadata(method data for {method} {0x0000026cf9af22d8} 'dispatchEvent' '(Ljava/lang/Object;Ljava/lang/Object;ILjava/lang/Object;)V' in 'org/eclipse/osgi/internal/framework/BundleContextImpl')}
  0x0000026c8031fdc4: fe00 48be | 4011 edf9 | 6c02 0000 | 48bf c80c | 0000 0000 | 0000 0f85 | 0a00 0000 | 48bf b80c 
  0x0000026c8031fde4: 0000 0000 | 0000 488b | 0c3e 488d | 4901 4889 | 0c3e 0f85 | 0c00 0000 | 8b7c 2470 | 488b f2e9 
  0x0000026c8031fe04: c505 0000 

  0x0000026c8031fe08: ;   {no_reloc}
  0x0000026c8031fe08: e964 1600 | 0000 0000 | 0000 498b | 8708 0100 | 0048 8d78 | 1849 3bbf | 1801 0000 | 0f87 5116 
  0x0000026c8031fe28: 0000 4989 | bf08 0100 | 0048 c700 | 0100 0000 | 488b ca48 | c1e9 0389 | 4808 4833 | c989 480c 
  0x0000026c8031fe48: 4833 c948 | 8948 104c 

  0x0000026c8031fe50: ;   {metadata(method data for {method} {0x0000026cf9af22d8} 'dispatchEvent' '(Ljava/lang/Object;Ljava/lang/Object;ILjava/lang/Object;)V' in 'org/eclipse/osgi/internal/framework/BundleContextImpl')}
  0x0000026c8031fe50: 8bc0 48ba | 4011 edf9 | 6c02 0000 | 4883 82d8 | 0c00 0001 

  0x0000026c8031fe64: ;   {metadata(method data for {method} {0x0000026cf909a228} '<init>' '(Ljava/lang/String;)V' in 'java/lang/StringBuilder')}
  0x0000026c8031fe64: 49b8 e0af | 7ff9 6c02 | 0000 418b | 90cc 0000 | 0083 c202 | 4189 90cc | 0000 0081 | e2fe ff1f 
  0x0000026c8031fe84: 0083 fa00 | 0f84 fa15 | 0000 4c8b 

  0x0000026c8031fe90: ;   {metadata(method data for {method} {0x0000026cf909a228} '<init>' '(Ljava/lang/String;)V' in 'java/lang/StringBuilder')}
  0x0000026c8031fe90: c048 bae0 | af7f f96c | 0200 0048 | 8382 1001 

  0x0000026c8031fea0: ;   {oop("Exception in bottom level event dispatcher: "{0x00000000eaeeabd0})}
  0x0000026c8031fea0: 0000 0149 | b8d0 abee | ea00 0000 | 0048 8bd0 | 4889 8424 | 0801 0000 | 0f1f 8000 

  0x0000026c8031febc: ;   {optimized virtual_call}
  0x0000026c8031febc: 0000 00e8 

  0x0000026c8031fec0: ; ImmutableOopMap {[128]=Oop [152]=Oop [264]=Oop [104]=Oop [256]=Oop }
                      ;*invokespecial <init> {reexecute=0 rethrow=0 return_oop=0}
                      ; - java.lang.StringBuilder::<init>@2
                      ; - org.eclipse.osgi.internal.framework.BundleContextImpl::dispatchEvent@420 (line 1018)
  0x0000026c8031fec0: 3c1c 2607 | 488b 8424 | 0001 0000 

  0x0000026c8031fecc: ;   {metadata(method data for {method} {0x0000026cf9af22d8} 'dispatchEvent' '(Ljava/lang/Object;Ljava/lang/Object;ILjava/lang/Object;)V' in 'org/eclipse/osgi/internal/framework/BundleContextImpl')}
  0x0000026c8031fecc: 48ba 4011 | edf9 6c02 | 0000 8b40 | 0848 c1e0 | 0348 3b82 | f80c 0000 | 750d 4883 | 8200 0d00 
  0x0000026c8031feec: 0001 e966 | 0000 0048 | 3b82 080d | 0000 750d | 4883 8210 | 0d00 0001 | e950 0000 | 0048 81ba 
  0x0000026c8031ff0c: f80c 0000 | 0000 0000 | 7517 4889 | 82f8 0c00 | 0048 c782 | 000d 0000 | 0100 0000 | e92c 0000 
  0x0000026c8031ff2c: 0048 81ba | 080d 0000 | 0000 0000 | 7517 4889 | 8208 0d00 | 0048 c782 | 100d 0000 | 0100 0000 
  0x0000026c8031ff4c: e908 0000 | 0048 8382 | e80c 0000 | 0148 8b94 | 2400 0100 | 000f 1f40 | 0048 b8ff | ffff ffff 
  0x0000026c8031ff6c: ;   {virtual_call}
  0x0000026c8031ff6c: ffff ffe8 

  0x0000026c8031ff70: ; ImmutableOopMap {[128]=Oop [152]=Oop [264]=Oop [104]=Oop [256]=Oop }
                      ;*invokevirtual getMessage {reexecute=0 rethrow=0 return_oop=0}
                      ; - org.eclipse.osgi.internal.framework.BundleContextImpl::dispatchEvent@425 (line 1018)
  0x0000026c8031ff70: 0c21 2607 | 4c8b 8424 | 0801 0000 

  0x0000026c8031ff7c: ;   {metadata(method data for {method} {0x0000026cf9af22d8} 'dispatchEvent' '(Ljava/lang/Object;Ljava/lang/Object;ILjava/lang/Object;)V' in 'org/eclipse/osgi/internal/framework/BundleContextImpl')}
  0x0000026c8031ff7c: 48ba 4011 | edf9 6c02 | 0000 4883 | 8220 0d00 

  0x0000026c8031ff8c: ;   {metadata(method data for {method} {0x0000026cf909a488} 'append' '(Ljava/lang/String;)Ljava/lang/StringBuilder;' in 'java/lang/StringBuilder')}
  0x0000026c8031ff8c: 0001 49b8 | 78ed 3bf9 | 6c02 0000 | 418b 90cc | 0000 0083 | c202 4189 | 90cc 0000 | 0081 e2fe 
  0x0000026c8031ffac: ff1f 0083 | fa00 0f84 | f114 0000 | 4c8b 8424 | 0801 0000 

  0x0000026c8031ffc0: ;   {metadata(method data for {method} {0x0000026cf909a488} 'append' '(Ljava/lang/String;)Ljava/lang/StringBuilder;' in 'java/lang/StringBuilder')}
  0x0000026c8031ffc0: 48ba 78ed | 3bf9 6c02 | 0000 4883 | 8210 0100 | 0001 4c8b | c048 8b94 | 2408 0100 

  0x0000026c8031ffdc: ;   {optimized virtual_call}
  0x0000026c8031ffdc: 0066 90e8 

  0x0000026c8031ffe0: ; ImmutableOopMap {[128]=Oop [152]=Oop [264]=Oop [104]=Oop [256]=Oop }
                      ;*invokespecial append {reexecute=0 rethrow=0 return_oop=0}
                      ; - java.lang.StringBuilder::append@2
                      ; - org.eclipse.osgi.internal.framework.BundleContextImpl::dispatchEvent@428 (line 1018)
  0x0000026c8031ffe0: 1c1b 2607 | 488b 8424 | 0801 0000 

  0x0000026c8031ffec: ;   {metadata(method data for {method} {0x0000026cf9af22d8} 'dispatchEvent' '(Ljava/lang/Object;Ljava/lang/Object;ILjava/lang/Object;)V' in 'org/eclipse/osgi/internal/framework/BundleContextImpl')}
  0x0000026c8031ffec: 48ba 4011 | edf9 6c02 | 0000 4883 | 8258 0d00 

  0x0000026c8031fffc: ;   {metadata(method data for {method} {0x0000026cf909b800} 'toString' '()Ljava/lang/String;' in 'java/lang/StringBuilder')}
  0x0000026c8031fffc: 0001 48ba | 20f1 3bf9 | 6c02 0000 | 448b 82cc | 0000 0041 | 83c0 0244 | 8982 cc00 | 0000 4181 
  0x0000026c8032001c: e0fe ff1f | 0041 83f8 | 000f 849f | 1400 0048 | 8b84 2408 

  0x0000026c80320030: ;   {metadata(method data for {method} {0x0000026cf909b800} 'toString' '()Ljava/lang/String;' in 'java/lang/StringBuilder')}
  0x0000026c80320030: 0100 0048 | ba20 f13b | f96c 0200 | 0048 8382 | 1001 0000 

  0x0000026c80320044: ;   {metadata(method data for {method} {0x0000026cf9098288} 'isLatin1' '()Z' in 'java/lang/AbstractStringBuilder')}
  0x0000026c80320044: 0148 baa8 | 8b3b f96c | 0200 0044 | 8b82 cc00 | 0000 4183 | c002 4489 | 82cc 0000 | 0041 81e0 
  0x0000026c80320064: feff 1f00 | 4183 f800 | 0f84 7914 

  0x0000026c80320070: ;   {metadata(method data for {method} {0x0000026cf9098288} 'isLatin1' '()Z' in 'java/lang/AbstractStringBuilder')}
  0x0000026c80320070: 0000 48ba | a88b 3bf9 | 6c02 0000 | ff82 2001 | 0000 488b | 8424 0801 | 0000 0fbe | 5010 83fa 
  0x0000026c80320090: ;   {metadata(method data for {method} {0x0000026cf9098288} 'isLatin1' '()Z' in 'java/lang/AbstractStringBuilder')}
  0x0000026c80320090: 0048 baa8 | 8b3b f96c | 0200 0049 | b830 0100 | 0000 0000 | 000f 850a | 0000 0049 | b840 0100 
  0x0000026c803200b0: 0000 0000 | 004e 8b0c | 024d 8d49 | 014e 890c | 020f 851a 

  0x0000026c803200c4: ;   {metadata(method data for {method} {0x0000026cf9098288} 'isLatin1' '()Z' in 'java/lang/AbstractStringBuilder')}
  0x0000026c803200c4: 0000 0048 | baa8 8b3b | f96c 0200 | 00ff 8250 | 0100 00ba | 0100 0000 | e905 0000 | 00ba 0000 
  0x0000026c803200e4: 0000 83e2 | 0183 fa00 

  0x0000026c803200ec: ;   {metadata(method data for {method} {0x0000026cf909b800} 'toString' '()Ljava/lang/String;' in 'java/lang/StringBuilder')}
  0x0000026c803200ec: 48ba 20f1 | 3bf9 6c02 | 0000 49b8 | 4801 0000 | 0000 0000 | 0f84 0a00 | 0000 49b8 | 5801 0000 
  0x0000026c8032010c: 0000 0000 | 4e8b 0c02 | 4d8d 4901 | 4e89 0c02 | 0f84 3f00 | 0000 8b50 | 1444 8b48 

  0x0000026c80320128: ;   {metadata(method data for {method} {0x0000026cf909b800} 'toString' '()Ljava/lang/String;' in 'java/lang/StringBuilder')}
  0x0000026c80320128: 0c49 b820 | f13b f96c | 0200 0049 | 8380 6801 | 0000 0141 | b800 0000 | 0066 0f1f 

  0x0000026c80320144: ;   {static_call}
  0x0000026c80320144: 4400 00e8 

  0x0000026c80320148: ; ImmutableOopMap {[128]=Oop [152]=Oop [104]=Oop [256]=Oop }
                      ;*invokestatic newString {reexecute=0 rethrow=0 return_oop=0}
                      ; - java.lang.StringBuilder::toString@16
                      ; - org.eclipse.osgi.internal.framework.BundleContextImpl::dispatchEvent@431 (line 1018)
  0x0000026c80320148: b424 2607 

  0x0000026c8032014c: ;   {metadata(method data for {method} {0x0000026cf909b800} 'toString' '()Ljava/lang/String;' in 'java/lang/StringBuilder')}
  0x0000026c8032014c: 48ba 20f1 | 3bf9 6c02 | 0000 ff82 | 7801 0000 | e92b 0000 | 008b 5014 | 448b 480c 

  0x0000026c80320168: ;   {metadata(method data for {method} {0x0000026cf909b800} 'toString' '()Ljava/lang/String;' in 'java/lang/StringBuilder')}
  0x0000026c80320168: 49b8 20f1 | 3bf9 6c02 | 0000 4983 | 8090 0100 | 0001 41b8 | 0000 0000 | 0f1f 8000 

  0x0000026c80320184: ;   {static_call}
  0x0000026c80320184: 0000 00e8 

  0x0000026c80320188: ; ImmutableOopMap {[128]=Oop [152]=Oop [104]=Oop [256]=Oop }
                      ;*invokestatic newString {reexecute=0 rethrow=0 return_oop=0}
                      ; - java.lang.StringBuilder::toString@31
                      ; - org.eclipse.osgi.internal.framework.BundleContextImpl::dispatchEvent@431 (line 1018)
  0x0000026c80320188: 7424 2607 

  0x0000026c8032018c: ;   {metadata(method data for {method} {0x0000026cf9af22d8} 'dispatchEvent' '(Ljava/lang/Object;Ljava/lang/Object;ILjava/lang/Object;)V' in 'org/eclipse/osgi/internal/framework/BundleContextImpl')}
  0x0000026c8032018c: 49b8 4011 | edf9 6c02 | 0000 4983 | 8090 0d00 

  0x0000026c8032019c: ;   {metadata(method data for {method} {0x0000026cf9869150} 'println' '(Ljava/lang/String;)V' in 'org/eclipse/osgi/internal/debug/Debug')}
  0x0000026c8032019c: 0001 49b8 | 68ae cef9 | 6c02 0000 | 418b 90cc | 0000 0083 | c202 4189 | 90cc 0000 | 0081 e2fe 
  0x0000026c803201bc: ff1f 0083 | fa00 0f84 | 4413 0000 

  0x0000026c803201c8: ;   {oop(a 'java/lang/Class'{0x00000000c00042a0} = 'org/eclipse/osgi/internal/debug/Debug')}
  0x0000026c803201c8: 49b8 a042 | 00c0 0000 | 0000 418b | 90d4 0000 | 0048 3b02 

  0x0000026c803201dc: ;   {metadata(method data for {method} {0x0000026cf9869150} 'println' '(Ljava/lang/String;)V' in 'org/eclipse/osgi/internal/debug/Debug')}
  0x0000026c803201dc: 4c8b c248 | bf68 aece | f96c 0200 

  0x0000026c803201e8: ;   {metadata('java/io/PrintStream')}
  0x0000026c803201e8: 0049 ba50 | 8906 0001 | 0000 004c | 8997 2001 | 0000 4883 | 8728 0100 | 0001 4c8b 

  0x0000026c80320204: ;   {optimized virtual_call}
  0x0000026c80320204: c066 90e8 

  0x0000026c80320208: ; ImmutableOopMap {[128]=Oop [152]=Oop [104]=Oop [256]=Oop }
                      ;*invokevirtual println {reexecute=0 rethrow=0 return_oop=0}
                      ; - org.eclipse.osgi.internal.debug.Debug::println@4 (line 358)
                      ; - org.eclipse.osgi.internal.framework.BundleContextImpl::dispatchEvent@434 (line 1018)
  0x0000026c80320208: f418 2607 

  0x0000026c8032020c: ;   {metadata(method data for {method} {0x0000026cf9af22d8} 'dispatchEvent' '(Ljava/lang/Object;Ljava/lang/Object;ILjava/lang/Object;)V' in 'org/eclipse/osgi/internal/framework/BundleContextImpl')}
  0x0000026c8032020c: 48ba 4011 | edf9 6c02 | 0000 4883 | 82a0 0d00 

  0x0000026c8032021c: ;   {metadata(method data for {method} {0x0000026cf98692a8} 'printStackTrace' '(Ljava/lang/Throwable;)V' in 'org/eclipse/osgi/internal/debug/Debug')}
  0x0000026c8032021c: 0001 48ba | e854 d0f9 | 6c02 0000 | 8b82 cc00 | 0000 83c0 | 0289 82cc | 0000 0081 | e0fe ff1f 
  0x0000026c8032023c: 0083 f800 | 0f84 ec12 | 0000 488b | 8424 0001 | 0000 4883 

  0x0000026c80320250: ;   {metadata(method data for {method} {0x0000026cf98692a8} 'printStackTrace' '(Ljava/lang/Throwable;)V' in 'org/eclipse/osgi/internal/debug/Debug')}
  0x0000026c80320250: f800 48ba | e854 d0f9 | 6c02 0000 | 49b8 1001 | 0000 0000 | 0000 0f85 | 0a00 0000 | 49b8 2001 
  0x0000026c80320270: 0000 0000 | 0000 4a8b | 3402 488d | 7601 4a89 | 3402 0f85 | 0e00 0000 | 8b7c 2470 | 488b 7424 
  0x0000026c80320290: 68e9 3701 

  0x0000026c80320294: ;   {oop(a 'java/lang/Class'{0x00000000c00042a0} = 'org/eclipse/osgi/internal/debug/Debug')}
  0x0000026c80320294: 0000 48ba | a042 00c0 | 0000 0000 | 448b 82d4 | 0000 0048 

  0x0000026c803202a8: ;   {metadata(method data for {method} {0x0000026cf98692a8} 'printStackTrace' '(Ljava/lang/Throwable;)V' in 'org/eclipse/osgi/internal/debug/Debug')}
  0x0000026c803202a8: 8bd0 48be | e854 d0f9 | 6c02 0000 | 8b52 0848 | c1e2 0348 | 3b96 4001 | 0000 750d | 4883 8648 
  0x0000026c803202c8: 0100 0001 | e966 0000 | 0048 3b96 | 5001 0000 | 750d 4883 | 8658 0100 | 0001 e950 | 0000 0048 
  0x0000026c803202e8: 81be 4001 | 0000 0000 | 0000 7517 | 4889 9640 | 0100 0048 | c786 4801 | 0000 0100 | 0000 e92c 
  0x0000026c80320308: 0000 0048 | 81be 5001 | 0000 0000 | 0000 7517 | 4889 9650 | 0100 0048 | c786 5801 | 0000 0100 
  0x0000026c80320328: 0000 e908 | 0000 0048 | 8386 3001 

  0x0000026c80320334: ;   {metadata(method data for {method} {0x0000026cf9026790} 'printStackTrace' '(Ljava/io/PrintStream;)V' in 'java/lang/Throwable')}
  0x0000026c80320334: 0000 0148 | ba90 e747 | f96c 0200 | 008b b2cc | 0000 0083 | c602 89b2 | cc00 0000 | 81e6 feff 
  0x0000026c80320354: 1f00 83fe | 000f 84f4 | 1100 0090 

  0x0000026c80320360: ;   {no_reloc}
  0x0000026c80320360: e91e 1200 | 0000 0000 | 0000 e91e | 1200 0048 

  0x0000026c80320370: ;   {metadata(method data for {method} {0x0000026cf9026790} 'printStackTrace' '(Ljava/io/PrintStream;)V' in 'java/lang/Throwable')}
  0x0000026c80320370: 8bd0 48bf | 90e7 47f9 | 6c02 0000 | 4883 8710 | 0100 0001 | 488b d048 | 8984 2410 

  0x0000026c8032038c: ;   {optimized virtual_call}
  0x0000026c8032038c: 0100 00e8 

  0x0000026c80320390: ; ImmutableOopMap {[128]=Oop [152]=Oop [104]=Oop [272]=Oop [256]=Oop }
                      ;*invokespecial <init> {reexecute=0 rethrow=0 return_oop=0}
                      ; - java.lang.Throwable::printStackTrace@6
                      ; - org.eclipse.osgi.internal.debug.Debug::printStackTrace@9 (line 374)
                      ; - org.eclipse.osgi.internal.framework.BundleContextImpl::dispatchEvent@439 (line 1019)
  0x0000026c80320390: 6c17 2607 | 488b 8424 | 0001 0000 

  0x0000026c8032039c: ;   {metadata(method data for {method} {0x0000026cf9026790} 'printStackTrace' '(Ljava/io/PrintStream;)V' in 'java/lang/Throwable')}
  0x0000026c8032039c: 49b8 90e7 | 47f9 6c02 | 0000 4983 | 8020 0100 | 0001 4c8b | 8424 1001 | 0000 488b | 9424 0001 
  0x0000026c803203bc: ;   {optimized virtual_call}
  0x0000026c803203bc: 0000 90e8 

  0x0000026c803203c0: ; ImmutableOopMap {[128]=Oop [152]=Oop [104]=Oop [256]=Oop }
                      ;*invokevirtual printStackTrace {reexecute=0 rethrow=0 return_oop=0}
                      ; - java.lang.Throwable::printStackTrace@9
                      ; - org.eclipse.osgi.internal.debug.Debug::printStackTrace@9 (line 374)
                      ; - org.eclipse.osgi.internal.framework.BundleContextImpl::dispatchEvent@439 (line 1019)
  0x0000026c803203c0: 3c17 2607 | 8b7c 2470 | 488b 7424 | 6844 8b46 | 1449 3b00 

  0x0000026c803203d4: ;   {metadata(method data for {method} {0x0000026cf9af22d8} 'dispatchEvent' '(Ljava/lang/Object;Ljava/lang/Object;ILjava/lang/Object;)V' in 'org/eclipse/osgi/internal/framework/BundleContextImpl')}
  0x0000026c803203d4: 498b c049 | b940 11ed | f96c 0200 

  0x0000026c803203e0: ;   {metadata('org/eclipse/osgi/internal/framework/EquinoxContainer')}
  0x0000026c803203e0: 0049 ba60 | db0c 0001 | 0000 004d | 8991 c00d | 0000 4983 | 81c8 0d00 

  0x0000026c803203f8: ;   {metadata(method data for {method} {0x0000026cf982b778} 'handleRuntimeError' '(Ljava/lang/Throwable;)V' in 'org/eclipse/osgi/internal/framework/EquinoxContainer')}
  0x0000026c803203f8: 0001 48b8 | 9026 edf9 | 6c02 0000 | 448b 88cc | 0000 0041 | 83c1 0244 | 8988 cc00 | 0000 4181 
  0x0000026c80320418: e1fe ff1f | 0041 83f9 | 000f 8478 | 1100 0083 

  0x0000026c80320428: ;   {metadata(method data for {method} {0x0000026cf9af22d8} 'dispatchEvent' '(Ljava/lang/Object;Ljava/lang/Object;ILjava/lang/Object;)V' in 'org/eclipse/osgi/internal/framework/BundleContextImpl')}
  0x0000026c80320428: ff04 48b8 | 4011 edf9 | 6c02 0000 | 49b9 e80d | 0000 0000 | 0000 0f85 | 0a00 0000 | 49b9 f80d 
  0x0000026c80320448: 0000 0000 | 0000 4a8b | 3c08 488d | 7f01 4a89 | 3c08 0f85 | 4a01 0000 | 488b 8424 | 8000 0000 
  0x0000026c80320468: 4883 f800 

  0x0000026c8032046c: ;   {metadata(method data for {method} {0x0000026cf9af22d8} 'dispatchEvent' '(Ljava/lang/Object;Ljava/lang/Object;ILjava/lang/Object;)V' in 'org/eclipse/osgi/internal/framework/BundleContextImpl')}
  0x0000026c8032046c: 7516 48bf | 4011 edf9 | 6c02 0000 | 808f 010e | 0000 01e9 | c100 0000 

  0x0000026c80320484: ;   {metadata('org/osgi/framework/FrameworkEvent')}
  0x0000026c80320484: 48ba b06f | 1800 0100 | 0000 448b | 4808 49c1 | e103 493b | d10f 858a 

  0x0000026c8032049c: ;   {metadata(method data for {method} {0x0000026cf9af22d8} 'dispatchEvent' '(Ljava/lang/Object;Ljava/lang/Object;ILjava/lang/Object;)V' in 'org/eclipse/osgi/internal/framework/BundleContextImpl')}
  0x0000026c8032049c: 0000 0048 | bf40 11ed | f96c 0200 | 008b 5008 | 48c1 e203 | 483b 9718 | 0e00 0075 | 0d48 8387 
  0x0000026c803204bc: 200e 0000 | 01e9 7f00 | 0000 483b | 9728 0e00 | 0075 0d48 | 8387 300e | 0000 01e9 | 6900 0000 
  0x0000026c803204dc: 4881 bf18 | 0e00 0000 | 0000 0075 | 1748 8997 | 180e 0000 | 48c7 8720 | 0e00 0001 | 0000 00e9 
  0x0000026c803204fc: 4500 0000 | 4881 bf28 | 0e00 0000 | 0000 0075 | 1748 8997 | 280e 0000 | 48c7 8730 | 0e00 0001 
  0x0000026c8032051c: 0000 00e9 | 2100 0000 | e91c 0000 

  0x0000026c80320528: ;   {metadata(method data for {method} {0x0000026cf9af22d8} 'dispatchEvent' '(Ljava/lang/Object;Ljava/lang/Object;ILjava/lang/Object;)V' in 'org/eclipse/osgi/internal/framework/BundleContextImpl')}
  0x0000026c80320528: 0048 bf40 | 11ed f96c | 0200 0048 | 83af 080e | 0000 01e9 | 8010 0000 | e900 0000 | 0048 3b00 
  0x0000026c80320548: ;   {metadata(method data for {method} {0x0000026cf9af22d8} 'dispatchEvent' '(Ljava/lang/Object;Ljava/lang/Object;ILjava/lang/Object;)V' in 'org/eclipse/osgi/internal/framework/BundleContextImpl')}
  0x0000026c80320548: 4c8b c848 | bf40 11ed | f96c 0200 

  0x0000026c80320554: ;   {metadata('org/osgi/framework/FrameworkEvent')}
  0x0000026c80320554: 0049 bab0 | 6f18 0001 | 0000 004c | 8997 500e | 0000 4883 | 8758 0e00 | 0001 8b40 | 1083 f802 
  0x0000026c80320574: ;   {metadata(method data for {method} {0x0000026cf9af22d8} 'dispatchEvent' '(Ljava/lang/Object;Ljava/lang/Object;ILjava/lang/Object;)V' in 'org/eclipse/osgi/internal/framework/BundleContextImpl')}
  0x0000026c80320574: 48b8 4011 | edf9 6c02 | 0000 49b9 | 880e 0000 | 0000 0000 | 0f84 0a00 | 0000 49b9 | 780e 0000 
  0x0000026c80320594: 0000 0000 | 4a8b 3c08 | 488d 7f01 | 4a89 3c08 | 0f84 f700 | 0000 498b 

  0x0000026c803205ac: ;   {metadata(method data for {method} {0x0000026cf9af22d8} 'dispatchEvent' '(Ljava/lang/Object;Ljava/lang/Object;ILjava/lang/Object;)V' in 'org/eclipse/osgi/internal/framework/BundleContextImpl')}
  0x0000026c803205ac: c049 b940 | 11ed f96c 

  0x0000026c803205b4: ;   {metadata('org/eclipse/osgi/internal/framework/EquinoxContainer')}
  0x0000026c803205b4: 0200 0049 | ba60 db0c | 0001 0000 | 004d 8991 | c00e 0000 | 4983 81c8 | 0e00 0001 

  0x0000026c803205d0: ;   {metadata(method data for {method} {0x0000026cf982b260} 'getEventPublisher' '()Lorg/eclipse/osgi/internal/framework/EquinoxEventPublisher;' in 'org/eclipse/osgi/internal/framework/EquinoxContainer')}
  0x0000026c803205d0: 48b8 c027 | edf9 6c02 | 0000 448b | 88cc 0000 | 0041 83c1 | 0244 8988 | cc00 0000 | 4181 e1fe 
  0x0000026c803205f0: ff1f 0041 | 83f9 000f | 84d1 0f00 | 0045 8b48 | 2c48 8dbc | 2420 0100 | 004c 894f | 0849 8b01 
  0x0000026c80320610: 4883 c801 | 4889 07f0 | 490f b139 | 0f84 1300 | 0000 482b | c448 81e0 | 07f0 ffff | 4889 070f 
  0x0000026c80320630: 85bf 0f00 | 0041 8b50 | 2848 8d84 | 2420 0100 | 004c 8b00 | 4d85 c00f | 840f 0000 | 004c 8b48 
  0x0000026c80320650: 08f0 4d0f | b101 0f85 | ab0f 0000 | 448b 4e10 

  0x0000026c80320660: ; implicit exception: dispatches to 0x0000026c8032161d
  0x0000026c80320660: 483b 024c 

  0x0000026c80320664: ;   {metadata(method data for {method} {0x0000026cf9af22d8} 'dispatchEvent' '(Ljava/lang/Object;Ljava/lang/Object;ILjava/lang/Object;)V' in 'org/eclipse/osgi/internal/framework/BundleContextImpl')}
  0x0000026c80320664: 8bc2 48bf | 4011 edf9 | 6c02 0000 

  0x0000026c80320670: ;   {metadata('org/eclipse/osgi/internal/framework/EquinoxEventPublisher')}
  0x0000026c80320670: 49ba 885f | 1200 0100 | 0000 4c89 | 97f8 0e00 | 0048 8387 | 000f 0000 | 0141 b802 | 0000 0048 
  0x0000026c80320690: 8bbc 2400 

  0x0000026c80320694: ;   {optimized virtual_call}
  0x0000026c80320694: 0100 00e8 

  0x0000026c80320698: ; ImmutableOopMap {[152]=Oop }
                      ;*invokevirtual publishFrameworkEvent {reexecute=0 rethrow=0 return_oop=0}
                      ; - org.eclipse.osgi.internal.framework.BundleContextImpl::dispatchEvent@489 (line 1031)
  0x0000026c80320698: 6414 2607 | e911 0000 

  0x0000026c803206a0: ;   {metadata(method data for {method} {0x0000026cf9af22d8} 'dispatchEvent' '(Ljava/lang/Object;Ljava/lang/Object;ILjava/lang/Object;)V' in 'org/eclipse/osgi/internal/framework/BundleContextImpl')}
  0x0000026c803206a0: 0049 b840 | 11ed f96c | 0200 0041 | ff80 980e | 0000 488b | bc24 9800 

  0x0000026c803206b8: ;   {oop(a 'java/lang/Boolean'{0x00000000c00050c0} = false)}
  0x0000026c803206b8: 0000 49ba | c050 00c0 | 0000 0000 

  0x0000026c803206c4: ;   {metadata(method data for {method} {0x0000026cf9af22d8} 'dispatchEvent' '(Ljava/lang/Object;Ljava/lang/Object;ILjava/lang/Object;)V' in 'org/eclipse/osgi/internal/framework/BundleContextImpl')}
  0x0000026c803206c4: 493b fa49 | b840 11ed | f96c 0200 | 0048 ba20 | 0f00 0000 | 0000 000f | 840a 0000 | 0048 ba30 
  0x0000026c803206e4: 0f00 0000 | 0000 0049 | 8b34 1048 | 8d76 0149 | 8934 100f | 84af 0100 

  0x0000026c803206fc: ;   {metadata(method data for {method} {0x0000026cf9af22d8} 'dispatchEvent' '(Ljava/lang/Object;Ljava/lang/Object;ILjava/lang/Object;)V' in 'org/eclipse/osgi/internal/framework/BundleContextImpl')}
  0x0000026c803206fc: 0049 b840 | 11ed f96c | 0200 0049 | 8380 400f | 0000 0148 | 83ff 0075 

  0x0000026c80320714: ;   {metadata(method data for {method} {0x0000026cf9af22d8} 'dispatchEvent' '(Ljava/lang/Object;Ljava/lang/Object;ILjava/lang/Object;)V' in 'org/eclipse/osgi/internal/framework/BundleContextImpl')}
  0x0000026c80320714: 1648 be40 | 11ed f96c | 0200 0080 | 8e49 0f00 | 0001 e9c2 

  0x0000026c80320728: ;   {metadata('java/lang/ClassLoader')}
  0x0000026c80320728: 0000 0049 | b8b8 2c04 | 0001 0000 | 008b 7708 | 48c1 e603 | 4c3b 4638 | 0f85 8b00 

  0x0000026c80320744: ;   {metadata(method data for {method} {0x0000026cf9af22d8} 'dispatchEvent' '(Ljava/lang/Object;Ljava/lang/Object;ILjava/lang/Object;)V' in 'org/eclipse/osgi/internal/framework/BundleContextImpl')}
  0x0000026c80320744: 0000 48be | 4011 edf9 | 6c02 0000 | 448b 4708 | 49c1 e003 | 4c3b 8660 | 0f00 0075 | 0d48 8386 
  0x0000026c80320764: 680f 0000 | 01e9 7f00 | 0000 4c3b | 8670 0f00 | 0075 0d48 | 8386 780f | 0000 01e9 | 6900 0000 
  0x0000026c80320784: 4881 be60 | 0f00 0000 | 0000 0075 | 174c 8986 | 600f 0000 | 48c7 8668 | 0f00 0001 | 0000 00e9 
  0x0000026c803207a4: 4500 0000 | 4881 be70 | 0f00 0000 | 0000 0075 | 174c 8986 | 700f 0000 | 48c7 8678 | 0f00 0001 
  0x0000026c803207c4: 0000 00e9 | 2100 0000 | e91c 0000 

  0x0000026c803207d0: ;   {metadata(method data for {method} {0x0000026cf9af22d8} 'dispatchEvent' '(Ljava/lang/Object;Ljava/lang/Object;ILjava/lang/Object;)V' in 'org/eclipse/osgi/internal/framework/BundleContextImpl')}
  0x0000026c803207d0: 0048 be40 | 11ed f96c | 0200 0048 | 83ae 500f | 0000 01e9 | 3a0e 0000 | e900 0000 | 004c 8bc7 
  0x0000026c803207f0: 498b 9790 | 0200 0048 | 8b12 483b | 0248 8bf2 

  0x0000026c80320800: ;   {metadata(method data for {method} {0x0000026cf9af22d8} 'dispatchEvent' '(Ljava/lang/Object;Ljava/lang/Object;ILjava/lang/Object;)V' in 'org/eclipse/osgi/internal/framework/BundleContextImpl')}
  0x0000026c80320800: 48bf 4011 | edf9 6c02 | 0000 8b76 | 0848 c1e6 | 0348 3bb7 | 980f 0000 | 750d 4883 | 87a0 0f00 
  0x0000026c80320820: 0001 e966 | 0000 0048 | 3bb7 a80f | 0000 750d | 4883 87b0 | 0f00 0001 | e950 0000 | 0048 81bf 
  0x0000026c80320840: 980f 0000 | 0000 0000 | 7517 4889 | b798 0f00 | 0048 c787 | a00f 0000 | 0100 0000 | e92c 0000 
  0x0000026c80320860: 0048 81bf | a80f 0000 | 0000 0000 | 7517 4889 | b7a8 0f00 | 0048 c787 | b00f 0000 | 0100 0000 
  0x0000026c80320880: e908 0000 | 0048 8387 | 880f 0000 | 0148 b8ff | ffff ffff 

  0x0000026c80320894: ;   {virtual_call}
  0x0000026c80320894: ffff ffe8 

  0x0000026c80320898: ; ImmutableOopMap {}
                      ;*invokevirtual setContextClassLoader {reexecute=0 rethrow=0 return_oop=0}
                      ; - org.eclipse.osgi.internal.framework.BundleContextImpl::dispatchEvent@508 (line 1035)
  0x0000026c80320898: e417 2607 

  0x0000026c8032089c: ;   {metadata(method data for {method} {0x0000026cf9af22d8} 'dispatchEvent' '(Ljava/lang/Object;Ljava/lang/Object;ILjava/lang/Object;)V' in 'org/eclipse/osgi/internal/framework/BundleContextImpl')}
  0x0000026c8032089c: 48b8 4011 | edf9 6c02 | 0000 ff80 | c00f 0000 | 4881 c440 | 0100 005d 

  0x0000026c803208b4: ;   {poll_return}
  0x0000026c803208b4: 493b a750 | 0300 000f | 876f 0d00 | 00c3 488b | bc24 9800 | 0000 488b | 7424 6849 | 8b87 e003 
  0x0000026c803208d4: 0000 4d33 | d24d 8997 | e003 0000 | 4d33 d24d | 8997 e803 | 0000 488b | d048 8d84 | 2420 0100 
  0x0000026c803208f4: 004c 8b00 | 4d85 c00f | 840f 0000 | 0048 8b58 | 08f0 4c0f | b103 0f85 | 360d 0000 | 4c8b 8424 
  0x0000026c80320914: 0001 0000 

  0x0000026c80320918: ; ImmutableOopMap {rsi=Oop [104]=Oop rdi=Oop [152]=Oop r8=Oop [256]=Oop rax=Oop }
                      ;*athrow {reexecute=1 rethrow=0 return_oop=0}
                      ; - (reexecute) org.eclipse.osgi.internal.framework.EquinoxContainer::getEventPublisher@16 (line 276)
                      ; - org.eclipse.osgi.internal.framework.BundleContextImpl::dispatchEvent@479 (line 1031)
                      ;   {section_word}
  0x0000026c80320918: 488b c248 | ba1b 0932 | 806c 0200 

  0x0000026c80320924: ;   {runtime_call handle_exception_nofpu Runtime1 stub}
  0x0000026c80320924: 00e8 d65a | 3007 9048 | 8bbc 2498 | 0000 0049 | 8b87 e003 | 0000 4d33 | d24d 8997 | e003 0000 
  0x0000026c80320944: 4d33 d24d | 8997 e803 

  0x0000026c8032094c: ;   {oop(a 'java/lang/Boolean'{0x00000000c00050c0} = false)}
  0x0000026c8032094c: 0000 49ba | c050 00c0 | 0000 0000 

  0x0000026c80320958: ;   {metadata(method data for {method} {0x0000026cf9af22d8} 'dispatchEvent' '(Ljava/lang/Object;Ljava/lang/Object;ILjava/lang/Object;)V' in 'org/eclipse/osgi/internal/framework/BundleContextImpl')}
  0x0000026c80320958: 493b fa49 | b840 11ed | f96c 0200 | 0048 bad8 | 0f00 0000 | 0000 000f | 840a 0000 | 0048 bae8 
  0x0000026c80320978: 0f00 0000 | 0000 0049 | 8b34 1048 | 8d76 0149 | 8934 100f | 84b3 0100 | 0048 8984 | 2418 0100 
  0x0000026c80320998: ;   {metadata(method data for {method} {0x0000026cf9af22d8} 'dispatchEvent' '(Ljava/lang/Object;Ljava/lang/Object;ILjava/lang/Object;)V' in 'org/eclipse/osgi/internal/framework/BundleContextImpl')}
  0x0000026c80320998: 0049 b840 | 11ed f96c | 0200 0049 | 8380 f80f | 0000 0148 | 83ff 0075 

  0x0000026c803209b0: ;   {metadata(method data for {method} {0x0000026cf9af22d8} 'dispatchEvent' '(Ljava/lang/Object;Ljava/lang/Object;ILjava/lang/Object;)V' in 'org/eclipse/osgi/internal/framework/BundleContextImpl')}
  0x0000026c803209b0: 1648 be40 | 11ed f96c | 0200 0080 | 8e01 1000 | 0001 e9c2 

  0x0000026c803209c4: ;   {metadata('java/lang/ClassLoader')}
  0x0000026c803209c4: 0000 0049 | b8b8 2c04 | 0001 0000 | 008b 7708 | 48c1 e603 | 4c3b 4638 | 0f85 8b00 

  0x0000026c803209e0: ;   {metadata(method data for {method} {0x0000026cf9af22d8} 'dispatchEvent' '(Ljava/lang/Object;Ljava/lang/Object;ILjava/lang/Object;)V' in 'org/eclipse/osgi/internal/framework/BundleContextImpl')}
  0x0000026c803209e0: 0000 48be | 4011 edf9 | 6c02 0000 | 448b 4708 | 49c1 e003 | 4c3b 8618 | 1000 0075 | 0d48 8386 
  0x0000026c80320a00: 2010 0000 | 01e9 7f00 | 0000 4c3b | 8628 1000 | 0075 0d48 | 8386 3010 | 0000 01e9 | 6900 0000 
  0x0000026c80320a20: 4881 be18 | 1000 0000 | 0000 0075 | 174c 8986 | 1810 0000 | 48c7 8620 | 1000 0001 | 0000 00e9 
  0x0000026c80320a40: 4500 0000 | 4881 be28 | 1000 0000 | 0000 0075 | 174c 8986 | 2810 0000 | 48c7 8630 | 1000 0001 
  0x0000026c80320a60: 0000 00e9 | 2100 0000 | e91c 0000 

  0x0000026c80320a6c: ;   {metadata(method data for {method} {0x0000026cf9af22d8} 'dispatchEvent' '(Ljava/lang/Object;Ljava/lang/Object;ILjava/lang/Object;)V' in 'org/eclipse/osgi/internal/framework/BundleContextImpl')}
  0x0000026c80320a6c: 0048 be40 | 11ed f96c | 0200 0048 | 83ae 0810 | 0000 01e9 | d80b 0000 | e900 0000 | 004c 8bc7 
  0x0000026c80320a8c: 498b 9790 | 0200 0048 | 8b12 483b | 0248 8bf2 

  0x0000026c80320a9c: ;   {metadata(method data for {method} {0x0000026cf9af22d8} 'dispatchEvent' '(Ljava/lang/Object;Ljava/lang/Object;ILjava/lang/Object;)V' in 'org/eclipse/osgi/internal/framework/BundleContextImpl')}
  0x0000026c80320a9c: 48bf 4011 | edf9 6c02 | 0000 8b76 | 0848 c1e6 | 0348 3bb7 | 5010 0000 | 750d 4883 | 8758 1000 
  0x0000026c80320abc: 0001 e966 | 0000 0048 | 3bb7 6010 | 0000 750d | 4883 8768 | 1000 0001 | e950 0000 | 0048 81bf 
  0x0000026c80320adc: 5010 0000 | 0000 0000 | 7517 4889 | b750 1000 | 0048 c787 | 5810 0000 | 0100 0000 | e92c 0000 
  0x0000026c80320afc: 0048 81bf | 6010 0000 | 0000 0000 | 7517 4889 | b760 1000 | 0048 c787 | 6810 0000 | 0100 0000 
  0x0000026c80320b1c: e908 0000 | 0048 8387 | 4010 0000 | 010f 1f40 | 0048 b8ff | ffff ffff 

  0x0000026c80320b34: ;   {virtual_call}
  0x0000026c80320b34: ffff ffe8 

  0x0000026c80320b38: ; ImmutableOopMap {[280]=Oop }
                      ;*invokevirtual setContextClassLoader {reexecute=0 rethrow=0 return_oop=0}
                      ; - org.eclipse.osgi.internal.framework.BundleContextImpl::dispatchEvent@532 (line 1035)
  0x0000026c80320b38: 4415 2607 | 488b 8424 | 1801 0000 | e940 0b00 

  0x0000026c80320b48: ;   {metadata({method} {0x0000026cf9af22d8} 'dispatchEvent' '(Ljava/lang/Object;Ljava/lang/Object;ILjava/lang/Object;)V' in 'org/eclipse/osgi/internal/framework/BundleContextImpl')}
  0x0000026c80320b48: 0049 bad0 | 22af f96c | 0200 004c | 8954 2408 | 48c7 0424 | ffff ffff 

  0x0000026c80320b60: ;   {runtime_call counter_overflow Runtime1 stub}
  0x0000026c80320b60: e81b 9c30 

  0x0000026c80320b64: ; ImmutableOopMap {rdx=Oop [104]=Oop r8=Oop r9=Oop rsi=Oop [128]=Oop }
                      ;*synchronization entry
                      ; - org.eclipse.osgi.internal.framework.BundleContextImpl::dispatchEvent@-1 (line 967)
  0x0000026c80320b64: 07e9 1ebf 

  0x0000026c80320b68: ;   {runtime_call throw_null_pointer_exception Runtime1 stub}
  0x0000026c80320b68: ffff e8b1 

  0x0000026c80320b6c: ; ImmutableOopMap {[128]=Oop [120]=Oop rax=Oop [152]=Oop rdx=Oop [104]=Oop rsi=Oop }
                      ;*invokevirtual getBundleId {reexecute=0 rethrow=0 return_oop=0}
                      ; - org.eclipse.osgi.internal.framework.BundleContextImpl::dispatchEvent@17 (line 970)
                      ;   {metadata({method} {0x0000026cf9a5d168} 'getBundleId' '()J' in 'org/eclipse/osgi/internal/framework/EquinoxBundle')}
  0x0000026c80320b6c: 3930 0749 | ba60 d1a5 | f96c 0200 | 004c 8954 | 2408 48c7 | 0424 ffff 

  0x0000026c80320b84: ;   {runtime_call counter_overflow Runtime1 stub}
  0x0000026c80320b84: ffff e8f5 

  0x0000026c80320b88: ; ImmutableOopMap {[128]=Oop [120]=Oop rax=Oop [152]=Oop rdx=Oop [104]=Oop rsi=Oop }
                      ;*synchronization entry
                      ; - org.eclipse.osgi.internal.framework.EquinoxBundle::getBundleId@-1 (line 544)
                      ; - org.eclipse.osgi.internal.framework.BundleContextImpl::dispatchEvent@17 (line 970)
  0x0000026c80320b88: 9b30 07e9 | 65c0 ffff 

  0x0000026c80320b90: ;   {runtime_call throw_null_pointer_exception Runtime1 stub}
  0x0000026c80320b90: e88b 3930 

  0x0000026c80320b94: ; ImmutableOopMap {[128]=Oop [120]=Oop rax=Oop [152]=Oop rdx=Oop [104]=Oop rsi=Oop }
                      ;*invokevirtual getId {reexecute=0 rethrow=0 return_oop=0}
                      ; - org.eclipse.osgi.internal.framework.EquinoxBundle::getBundleId@4 (line 544)
                      ; - org.eclipse.osgi.internal.framework.BundleContextImpl::dispatchEvent@17 (line 970)
                      ;   {runtime_call throw_null_pointer_exception Runtime1 stub}
  0x0000026c80320b94: 07e8 8639 

  0x0000026c80320b98: ; ImmutableOopMap {[128]=Oop [120]=Oop rax=Oop [152]=Oop rdx=Oop [104]=Oop rsi=Oop }
                      ;*invokevirtual longValue {reexecute=0 rethrow=0 return_oop=0}
                      ; - org.eclipse.osgi.internal.framework.EquinoxBundle::getBundleId@7 (line 544)
                      ; - org.eclipse.osgi.internal.framework.BundleContextImpl::dispatchEvent@17 (line 970)
  0x0000026c80320b98: 3007 4c89 

  0x0000026c80320b9c: ;   {runtime_call throw_class_cast_exception Runtime1 stub}
  0x0000026c80320b9c: 0c24 e87d 

  0x0000026c80320ba0: ; ImmutableOopMap {rax=Oop [152]=Oop rdx=Oop [104]=Oop [128]=Oop }
                      ;*checkcast {reexecute=0 rethrow=0 return_oop=0}
                      ; - org.eclipse.osgi.internal.framework.BundleContextImpl::dispatchEvent@57 (line 974)
                      ;   {runtime_call throw_null_pointer_exception Runtime1 stub}
  0x0000026c80320ba0: 6530 07e8 

  0x0000026c80320ba4: ; ImmutableOopMap {rax=Oop [152]=Oop rdx=Oop [104]=Oop [128]=Oop rbx=Oop }
                      ;*getfield DEBUG_EVENTS {reexecute=1 rethrow=0 return_oop=0}
                      ; - (reexecute) org.eclipse.osgi.internal.framework.BundleContextImpl::dispatchEvent@66 (line 976)
  0x0000026c80320ba4: 7839 3007 

  0x0000026c80320ba8: ;   {metadata(NULL)}
  0x0000026c80320ba8: 48ba 0000 | 0000 0000 | 0000 b800 

  0x0000026c80320bb4: ;   {runtime_call load_klass_patching Runtime1 stub}
  0x0000026c80320bb4: 0f05 0ae8 

  0x0000026c80320bb8: ; ImmutableOopMap {[128]=Oop rbx=Oop [152]=Oop [104]=Oop }
                      ;*new {reexecute=1 rethrow=0 return_oop=0}
                      ; - (reexecute) org.eclipse.osgi.internal.framework.BundleContextImpl::dispatchEvent@72 (line 977)
  0x0000026c80320bb8: 4485 3007 | e997 c2ff | ff48 8bd2 

  0x0000026c80320bc4: ;   {runtime_call fast_new_instance Runtime1 stub}
  0x0000026c80320bc4: e837 4430 

  0x0000026c80320bc8: ; ImmutableOopMap {[128]=Oop rbx=Oop [104]=Oop [152]=Oop }
                      ;*new {reexecute=0 rethrow=0 return_oop=0}
                      ; - org.eclipse.osgi.internal.framework.BundleContextImpl::dispatchEvent@72 (line 977)
  0x0000026c80320bc8: 07e9 d1c2 

  0x0000026c80320bcc: ;   {runtime_call throw_null_pointer_exception Runtime1 stub}
  0x0000026c80320bcc: ffff e84d 

  0x0000026c80320bd0: ; ImmutableOopMap {[128]=Oop rbx=Oop [104]=Oop [152]=Oop rax=Oop }
                      ;*invokevirtual getClass {reexecute=0 rethrow=0 return_oop=0}
                      ; - org.eclipse.osgi.internal.framework.BundleContextImpl::dispatchEvent@78 (line 977)
                      ;   {runtime_call throw_null_pointer_exception Runtime1 stub}
  0x0000026c80320bd0: 3930 07e8 

  0x0000026c80320bd4: ; ImmutableOopMap {[128]=Oop rbx=Oop [104]=Oop [152]=Oop rax=Oop rdx=Oop }
                      ;*invokevirtual getName {reexecute=0 rethrow=0 return_oop=0}
                      ; - org.eclipse.osgi.internal.framework.BundleContextImpl::dispatchEvent@81 (line 977)
  0x0000026c80320bd4: 4839 3007 

  0x0000026c80320bd8: ;   {metadata({method} {0x0000026cf90134f0} 'getName' '()Ljava/lang/String;' in 'java/lang/Class')}
  0x0000026c80320bd8: 49ba e834 | 01f9 6c02 | 0000 4c89 | 5424 0848 | c704 24ff 

  0x0000026c80320bec: ;   {runtime_call counter_overflow Runtime1 stub}
  0x0000026c80320bec: ffff ffe8 

  0x0000026c80320bf0: ; ImmutableOopMap {[128]=Oop rbx=Oop [104]=Oop [152]=Oop rax=Oop rdx=Oop }
                      ;*synchronization entry
                      ; - java.lang.Class::getName@-1
                      ; - org.eclipse.osgi.internal.framework.BundleContextImpl::dispatchEvent@81 (line 977)
  0x0000026c80320bf0: 8c9b 3007 | e90c c3ff 

  0x0000026c80320bf8: ;   {metadata({method} {0x0000026cf900b990} 'valueOf' '(Ljava/lang/Object;)Ljava/lang/String;' in 'java/lang/String')}
  0x0000026c80320bf8: ff49 ba88 | b900 f96c | 0200 004c | 8954 2408 | 48c7 0424 | ffff ffff 

  0x0000026c80320c10: ;   {runtime_call counter_overflow Runtime1 stub}
  0x0000026c80320c10: e86b 9b30 

  0x0000026c80320c14: ; ImmutableOopMap {[128]=Oop [152]=Oop [104]=Oop [144]=Oop [136]=Oop rsi=Oop }
                      ;*synchronization entry
                      ; - java.lang.String::valueOf@-1
                      ; - org.eclipse.osgi.internal.framework.BundleContextImpl::dispatchEvent@84 (line 977)
  0x0000026c80320c14: 07e9 b7c3 

  0x0000026c80320c18: ;   {runtime_call throw_null_pointer_exception Runtime1 stub}
  0x0000026c80320c18: ffff e801 

  0x0000026c80320c1c: ; ImmutableOopMap {[128]=Oop [152]=Oop [104]=Oop [144]=Oop [136]=Oop rsi=Oop }
                      ;*invokevirtual toString {reexecute=0 rethrow=0 return_oop=0}
                      ; - java.lang.String::valueOf@11
                      ; - org.eclipse.osgi.internal.framework.BundleContextImpl::dispatchEvent@84 (line 977)
                      ;   {metadata({method} {0x0000026cf909a228} '<init>' '(Ljava/lang/String;)V' in 'java/lang/StringBuilder')}
  0x0000026c80320c1c: 3930 0749 | ba20 a209 | f96c 0200 | 004c 8954 | 2408 48c7 | 0424 ffff 

  0x0000026c80320c34: ;   {runtime_call counter_overflow Runtime1 stub}
  0x0000026c80320c34: ffff e845 

  0x0000026c80320c38: ; ImmutableOopMap {[128]=Oop [152]=Oop [104]=Oop [144]=Oop [136]=Oop rsi=Oop }
                      ;*synchronization entry
                      ; - java.lang.StringBuilder::<init>@-1
                      ; - org.eclipse.osgi.internal.framework.BundleContextImpl::dispatchEvent@87 (line 977)
  0x0000026c80320c38: 9b30 07e9 | dbc4 ffff 

  0x0000026c80320c40: ;   {metadata({method} {0x0000026cf909a488} 'append' '(Ljava/lang/String;)Ljava/lang/StringBuilder;' in 'java/lang/StringBuilder')}
  0x0000026c80320c40: 49ba 80a4 | 09f9 6c02 | 0000 4c89 | 5424 0848 | c704 24ff 

  0x0000026c80320c54: ;   {runtime_call counter_overflow Runtime1 stub}
  0x0000026c80320c54: ffff ffe8 

  0x0000026c80320c58: ; ImmutableOopMap {[128]=Oop [152]=Oop [104]=Oop [144]=Oop [136]=Oop }
                      ;*synchronization entry
                      ; - java.lang.StringBuilder::append@-1
                      ; - org.eclipse.osgi.internal.framework.BundleContextImpl::dispatchEvent@93 (line 977)
  0x0000026c80320c58: 249b 3007 | e92f c5ff 

  0x0000026c80320c60: ;   {metadata({method} {0x0000026cf90f4560} 'toHexString' '(I)Ljava/lang/String;' in 'java/lang/Integer')}
  0x0000026c80320c60: ff49 ba58 | 450f f96c | 0200 004c | 8954 2408 | 48c7 0424 | ffff ffff 

  0x0000026c80320c78: ;   {runtime_call counter_overflow Runtime1 stub}
  0x0000026c80320c78: e803 9b30 

  0x0000026c80320c7c: ; ImmutableOopMap {[128]=Oop [152]=Oop [104]=Oop [144]=Oop [136]=Oop }
                      ;*synchronization entry
                      ; - java.lang.Integer::toHexString@-1
                      ; - org.eclipse.osgi.internal.framework.BundleContextImpl::dispatchEvent@101 (line 978)
  0x0000026c80320c7c: 07e9 a1c5 

  0x0000026c80320c80: ;   {metadata({method} {0x0000026cf909a488} 'append' '(Ljava/lang/String;)Ljava/lang/StringBuilder;' in 'java/lang/StringBuilder')}
  0x0000026c80320c80: ffff 49ba | 80a4 09f9 | 6c02 0000 | 4c89 5424 | 0848 c704 | 24ff ffff 

  0x0000026c80320c98: ;   {runtime_call counter_overflow Runtime1 stub}
  0x0000026c80320c98: ffe8 e29a 

  0x0000026c80320c9c: ; ImmutableOopMap {[128]=Oop [152]=Oop [104]=Oop [144]=Oop [136]=Oop rax=Oop }
                      ;*synchronization entry
                      ; - java.lang.StringBuilder::append@-1
                      ; - org.eclipse.osgi.internal.framework.BundleContextImpl::dispatchEvent@104 (line 978)
  0x0000026c80320c9c: 3007 e9e5 

  0x0000026c80320ca0: ;   {metadata({method} {0x0000026cf909b800} 'toString' '()Ljava/lang/String;' in 'java/lang/StringBuilder')}
  0x0000026c80320ca0: c5ff ff49 | baf8 b709 | f96c 0200 | 004c 8954 | 2408 48c7 | 0424 ffff 

  0x0000026c80320cb8: ;   {runtime_call counter_overflow Runtime1 stub}
  0x0000026c80320cb8: ffff e8c1 

  0x0000026c80320cbc: ; ImmutableOopMap {[128]=Oop [152]=Oop [104]=Oop [144]=Oop [136]=Oop }
                      ;*synchronization entry
                      ; - java.lang.StringBuilder::toString@-1
                      ; - org.eclipse.osgi.internal.framework.BundleContextImpl::dispatchEvent@107 (line 977)
  0x0000026c80320cbc: 9a30 07e9 | 37c6 ffff 

  0x0000026c80320cc4: ;   {metadata({method} {0x0000026cf9098288} 'isLatin1' '()Z' in 'java/lang/AbstractStringBuilder')}
  0x0000026c80320cc4: 49ba 8082 | 09f9 6c02 | 0000 4c89 | 5424 0848 | c704 24ff 

  0x0000026c80320cd8: ;   {runtime_call counter_overflow Runtime1 stub}
  0x0000026c80320cd8: ffff ffe8 

  0x0000026c80320cdc: ; ImmutableOopMap {[128]=Oop [152]=Oop [104]=Oop [144]=Oop [136]=Oop }
                      ;*synchronization entry
                      ; - java.lang.AbstractStringBuilder::isLatin1@-1
                      ; - java.lang.StringBuilder::toString@1
                      ; - org.eclipse.osgi.internal.framework.BundleContextImpl::dispatchEvent@107 (line 977)
  0x0000026c80320cdc: a09a 3007 | e95d c6ff 

  0x0000026c80320ce4: ;   {metadata(NULL)}
  0x0000026c80320ce4: ff48 ba00 | 0000 0000 | 0000 00b8 | 000f 050a 

  0x0000026c80320cf4: ;   {runtime_call load_klass_patching Runtime1 stub}
  0x0000026c80320cf4: e807 8430 

  0x0000026c80320cf8: ; ImmutableOopMap {[128]=Oop [152]=Oop [144]=Oop [168]=Oop [104]=Oop }
                      ;*new {reexecute=1 rethrow=0 return_oop=0}
                      ; - (reexecute) org.eclipse.osgi.internal.framework.BundleContextImpl::dispatchEvent@112 (line 979)
  0x0000026c80320cf8: 07e9 6ac7 | ffff 488b 

  0x0000026c80320d00: ;   {runtime_call fast_new_instance Runtime1 stub}
  0x0000026c80320d00: d2e8 fa42 

  0x0000026c80320d04: ; ImmutableOopMap {[128]=Oop [152]=Oop [144]=Oop [104]=Oop [168]=Oop }
                      ;*new {reexecute=0 rethrow=0 return_oop=0}
                      ; - org.eclipse.osgi.internal.framework.BundleContextImpl::dispatchEvent@112 (line 979)
  0x0000026c80320d04: 3007 e9a4 

  0x0000026c80320d08: ;   {metadata({method} {0x0000026cf909a228} '<init>' '(Ljava/lang/String;)V' in 'java/lang/StringBuilder')}
  0x0000026c80320d08: c7ff ff49 | ba20 a209 | f96c 0200 | 004c 8954 | 2408 48c7 | 0424 ffff 

  0x0000026c80320d20: ;   {runtime_call counter_overflow Runtime1 stub}
  0x0000026c80320d20: ffff e859 

  0x0000026c80320d24: ; ImmutableOopMap {[128]=Oop [152]=Oop [144]=Oop [104]=Oop [168]=Oop rax=Oop }
                      ;*synchronization entry
                      ; - java.lang.StringBuilder::<init>@-1
                      ; - org.eclipse.osgi.internal.framework.BundleContextImpl::dispatchEvent@119 (line 979)
  0x0000026c80320d24: 9a30 07e9 | c2c7 ffff 

  0x0000026c80320d2c: ;   {metadata({method} {0x0000026cf909a3f0} 'append' '(Ljava/lang/Object;)Ljava/lang/StringBuilder;' in 'java/lang/StringBuilder')}
  0x0000026c80320d2c: 49ba e8a3 | 09f9 6c02 | 0000 4c89 | 5424 0848 | c704 24ff 

  0x0000026c80320d40: ;   {runtime_call counter_overflow Runtime1 stub}
  0x0000026c80320d40: ffff ffe8 

  0x0000026c80320d44: ; ImmutableOopMap {[128]=Oop [152]=Oop [144]=Oop [160]=Oop [168]=Oop rdx=Oop [104]=Oop rsi=Oop }
                      ;*synchronization entry
                      ; - java.lang.StringBuilder::append@-1
                      ; - org.eclipse.osgi.internal.framework.BundleContextImpl::dispatchEvent@126 (line 979)
  0x0000026c80320d44: 389a 3007 | e921 c8ff 

  0x0000026c80320d4c: ;   {metadata({method} {0x0000026cf900b990} 'valueOf' '(Ljava/lang/Object;)Ljava/lang/String;' in 'java/lang/String')}
  0x0000026c80320d4c: ff49 ba88 | b900 f96c | 0200 004c | 8954 2408 | 48c7 0424 | ffff ffff 

  0x0000026c80320d64: ;   {runtime_call counter_overflow Runtime1 stub}
  0x0000026c80320d64: e817 9a30 

  0x0000026c80320d68: ; ImmutableOopMap {[128]=Oop [152]=Oop [144]=Oop [160]=Oop [168]=Oop rdx=Oop [104]=Oop rsi=Oop }
                      ;*synchronization entry
                      ; - java.lang.String::valueOf@-1
                      ; - java.lang.StringBuilder::append@2
                      ; - org.eclipse.osgi.internal.framework.BundleContextImpl::dispatchEvent@126 (line 979)
  0x0000026c80320d68: 07e9 3ac8 

  0x0000026c80320d6c: ;   {runtime_call throw_null_pointer_exception Runtime1 stub}
  0x0000026c80320d6c: ffff e8ad 

  0x0000026c80320d70: ; ImmutableOopMap {[128]=Oop [152]=Oop [144]=Oop [160]=Oop [168]=Oop [104]=Oop rsi=Oop }
                      ;*invokevirtual toString {reexecute=0 rethrow=0 return_oop=0}
                      ; - java.lang.String::valueOf@11
                      ; - java.lang.StringBuilder::append@2
                      ; - org.eclipse.osgi.internal.framework.BundleContextImpl::dispatchEvent@126 (line 979)
                      ;   {metadata({method} {0x0000026cf909a488} 'append' '(Ljava/lang/String;)Ljava/lang/StringBuilder;' in 'java/lang/StringBuilder')}
  0x0000026c80320d70: 3730 0749 | ba80 a409 | f96c 0200 | 004c 8954 | 2408 48c7 | 0424 ffff 

  0x0000026c80320d88: ;   {runtime_call counter_overflow Runtime1 stub}
  0x0000026c80320d88: ffff e8f1 

  0x0000026c80320d8c: ; ImmutableOopMap {[128]=Oop [152]=Oop [144]=Oop [160]=Oop [168]=Oop [104]=Oop rsi=Oop }
                      ;*synchronization entry
                      ; - java.lang.StringBuilder::append@-1
                      ; - java.lang.StringBuilder::append@5
                      ; - org.eclipse.osgi.internal.framework.BundleContextImpl::dispatchEvent@126 (line 979)
  0x0000026c80320d8c: 9930 07e9 | 4fc9 ffff 

  0x0000026c80320d94: ;   {metadata({method} {0x0000026cf909a488} 'append' '(Ljava/lang/String;)Ljava/lang/StringBuilder;' in 'java/lang/StringBuilder')}
  0x0000026c80320d94: 49ba 80a4 | 09f9 6c02 | 0000 4c89 | 5424 0848 | c704 24ff 

  0x0000026c80320da8: ;   {runtime_call counter_overflow Runtime1 stub}
  0x0000026c80320da8: ffff ffe8 

  0x0000026c80320dac: ; ImmutableOopMap {[128]=Oop [152]=Oop [144]=Oop [160]=Oop [104]=Oop [168]=Oop }
                      ;*synchronization entry
                      ; - java.lang.StringBuilder::append@-1
                      ; - org.eclipse.osgi.internal.framework.BundleContextImpl::dispatchEvent@132 (line 979)
  0x0000026c80320dac: d099 3007 | e9a3 c9ff 

  0x0000026c80320db4: ;   {metadata({method} {0x0000026cf909a488} 'append' '(Ljava/lang/String;)Ljava/lang/StringBuilder;' in 'java/lang/StringBuilder')}
  0x0000026c80320db4: ff49 ba80 | a409 f96c | 0200 004c | 8954 2408 | 48c7 0424 | ffff ffff 

  0x0000026c80320dcc: ;   {runtime_call counter_overflow Runtime1 stub}
  0x0000026c80320dcc: e8af 9930 

  0x0000026c80320dd0: ; ImmutableOopMap {[128]=Oop [152]=Oop [144]=Oop [160]=Oop [104]=Oop [168]=Oop }
                      ;*synchronization entry
                      ; - java.lang.StringBuilder::append@-1
                      ; - org.eclipse.osgi.internal.framework.BundleContextImpl::dispatchEvent@137 (line 979)
  0x0000026c80320dd0: 07e9 fac9 

  0x0000026c80320dd4: ;   {metadata({method} {0x0000026cf909a488} 'append' '(Ljava/lang/String;)Ljava/lang/StringBuilder;' in 'java/lang/StringBuilder')}
  0x0000026c80320dd4: ffff 49ba | 80a4 09f9 | 6c02 0000 | 4c89 5424 | 0848 c704 | 24ff ffff 

  0x0000026c80320dec: ;   {runtime_call counter_overflow Runtime1 stub}
  0x0000026c80320dec: ffe8 8e99 

  0x0000026c80320df0: ; ImmutableOopMap {[128]=Oop [152]=Oop [144]=Oop [160]=Oop [104]=Oop }
                      ;*synchronization entry
                      ; - java.lang.StringBuilder::append@-1
                      ; - org.eclipse.osgi.internal.framework.BundleContextImpl::dispatchEvent@143 (line 979)
  0x0000026c80320df0: 3007 e951 

  0x0000026c80320df4: ;   {metadata({method} {0x0000026cf909b800} 'toString' '()Ljava/lang/String;' in 'java/lang/StringBuilder')}
  0x0000026c80320df4: caff ff49 | baf8 b709 | f96c 0200 | 004c 8954 | 2408 48c7 | 0424 ffff 

  0x0000026c80320e0c: ;   {runtime_call counter_overflow Runtime1 stub}
  0x0000026c80320e0c: ffff e86d 

  0x0000026c80320e10: ; ImmutableOopMap {[128]=Oop [152]=Oop [144]=Oop [160]=Oop [104]=Oop }
                      ;*synchronization entry
                      ; - java.lang.StringBuilder::toString@-1
                      ; - org.eclipse.osgi.internal.framework.BundleContextImpl::dispatchEvent@146 (line 979)
  0x0000026c80320e10: 9930 07e9 | abca ffff 

  0x0000026c80320e18: ;   {metadata({method} {0x0000026cf9098288} 'isLatin1' '()Z' in 'java/lang/AbstractStringBuilder')}
  0x0000026c80320e18: 49ba 8082 | 09f9 6c02 | 0000 4c89 | 5424 0848 | c704 24ff 

  0x0000026c80320e2c: ;   {runtime_call counter_overflow Runtime1 stub}
  0x0000026c80320e2c: ffff ffe8 

  0x0000026c80320e30: ; ImmutableOopMap {[128]=Oop [152]=Oop [144]=Oop [160]=Oop [104]=Oop }
                      ;*synchronization entry
                      ; - java.lang.AbstractStringBuilder::isLatin1@-1
                      ; - java.lang.StringBuilder::toString@1
                      ; - org.eclipse.osgi.internal.framework.BundleContextImpl::dispatchEvent@146 (line 979)
  0x0000026c80320e30: 4c99 3007 | e9d1 caff 

  0x0000026c80320e38: ;   {metadata({method} {0x0000026cf9869150} 'println' '(Ljava/lang/String;)V' in 'org/eclipse/osgi/internal/debug/Debug')}
  0x0000026c80320e38: ff49 ba48 | 9186 f96c | 0200 004c | 8954 2408 | 48c7 0424 | ffff ffff 

  0x0000026c80320e50: ;   {runtime_call counter_overflow Runtime1 stub}
  0x0000026c80320e50: e82b 9930 

  0x0000026c80320e54: ; ImmutableOopMap {[128]=Oop [152]=Oop [144]=Oop [104]=Oop rax=Oop }
                      ;*synchronization entry
                      ; - org.eclipse.osgi.internal.debug.Debug::println@-1 (line 358)
                      ; - org.eclipse.osgi.internal.framework.BundleContextImpl::dispatchEvent@149 (line 979)
  0x0000026c80320e54: 07e9 06cc 

  0x0000026c80320e58: ;   {runtime_call throw_null_pointer_exception Runtime1 stub}
  0x0000026c80320e58: ffff e8c1 

  0x0000026c80320e5c: ; ImmutableOopMap {[128]=Oop [152]=Oop [144]=Oop [104]=Oop rax=Oop rdx=Oop }
                      ;*invokevirtual println {reexecute=0 rethrow=0 return_oop=0}
                      ; - org.eclipse.osgi.internal.debug.Debug::println@4 (line 358)
                      ; - org.eclipse.osgi.internal.framework.BundleContextImpl::dispatchEvent@149 (line 979)
  0x0000026c80320e5c: 3630 0748 

  0x0000026c80320e60: ;   {runtime_call throw_class_cast_exception Runtime1 stub}
  0x0000026c80320e60: 8934 24e8 

  0x0000026c80320e64: ; ImmutableOopMap {[152]=Oop [104]=Oop rbx=Oop rsi=Oop [128]=Oop }
                      ;*checkcast {reexecute=0 rethrow=0 return_oop=0}
                      ; - org.eclipse.osgi.internal.framework.BundleContextImpl::dispatchEvent@156 (line 982)
  0x0000026c80320e64: b862 3007 

  0x0000026c80320e68: ;   {runtime_call throw_null_pointer_exception Runtime1 stub}
  0x0000026c80320e68: e8b3 3630 

  0x0000026c80320e6c: ; ImmutableOopMap {[152]=Oop [104]=Oop rbx=Oop rsi=Oop [128]=Oop r8=Oop }
                      ;*invokeinterface bundleChanged {reexecute=0 rethrow=0 return_oop=0}
                      ; - org.eclipse.osgi.internal.framework.BundleContextImpl::dispatchEvent@159 (line 982)
  0x0000026c80320e6c: 074c 890c 

  0x0000026c80320e70: ;   {runtime_call throw_class_cast_exception Runtime1 stub}
  0x0000026c80320e70: 24e8 aa62 

  0x0000026c80320e74: ; ImmutableOopMap {[152]=Oop [128]=Oop rdx=Oop [104]=Oop }
                      ;*checkcast {reexecute=0 rethrow=0 return_oop=0}
                      ; - org.eclipse.osgi.internal.framework.BundleContextImpl::dispatchEvent@283 (line 1000)
                      ;   {runtime_call throw_null_pointer_exception Runtime1 stub}
  0x0000026c80320e74: 3007 e8a5 

  0x0000026c80320e78: ; ImmutableOopMap {[152]=Oop [128]=Oop rdx=Oop [104]=Oop rbx=Oop }
                      ;*getfield DEBUG_EVENTS {reexecute=1 rethrow=0 return_oop=0}
                      ; - (reexecute) org.eclipse.osgi.internal.framework.BundleContextImpl::dispatchEvent@292 (line 1002)
                      ;   {metadata(NULL)}
  0x0000026c80320e78: 3630 0748 | ba00 0000 | 0000 0000 | 00b8 000f 

  0x0000026c80320e88: ;   {runtime_call load_klass_patching Runtime1 stub}
  0x0000026c80320e88: 050a e871 

  0x0000026c80320e8c: ; ImmutableOopMap {[152]=Oop [128]=Oop rbx=Oop [104]=Oop }
                      ;*new {reexecute=1 rethrow=0 return_oop=0}
                      ; - (reexecute) org.eclipse.osgi.internal.framework.BundleContextImpl::dispatchEvent@298 (line 1003)
  0x0000026c80320e8c: 8230 07e9 | 0ccf ffff 

  0x0000026c80320e94: ;   {runtime_call fast_new_instance Runtime1 stub}
  0x0000026c80320e94: 488b d2e8 

  0x0000026c80320e98: ; ImmutableOopMap {[152]=Oop [128]=Oop rbx=Oop [104]=Oop }
                      ;*new {reexecute=0 rethrow=0 return_oop=0}
                      ; - org.eclipse.osgi.internal.framework.BundleContextImpl::dispatchEvent@298 (line 1003)
  0x0000026c80320e98: 6441 3007 | e946 cfff 

  0x0000026c80320ea0: ;   {runtime_call throw_null_pointer_exception Runtime1 stub}
  0x0000026c80320ea0: ffe8 7a36 

  0x0000026c80320ea4: ; ImmutableOopMap {[152]=Oop [128]=Oop rbx=Oop [104]=Oop rax=Oop }
                      ;*invokevirtual getClass {reexecute=0 rethrow=0 return_oop=0}
                      ; - org.eclipse.osgi.internal.framework.BundleContextImpl::dispatchEvent@304 (line 1003)
                      ;   {runtime_call throw_null_pointer_exception Runtime1 stub}
  0x0000026c80320ea4: 3007 e875 

  0x0000026c80320ea8: ; ImmutableOopMap {[152]=Oop [128]=Oop rbx=Oop [104]=Oop rax=Oop rdx=Oop }
                      ;*invokevirtual getName {reexecute=0 rethrow=0 return_oop=0}
                      ; - org.eclipse.osgi.internal.framework.BundleContextImpl::dispatchEvent@307 (line 1003)
                      ;   {metadata({method} {0x0000026cf90134f0} 'getName' '()Ljava/lang/String;' in 'java/lang/Class')}
  0x0000026c80320ea8: 3630 0749 | bae8 3401 | f96c 0200 | 004c 8954 | 2408 48c7 | 0424 ffff 

  0x0000026c80320ec0: ;   {runtime_call counter_overflow Runtime1 stub}
  0x0000026c80320ec0: ffff e8b9 

  0x0000026c80320ec4: ; ImmutableOopMap {[152]=Oop [128]=Oop rbx=Oop [104]=Oop rax=Oop rdx=Oop }
                      ;*synchronization entry
                      ; - java.lang.Class::getName@-1
                      ; - org.eclipse.osgi.internal.framework.BundleContextImpl::dispatchEvent@307 (line 1003)
  0x0000026c80320ec4: 9830 07e9 | 81cf ffff 

  0x0000026c80320ecc: ;   {metadata({method} {0x0000026cf900b990} 'valueOf' '(Ljava/lang/Object;)Ljava/lang/String;' in 'java/lang/String')}
  0x0000026c80320ecc: 49ba 88b9 | 00f9 6c02 | 0000 4c89 | 5424 0848 | c704 24ff 

  0x0000026c80320ee0: ;   {runtime_call counter_overflow Runtime1 stub}
  0x0000026c80320ee0: ffff ffe8 

  0x0000026c80320ee4: ; ImmutableOopMap {[152]=Oop [128]=Oop [184]=Oop [104]=Oop [176]=Oop rsi=Oop }
                      ;*synchronization entry
                      ; - java.lang.String::valueOf@-1
                      ; - org.eclipse.osgi.internal.framework.BundleContextImpl::dispatchEvent@310 (line 1003)
  0x0000026c80320ee4: 9898 3007 | e92c d0ff 

  0x0000026c80320eec: ;   {runtime_call throw_null_pointer_exception Runtime1 stub}
  0x0000026c80320eec: ffe8 2e36 

  0x0000026c80320ef0: ; ImmutableOopMap {[152]=Oop [128]=Oop [184]=Oop [104]=Oop [176]=Oop rsi=Oop }
                      ;*invokevirtual toString {reexecute=0 rethrow=0 return_oop=0}
                      ; - java.lang.String::valueOf@11
                      ; - org.eclipse.osgi.internal.framework.BundleContextImpl::dispatchEvent@310 (line 1003)
                      ;   {metadata({method} {0x0000026cf909a228} '<init>' '(Ljava/lang/String;)V' in 'java/lang/StringBuilder')}
  0x0000026c80320ef0: 3007 49ba | 20a2 09f9 | 6c02 0000 | 4c89 5424 | 0848 c704 | 24ff ffff 

  0x0000026c80320f08: ;   {runtime_call counter_overflow Runtime1 stub}
  0x0000026c80320f08: ffe8 7298 

  0x0000026c80320f0c: ; ImmutableOopMap {[152]=Oop [128]=Oop [184]=Oop [104]=Oop [176]=Oop rsi=Oop }
                      ;*synchronization entry
                      ; - java.lang.StringBuilder::<init>@-1
                      ; - org.eclipse.osgi.internal.framework.BundleContextImpl::dispatchEvent@313 (line 1003)
  0x0000026c80320f0c: 3007 e950 

  0x0000026c80320f10: ;   {metadata({method} {0x0000026cf909a488} 'append' '(Ljava/lang/String;)Ljava/lang/StringBuilder;' in 'java/lang/StringBuilder')}
  0x0000026c80320f10: d1ff ff49 | ba80 a409 | f96c 0200 | 004c 8954 | 2408 48c7 | 0424 ffff 

  0x0000026c80320f28: ;   {runtime_call counter_overflow Runtime1 stub}
  0x0000026c80320f28: ffff e851 

  0x0000026c80320f2c: ; ImmutableOopMap {[152]=Oop [128]=Oop [184]=Oop [104]=Oop [176]=Oop }
                      ;*synchronization entry
                      ; - java.lang.StringBuilder::append@-1
                      ; - org.eclipse.osgi.internal.framework.BundleContextImpl::dispatchEvent@319 (line 1003)
  0x0000026c80320f2c: 9830 07e9 | a4d1 ffff 

  0x0000026c80320f34: ;   {metadata({method} {0x0000026cf90f4560} 'toHexString' '(I)Ljava/lang/String;' in 'java/lang/Integer')}
  0x0000026c80320f34: 49ba 5845 | 0ff9 6c02 | 0000 4c89 | 5424 0848 | c704 24ff 

  0x0000026c80320f48: ;   {runtime_call counter_overflow Runtime1 stub}
  0x0000026c80320f48: ffff ffe8 

  0x0000026c80320f4c: ; ImmutableOopMap {[152]=Oop [128]=Oop [184]=Oop [104]=Oop [176]=Oop }
                      ;*synchronization entry
                      ; - java.lang.Integer::toHexString@-1
                      ; - org.eclipse.osgi.internal.framework.BundleContextImpl::dispatchEvent@327 (line 1004)
  0x0000026c80320f4c: 3098 3007 | e916 d2ff 

  0x0000026c80320f54: ;   {metadata({method} {0x0000026cf909a488} 'append' '(Ljava/lang/String;)Ljava/lang/StringBuilder;' in 'java/lang/StringBuilder')}
  0x0000026c80320f54: ff49 ba80 | a409 f96c | 0200 004c | 8954 2408 | 48c7 0424 | ffff ffff 

  0x0000026c80320f6c: ;   {runtime_call counter_overflow Runtime1 stub}
  0x0000026c80320f6c: e80f 9830 

  0x0000026c80320f70: ; ImmutableOopMap {[152]=Oop [128]=Oop [184]=Oop [104]=Oop [176]=Oop rax=Oop }
                      ;*synchronization entry
                      ; - java.lang.StringBuilder::append@-1
                      ; - org.eclipse.osgi.internal.framework.BundleContextImpl::dispatchEvent@330 (line 1004)
  0x0000026c80320f70: 07e9 5ad2 

  0x0000026c80320f74: ;   {metadata({method} {0x0000026cf909b800} 'toString' '()Ljava/lang/String;' in 'java/lang/StringBuilder')}
  0x0000026c80320f74: ffff 49ba | f8b7 09f9 | 6c02 0000 | 4c89 5424 | 0848 c704 | 24ff ffff 

  0x0000026c80320f8c: ;   {runtime_call counter_overflow Runtime1 stub}
  0x0000026c80320f8c: ffe8 ee97 

  0x0000026c80320f90: ; ImmutableOopMap {[152]=Oop [128]=Oop [184]=Oop [104]=Oop [176]=Oop }
                      ;*synchronization entry
                      ; - java.lang.StringBuilder::toString@-1
                      ; - org.eclipse.osgi.internal.framework.BundleContextImpl::dispatchEvent@333 (line 1003)
  0x0000026c80320f90: 3007 e9ac 

  0x0000026c80320f94: ;   {metadata({method} {0x0000026cf9098288} 'isLatin1' '()Z' in 'java/lang/AbstractStringBuilder')}
  0x0000026c80320f94: d2ff ff49 | ba80 8209 | f96c 0200 | 004c 8954 | 2408 48c7 | 0424 ffff 

  0x0000026c80320fac: ;   {runtime_call counter_overflow Runtime1 stub}
  0x0000026c80320fac: ffff e8cd 

  0x0000026c80320fb0: ; ImmutableOopMap {[152]=Oop [128]=Oop [184]=Oop [104]=Oop [176]=Oop }
                      ;*synchronization entry
                      ; - java.lang.AbstractStringBuilder::isLatin1@-1
                      ; - java.lang.StringBuilder::toString@1
                      ; - org.eclipse.osgi.internal.framework.BundleContextImpl::dispatchEvent@333 (line 1003)
  0x0000026c80320fb0: 9730 07e9 | d2d2 ffff 

  0x0000026c80320fb8: ;   {metadata(NULL)}
  0x0000026c80320fb8: 48ba 0000 | 0000 0000 | 0000 b800 

  0x0000026c80320fc4: ;   {runtime_call load_klass_patching Runtime1 stub}
  0x0000026c80320fc4: 0f05 0ae8 

  0x0000026c80320fc8: ; ImmutableOopMap {[152]=Oop [128]=Oop [184]=Oop [200]=Oop [104]=Oop }
                      ;*new {reexecute=1 rethrow=0 return_oop=0}
                      ; - (reexecute) org.eclipse.osgi.internal.framework.BundleContextImpl::dispatchEvent@338 (line 1005)
  0x0000026c80320fc8: 3481 3007 | e9df d3ff | ff48 8bd2 

  0x0000026c80320fd4: ;   {runtime_call fast_new_instance Runtime1 stub}
  0x0000026c80320fd4: e827 4030 

  0x0000026c80320fd8: ; ImmutableOopMap {[152]=Oop [128]=Oop [184]=Oop [104]=Oop [200]=Oop }
                      ;*new {reexecute=0 rethrow=0 return_oop=0}
                      ; - org.eclipse.osgi.internal.framework.BundleContextImpl::dispatchEvent@338 (line 1005)
  0x0000026c80320fd8: 07e9 19d4 

  0x0000026c80320fdc: ;   {metadata({method} {0x0000026cf909a228} '<init>' '(Ljava/lang/String;)V' in 'java/lang/StringBuilder')}
  0x0000026c80320fdc: ffff 49ba | 20a2 09f9 | 6c02 0000 | 4c89 5424 | 0848 c704 | 24ff ffff 

  0x0000026c80320ff4: ;   {runtime_call counter_overflow Runtime1 stub}
  0x0000026c80320ff4: ffe8 8697 

  0x0000026c80320ff8: ; ImmutableOopMap {[152]=Oop [128]=Oop [184]=Oop [104]=Oop [200]=Oop rax=Oop }
                      ;*synchronization entry
                      ; - java.lang.StringBuilder::<init>@-1
                      ; - org.eclipse.osgi.internal.framework.BundleContextImpl::dispatchEvent@345 (line 1005)
  0x0000026c80320ff8: 3007 e937 

  0x0000026c80320ffc: ;   {metadata({method} {0x0000026cf909a3f0} 'append' '(Ljava/lang/Object;)Ljava/lang/StringBuilder;' in 'java/lang/StringBuilder')}
  0x0000026c80320ffc: d4ff ff49 | bae8 a309 | f96c 0200 | 004c 8954 | 2408 48c7 | 0424 ffff 

  0x0000026c80321014: ;   {runtime_call counter_overflow Runtime1 stub}
  0x0000026c80321014: ffff e865 

  0x0000026c80321018: ; ImmutableOopMap {[152]=Oop [128]=Oop [184]=Oop [192]=Oop [200]=Oop rdx=Oop [104]=Oop rsi=Oop }
                      ;*synchronization entry
                      ; - java.lang.StringBuilder::append@-1
                      ; - org.eclipse.osgi.internal.framework.BundleContextImpl::dispatchEvent@352 (line 1005)
  0x0000026c80321018: 9730 07e9 | 96d4 ffff 

  0x0000026c80321020: ;   {metadata({method} {0x0000026cf900b990} 'valueOf' '(Ljava/lang/Object;)Ljava/lang/String;' in 'java/lang/String')}
  0x0000026c80321020: 49ba 88b9 | 00f9 6c02 | 0000 4c89 | 5424 0848 | c704 24ff 

  0x0000026c80321034: ;   {runtime_call counter_overflow Runtime1 stub}
  0x0000026c80321034: ffff ffe8 

  0x0000026c80321038: ; ImmutableOopMap {[152]=Oop [128]=Oop [184]=Oop [192]=Oop [200]=Oop rdx=Oop [104]=Oop rsi=Oop }
                      ;*synchronization entry
                      ; - java.lang.String::valueOf@-1
                      ; - java.lang.StringBuilder::append@2
                      ; - org.eclipse.osgi.internal.framework.BundleContextImpl::dispatchEvent@352 (line 1005)
  0x0000026c80321038: 4497 3007 | e9af d4ff 

  0x0000026c80321040: ;   {runtime_call throw_null_pointer_exception Runtime1 stub}
  0x0000026c80321040: ffe8 da34 

  0x0000026c80321044: ; ImmutableOopMap {[152]=Oop [128]=Oop [184]=Oop [192]=Oop [200]=Oop [104]=Oop rsi=Oop }
                      ;*invokevirtual toString {reexecute=0 rethrow=0 return_oop=0}
                      ; - java.lang.String::valueOf@11
                      ; - java.lang.StringBuilder::append@2
                      ; - org.eclipse.osgi.internal.framework.BundleContextImpl::dispatchEvent@352 (line 1005)
                      ;   {metadata({method} {0x0000026cf909a488} 'append' '(Ljava/lang/String;)Ljava/lang/StringBuilder;' in 'java/lang/StringBuilder')}
  0x0000026c80321044: 3007 49ba | 80a4 09f9 | 6c02 0000 | 4c89 5424 | 0848 c704 | 24ff ffff 

  0x0000026c8032105c: ;   {runtime_call counter_overflow Runtime1 stub}
  0x0000026c8032105c: ffe8 1e97 

  0x0000026c80321060: ; ImmutableOopMap {[152]=Oop [128]=Oop [184]=Oop [192]=Oop [200]=Oop [104]=Oop rsi=Oop }
                      ;*synchronization entry
                      ; - java.lang.StringBuilder::append@-1
                      ; - java.lang.StringBuilder::append@5
                      ; - org.eclipse.osgi.internal.framework.BundleContextImpl::dispatchEvent@352 (line 1005)
  0x0000026c80321060: 3007 e9c4 

  0x0000026c80321064: ;   {metadata({method} {0x0000026cf909a488} 'append' '(Ljava/lang/String;)Ljava/lang/StringBuilder;' in 'java/lang/StringBuilder')}
  0x0000026c80321064: d5ff ff49 | ba80 a409 | f96c 0200 | 004c 8954 | 2408 48c7 | 0424 ffff 

  0x0000026c8032107c: ;   {runtime_call counter_overflow Runtime1 stub}
  0x0000026c8032107c: ffff e8fd 

  0x0000026c80321080: ; ImmutableOopMap {[152]=Oop [128]=Oop [184]=Oop [192]=Oop [104]=Oop [200]=Oop }
                      ;*synchronization entry
                      ; - java.lang.StringBuilder::append@-1
                      ; - org.eclipse.osgi.internal.framework.BundleContextImpl::dispatchEvent@358 (line 1005)
  0x0000026c80321080: 9630 07e9 | 18d6 ffff 

  0x0000026c80321088: ;   {metadata({method} {0x0000026cf909a488} 'append' '(Ljava/lang/String;)Ljava/lang/StringBuilder;' in 'java/lang/StringBuilder')}
  0x0000026c80321088: 49ba 80a4 | 09f9 6c02 | 0000 4c89 | 5424 0848 | c704 24ff 

  0x0000026c8032109c: ;   {runtime_call counter_overflow Runtime1 stub}
  0x0000026c8032109c: ffff ffe8 

  0x0000026c803210a0: ; ImmutableOopMap {[152]=Oop [128]=Oop [184]=Oop [192]=Oop [104]=Oop [200]=Oop }
                      ;*synchronization entry
                      ; - java.lang.StringBuilder::append@-1
                      ; - org.eclipse.osgi.internal.framework.BundleContextImpl::dispatchEvent@363 (line 1005)
  0x0000026c803210a0: dc96 3007 | e96f d6ff 

  0x0000026c803210a8: ;   {metadata({method} {0x0000026cf909a488} 'append' '(Ljava/lang/String;)Ljava/lang/StringBuilder;' in 'java/lang/StringBuilder')}
  0x0000026c803210a8: ff49 ba80 | a409 f96c | 0200 004c | 8954 2408 | 48c7 0424 | ffff ffff 

  0x0000026c803210c0: ;   {runtime_call counter_overflow Runtime1 stub}
  0x0000026c803210c0: e8bb 9630 

  0x0000026c803210c4: ; ImmutableOopMap {[152]=Oop [128]=Oop [184]=Oop [192]=Oop [104]=Oop }
                      ;*synchronization entry
                      ; - java.lang.StringBuilder::append@-1
                      ; - org.eclipse.osgi.internal.framework.BundleContextImpl::dispatchEvent@369 (line 1005)
  0x0000026c803210c4: 07e9 c6d6 

  0x0000026c803210c8: ;   {metadata({method} {0x0000026cf909b800} 'toString' '()Ljava/lang/String;' in 'java/lang/StringBuilder')}
  0x0000026c803210c8: ffff 49ba | f8b7 09f9 | 6c02 0000 | 4c89 5424 | 0848 c704 | 24ff ffff 

  0x0000026c803210e0: ;   {runtime_call counter_overflow Runtime1 stub}
  0x0000026c803210e0: ffe8 9a96 

  0x0000026c803210e4: ; ImmutableOopMap {[152]=Oop [128]=Oop [184]=Oop [192]=Oop [104]=Oop }
                      ;*synchronization entry
                      ; - java.lang.StringBuilder::toString@-1
                      ; - org.eclipse.osgi.internal.framework.BundleContextImpl::dispatchEvent@372 (line 1005)
  0x0000026c803210e4: 3007 e920 

  0x0000026c803210e8: ;   {metadata({method} {0x0000026cf9098288} 'isLatin1' '()Z' in 'java/lang/AbstractStringBuilder')}
  0x0000026c803210e8: d7ff ff49 | ba80 8209 | f96c 0200 | 004c 8954 | 2408 48c7 | 0424 ffff 

  0x0000026c80321100: ;   {runtime_call counter_overflow Runtime1 stub}
  0x0000026c80321100: ffff e879 

  0x0000026c80321104: ; ImmutableOopMap {[152]=Oop [128]=Oop [184]=Oop [192]=Oop [104]=Oop }
                      ;*synchronization entry
                      ; - java.lang.AbstractStringBuilder::isLatin1@-1
                      ; - java.lang.StringBuilder::toString@1
                      ; - org.eclipse.osgi.internal.framework.BundleContextImpl::dispatchEvent@372 (line 1005)
  0x0000026c80321104: 9630 07e9 | 46d7 ffff 

  0x0000026c8032110c: ;   {metadata({method} {0x0000026cf9869150} 'println' '(Ljava/lang/String;)V' in 'org/eclipse/osgi/internal/debug/Debug')}
  0x0000026c8032110c: 49ba 4891 | 86f9 6c02 | 0000 4c89 | 5424 0848 | c704 24ff 

  0x0000026c80321120: ;   {runtime_call counter_overflow Runtime1 stub}
  0x0000026c80321120: ffff ffe8 

  0x0000026c80321124: ; ImmutableOopMap {[152]=Oop [128]=Oop [184]=Oop [104]=Oop rax=Oop }
                      ;*synchronization entry
                      ; - org.eclipse.osgi.internal.debug.Debug::println@-1 (line 358)
                      ; - org.eclipse.osgi.internal.framework.BundleContextImpl::dispatchEvent@375 (line 1005)
  0x0000026c80321124: 5896 3007 | e97b d8ff 

  0x0000026c8032112c: ;   {runtime_call throw_null_pointer_exception Runtime1 stub}
  0x0000026c8032112c: ffe8 ee33 

  0x0000026c80321130: ; ImmutableOopMap {[152]=Oop [128]=Oop [184]=Oop [104]=Oop rax=Oop rdx=Oop }
                      ;*invokevirtual println {reexecute=0 rethrow=0 return_oop=0}
                      ; - org.eclipse.osgi.internal.debug.Debug::println@4 (line 358)
                      ; - org.eclipse.osgi.internal.framework.BundleContextImpl::dispatchEvent@375 (line 1005)
  0x0000026c80321130: 3007 4889 

  0x0000026c80321134: ;   {runtime_call throw_class_cast_exception Runtime1 stub}
  0x0000026c80321134: 3424 e8e5 

  0x0000026c80321138: ; ImmutableOopMap {[152]=Oop [104]=Oop rsi=Oop [128]=Oop rbx=Oop }
                      ;*checkcast {reexecute=0 rethrow=0 return_oop=0}
                      ; - org.eclipse.osgi.internal.framework.BundleContextImpl::dispatchEvent@382 (line 1008)
                      ;   {runtime_call throw_null_pointer_exception Runtime1 stub}
  0x0000026c80321138: 5f30 07e8 

  0x0000026c8032113c: ; ImmutableOopMap {[152]=Oop [104]=Oop rsi=Oop [128]=Oop rbx=Oop r8=Oop }
                      ;*invokeinterface frameworkEvent {reexecute=0 rethrow=0 return_oop=0}
                      ; - org.eclipse.osgi.internal.framework.BundleContextImpl::dispatchEvent@385 (line 1008)
  0x0000026c8032113c: e033 3007 | 4889 3424 

  0x0000026c80321144: ;   {runtime_call throw_class_cast_exception Runtime1 stub}
  0x0000026c80321144: e8d7 5f30 

  0x0000026c80321148: ; ImmutableOopMap {[152]=Oop rsi=Oop [128]=Oop rdx=Oop [104]=Oop r9=Oop }
                      ;*checkcast {reexecute=0 rethrow=0 return_oop=0}
                      ; - org.eclipse.osgi.internal.framework.BundleContextImpl::dispatchEvent@169 (line 987)
  0x0000026c80321148: 074c 890c 

  0x0000026c8032114c: ;   {runtime_call throw_class_cast_exception Runtime1 stub}
  0x0000026c8032114c: 24e8 ce5f 

  0x0000026c80321150: ; ImmutableOopMap {[152]=Oop rsi=Oop [128]=Oop rdx=Oop [104]=Oop rbx=Oop }
                      ;*checkcast {reexecute=0 rethrow=0 return_oop=0}
                      ; - org.eclipse.osgi.internal.framework.BundleContextImpl::dispatchEvent@175 (line 989)
                      ;   {runtime_call throw_null_pointer_exception Runtime1 stub}
  0x0000026c80321150: 3007 e8c9 

  0x0000026c80321154: ; ImmutableOopMap {[152]=Oop rsi=Oop [128]=Oop rdx=Oop [104]=Oop rbx=Oop r8=Oop }
                      ;*getfield DEBUG_EVENTS {reexecute=1 rethrow=0 return_oop=0}
                      ; - (reexecute) org.eclipse.osgi.internal.framework.BundleContextImpl::dispatchEvent@184 (line 990)
                      ;   {metadata(NULL)}
  0x0000026c80321154: 3330 0748 | ba00 0000 | 0000 0000 | 00b8 000f 

  0x0000026c80321164: ;   {runtime_call load_klass_patching Runtime1 stub}
  0x0000026c80321164: 050a e895 

  0x0000026c80321168: ; ImmutableOopMap {[152]=Oop rbx=Oop r8=Oop [128]=Oop [104]=Oop }
                      ;*new {reexecute=1 rethrow=0 return_oop=0}
                      ; - (reexecute) org.eclipse.osgi.internal.framework.BundleContextImpl::dispatchEvent@190 (line 991)
  0x0000026c80321168: 7f30 07e9 | 68dc ffff 

  0x0000026c80321170: ;   {runtime_call fast_new_instance Runtime1 stub}
  0x0000026c80321170: 488b d2e8 

  0x0000026c80321174: ; ImmutableOopMap {[152]=Oop rbx=Oop r8=Oop [104]=Oop [128]=Oop }
                      ;*new {reexecute=0 rethrow=0 return_oop=0}
                      ; - org.eclipse.osgi.internal.framework.BundleContextImpl::dispatchEvent@190 (line 991)
  0x0000026c80321174: 883e 3007 | e9a2 dcff 

  0x0000026c8032117c: ;   {runtime_call throw_null_pointer_exception Runtime1 stub}
  0x0000026c8032117c: ffe8 9e33 

  0x0000026c80321180: ; ImmutableOopMap {[152]=Oop rbx=Oop r8=Oop [104]=Oop [128]=Oop rax=Oop }
                      ;*invokevirtual getClass {reexecute=0 rethrow=0 return_oop=0}
                      ; - org.eclipse.osgi.internal.framework.BundleContextImpl::dispatchEvent@196 (line 991)
                      ;   {runtime_call throw_null_pointer_exception Runtime1 stub}
  0x0000026c80321180: 3007 e899 

  0x0000026c80321184: ; ImmutableOopMap {[152]=Oop rbx=Oop r8=Oop [104]=Oop [128]=Oop rax=Oop rdx=Oop }
                      ;*invokevirtual getName {reexecute=0 rethrow=0 return_oop=0}
                      ; - org.eclipse.osgi.internal.framework.BundleContextImpl::dispatchEvent@199 (line 991)
                      ;   {metadata({method} {0x0000026cf90134f0} 'getName' '()Ljava/lang/String;' in 'java/lang/Class')}
  0x0000026c80321184: 3330 0749 | bae8 3401 | f96c 0200 | 004c 8954 | 2408 48c7 | 0424 ffff 

  0x0000026c8032119c: ;   {runtime_call counter_overflow Runtime1 stub}
  0x0000026c8032119c: ffff e8dd 

  0x0000026c803211a0: ; ImmutableOopMap {[152]=Oop rbx=Oop r8=Oop [104]=Oop [128]=Oop rax=Oop rdx=Oop }
                      ;*synchronization entry
                      ; - java.lang.Class::getName@-1
                      ; - org.eclipse.osgi.internal.framework.BundleContextImpl::dispatchEvent@199 (line 991)
  0x0000026c803211a0: 9530 07e9 | dedc ffff 

  0x0000026c803211a8: ;   {metadata({method} {0x0000026cf900b990} 'valueOf' '(Ljava/lang/Object;)Ljava/lang/String;' in 'java/lang/String')}
  0x0000026c803211a8: 49ba 88b9 | 00f9 6c02 | 0000 4c89 | 5424 0848 | c704 24ff 

  0x0000026c803211bc: ;   {runtime_call counter_overflow Runtime1 stub}
  0x0000026c803211bc: ffff ffe8 

  0x0000026c803211c0: ; ImmutableOopMap {[152]=Oop [224]=Oop [104]=Oop [216]=Oop [208]=Oop [128]=Oop rsi=Oop }
                      ;*synchronization entry
                      ; - java.lang.String::valueOf@-1
                      ; - org.eclipse.osgi.internal.framework.BundleContextImpl::dispatchEvent@202 (line 991)
  0x0000026c803211c0: bc95 3007 | e998 ddff 

  0x0000026c803211c8: ;   {runtime_call throw_null_pointer_exception Runtime1 stub}
  0x0000026c803211c8: ffe8 5233 

  0x0000026c803211cc: ; ImmutableOopMap {[152]=Oop [224]=Oop [104]=Oop [216]=Oop [208]=Oop [128]=Oop rsi=Oop }
                      ;*invokevirtual toString {reexecute=0 rethrow=0 return_oop=0}
                      ; - java.lang.String::valueOf@11
                      ; - org.eclipse.osgi.internal.framework.BundleContextImpl::dispatchEvent@202 (line 991)
                      ;   {metadata({method} {0x0000026cf909a228} '<init>' '(Ljava/lang/String;)V' in 'java/lang/StringBuilder')}
  0x0000026c803211cc: 3007 49ba | 20a2 09f9 | 6c02 0000 | 4c89 5424 | 0848 c704 | 24ff ffff 

  0x0000026c803211e4: ;   {runtime_call counter_overflow Runtime1 stub}
  0x0000026c803211e4: ffe8 9695 

  0x0000026c803211e8: ; ImmutableOopMap {[152]=Oop [224]=Oop [104]=Oop [216]=Oop [208]=Oop [128]=Oop rsi=Oop }
                      ;*synchronization entry
                      ; - java.lang.StringBuilder::<init>@-1
                      ; - org.eclipse.osgi.internal.framework.BundleContextImpl::dispatchEvent@205 (line 991)
  0x0000026c803211e8: 3007 e9bc 

  0x0000026c803211ec: ;   {metadata({method} {0x0000026cf909a488} 'append' '(Ljava/lang/String;)Ljava/lang/StringBuilder;' in 'java/lang/StringBuilder')}
  0x0000026c803211ec: deff ff49 | ba80 a409 | f96c 0200 | 004c 8954 | 2408 48c7 | 0424 ffff 

  0x0000026c80321204: ;   {runtime_call counter_overflow Runtime1 stub}
  0x0000026c80321204: ffff e875 

  0x0000026c80321208: ; ImmutableOopMap {[152]=Oop [224]=Oop [104]=Oop [216]=Oop [208]=Oop [128]=Oop }
                      ;*synchronization entry
                      ; - java.lang.StringBuilder::append@-1
                      ; - org.eclipse.osgi.internal.framework.BundleContextImpl::dispatchEvent@211 (line 991)
  0x0000026c80321208: 9530 07e9 | 10df ffff 

  0x0000026c80321210: ;   {metadata({method} {0x0000026cf90f4560} 'toHexString' '(I)Ljava/lang/String;' in 'java/lang/Integer')}
  0x0000026c80321210: 49ba 5845 | 0ff9 6c02 | 0000 4c89 | 5424 0848 | c704 24ff 

  0x0000026c80321224: ;   {runtime_call counter_overflow Runtime1 stub}
  0x0000026c80321224: ffff ffe8 

  0x0000026c80321228: ; ImmutableOopMap {[152]=Oop [224]=Oop [104]=Oop [216]=Oop [208]=Oop [128]=Oop }
                      ;*synchronization entry
                      ; - java.lang.Integer::toHexString@-1
                      ; - org.eclipse.osgi.internal.framework.BundleContextImpl::dispatchEvent@219 (line 992)
  0x0000026c80321228: 5495 3007 | e982 dfff 

  0x0000026c80321230: ;   {metadata({method} {0x0000026cf909a488} 'append' '(Ljava/lang/String;)Ljava/lang/StringBuilder;' in 'java/lang/StringBuilder')}
  0x0000026c80321230: ff49 ba80 | a409 f96c | 0200 004c | 8954 2408 | 48c7 0424 | ffff ffff 

  0x0000026c80321248: ;   {runtime_call counter_overflow Runtime1 stub}
  0x0000026c80321248: e833 9530 

  0x0000026c8032124c: ; ImmutableOopMap {[152]=Oop [224]=Oop [104]=Oop [216]=Oop [208]=Oop [128]=Oop rax=Oop }
                      ;*synchronization entry
                      ; - java.lang.StringBuilder::append@-1
                      ; - org.eclipse.osgi.internal.framework.BundleContextImpl::dispatchEvent@222 (line 992)
  0x0000026c8032124c: 07e9 c6df 

  0x0000026c80321250: ;   {metadata({method} {0x0000026cf909b800} 'toString' '()Ljava/lang/String;' in 'java/lang/StringBuilder')}
  0x0000026c80321250: ffff 49ba | f8b7 09f9 | 6c02 0000 | 4c89 5424 | 0848 c704 | 24ff ffff 

  0x0000026c80321268: ;   {runtime_call counter_overflow Runtime1 stub}
  0x0000026c80321268: ffe8 1295 

  0x0000026c8032126c: ; ImmutableOopMap {[152]=Oop [224]=Oop [104]=Oop [216]=Oop [208]=Oop [128]=Oop }
                      ;*synchronization entry
                      ; - java.lang.StringBuilder::toString@-1
                      ; - org.eclipse.osgi.internal.framework.BundleContextImpl::dispatchEvent@225 (line 991)
  0x0000026c8032126c: 3007 e918 

  0x0000026c80321270: ;   {metadata({method} {0x0000026cf9098288} 'isLatin1' '()Z' in 'java/lang/AbstractStringBuilder')}
  0x0000026c80321270: e0ff ff49 | ba80 8209 | f96c 0200 | 004c 8954 | 2408 48c7 | 0424 ffff 

  0x0000026c80321288: ;   {runtime_call counter_overflow Runtime1 stub}
  0x0000026c80321288: ffff e8f1 

  0x0000026c8032128c: ; ImmutableOopMap {[152]=Oop [224]=Oop [104]=Oop [216]=Oop [208]=Oop [128]=Oop }
                      ;*synchronization entry
                      ; - java.lang.AbstractStringBuilder::isLatin1@-1
                      ; - java.lang.StringBuilder::toString@1
                      ; - org.eclipse.osgi.internal.framework.BundleContextImpl::dispatchEvent@225 (line 991)
  0x0000026c8032128c: 9430 07e9 | 3ee0 ffff 

  0x0000026c80321294: ;   {metadata(NULL)}
  0x0000026c80321294: 48ba 0000 | 0000 0000 | 0000 b800 

  0x0000026c803212a0: ;   {runtime_call load_klass_patching Runtime1 stub}
  0x0000026c803212a0: 0f05 0ae8 

  0x0000026c803212a4: ; ImmutableOopMap {[152]=Oop [224]=Oop [216]=Oop [128]=Oop [240]=Oop [104]=Oop }
                      ;*new {reexecute=1 rethrow=0 return_oop=0}
                      ; - (reexecute) org.eclipse.osgi.internal.framework.BundleContextImpl::dispatchEvent@230 (line 993)
  0x0000026c803212a4: 587e 3007 | e94b e1ff | ff48 8bd2 

  0x0000026c803212b0: ;   {runtime_call fast_new_instance Runtime1 stub}
  0x0000026c803212b0: e84b 3d30 

  0x0000026c803212b4: ; ImmutableOopMap {[152]=Oop [224]=Oop [216]=Oop [128]=Oop [104]=Oop [240]=Oop }
                      ;*new {reexecute=0 rethrow=0 return_oop=0}
                      ; - org.eclipse.osgi.internal.framework.BundleContextImpl::dispatchEvent@230 (line 993)
  0x0000026c803212b4: 07e9 85e1 

  0x0000026c803212b8: ;   {metadata({method} {0x0000026cf909a228} '<init>' '(Ljava/lang/String;)V' in 'java/lang/StringBuilder')}
  0x0000026c803212b8: ffff 49ba | 20a2 09f9 | 6c02 0000 | 4c89 5424 | 0848 c704 | 24ff ffff 

  0x0000026c803212d0: ;   {runtime_call counter_overflow Runtime1 stub}
  0x0000026c803212d0: ffe8 aa94 

  0x0000026c803212d4: ; ImmutableOopMap {[152]=Oop [224]=Oop [216]=Oop [128]=Oop [104]=Oop [240]=Oop rax=Oop }
                      ;*synchronization entry
                      ; - java.lang.StringBuilder::<init>@-1
                      ; - org.eclipse.osgi.internal.framework.BundleContextImpl::dispatchEvent@237 (line 993)
  0x0000026c803212d4: 3007 e9a3 

  0x0000026c803212d8: ;   {metadata({method} {0x0000026cf909a3f0} 'append' '(Ljava/lang/Object;)Ljava/lang/StringBuilder;' in 'java/lang/StringBuilder')}
  0x0000026c803212d8: e1ff ff49 | bae8 a309 | f96c 0200 | 004c 8954 | 2408 48c7 | 0424 ffff 

  0x0000026c803212f0: ;   {runtime_call counter_overflow Runtime1 stub}
  0x0000026c803212f0: ffff e889 

  0x0000026c803212f4: ; ImmutableOopMap {[152]=Oop [224]=Oop [216]=Oop [128]=Oop [240]=Oop [232]=Oop rdx=Oop [104]=Oop rsi=Oop }
                      ;*synchronization entry
                      ; - java.lang.StringBuilder::append@-1
                      ; - org.eclipse.osgi.internal.framework.BundleContextImpl::dispatchEvent@244 (line 993)
  0x0000026c803212f4: 9430 07e9 | 02e2 ffff 

  0x0000026c803212fc: ;   {metadata({method} {0x0000026cf900b990} 'valueOf' '(Ljava/lang/Object;)Ljava/lang/String;' in 'java/lang/String')}
  0x0000026c803212fc: 49ba 88b9 | 00f9 6c02 | 0000 4c89 | 5424 0848 | c704 24ff 

  0x0000026c80321310: ;   {runtime_call counter_overflow Runtime1 stub}
  0x0000026c80321310: ffff ffe8 

  0x0000026c80321314: ; ImmutableOopMap {[152]=Oop [224]=Oop [216]=Oop [128]=Oop [240]=Oop [232]=Oop rdx=Oop [104]=Oop rsi=Oop }
                      ;*synchronization entry
                      ; - java.lang.String::valueOf@-1
                      ; - java.lang.StringBuilder::append@2
                      ; - org.eclipse.osgi.internal.framework.BundleContextImpl::dispatchEvent@244 (line 993)
  0x0000026c80321314: 6894 3007 | e91b e2ff 

  0x0000026c8032131c: ;   {runtime_call throw_null_pointer_exception Runtime1 stub}
  0x0000026c8032131c: ffe8 fe31 

  0x0000026c80321320: ; ImmutableOopMap {[152]=Oop [224]=Oop [216]=Oop [128]=Oop [240]=Oop [232]=Oop [104]=Oop rsi=Oop }
                      ;*invokevirtual toString {reexecute=0 rethrow=0 return_oop=0}
                      ; - java.lang.String::valueOf@11
                      ; - java.lang.StringBuilder::append@2
                      ; - org.eclipse.osgi.internal.framework.BundleContextImpl::dispatchEvent@244 (line 993)
                      ;   {metadata({method} {0x0000026cf909a488} 'append' '(Ljava/lang/String;)Ljava/lang/StringBuilder;' in 'java/lang/StringBuilder')}
  0x0000026c80321320: 3007 49ba | 80a4 09f9 | 6c02 0000 | 4c89 5424 | 0848 c704 | 24ff ffff 

  0x0000026c80321338: ;   {runtime_call counter_overflow Runtime1 stub}
  0x0000026c80321338: ffe8 4294 

  0x0000026c8032133c: ; ImmutableOopMap {[152]=Oop [224]=Oop [216]=Oop [128]=Oop [240]=Oop [232]=Oop [104]=Oop rsi=Oop }
                      ;*synchronization entry
                      ; - java.lang.StringBuilder::append@-1
                      ; - java.lang.StringBuilder::append@5
                      ; - org.eclipse.osgi.internal.framework.BundleContextImpl::dispatchEvent@244 (line 993)
  0x0000026c8032133c: 3007 e930 

  0x0000026c80321340: ;   {metadata({method} {0x0000026cf909a488} 'append' '(Ljava/lang/String;)Ljava/lang/StringBuilder;' in 'java/lang/StringBuilder')}
  0x0000026c80321340: e3ff ff49 | ba80 a409 | f96c 0200 | 004c 8954 | 2408 48c7 | 0424 ffff 

  0x0000026c80321358: ;   {runtime_call counter_overflow Runtime1 stub}
  0x0000026c80321358: ffff e821 

  0x0000026c8032135c: ; ImmutableOopMap {[152]=Oop [224]=Oop [216]=Oop [128]=Oop [232]=Oop [104]=Oop [240]=Oop }
                      ;*synchronization entry
                      ; - java.lang.StringBuilder::append@-1
                      ; - org.eclipse.osgi.internal.framework.BundleContextImpl::dispatchEvent@250 (line 993)
  0x0000026c8032135c: 9430 07e9 | 84e3 ffff 

  0x0000026c80321364: ;   {metadata({method} {0x0000026cf909a488} 'append' '(Ljava/lang/String;)Ljava/lang/StringBuilder;' in 'java/lang/StringBuilder')}
  0x0000026c80321364: 49ba 80a4 | 09f9 6c02 | 0000 4c89 | 5424 0848 | c704 24ff 

  0x0000026c80321378: ;   {runtime_call counter_overflow Runtime1 stub}
  0x0000026c80321378: ffff ffe8 

  0x0000026c8032137c: ; ImmutableOopMap {[152]=Oop [224]=Oop [216]=Oop [128]=Oop [232]=Oop [104]=Oop [240]=Oop }
                      ;*synchronization entry
                      ; - java.lang.StringBuilder::append@-1
                      ; - org.eclipse.osgi.internal.framework.BundleContextImpl::dispatchEvent@255 (line 993)
  0x0000026c8032137c: 0094 3007 | e9db e3ff 

  0x0000026c80321384: ;   {metadata({method} {0x0000026cf909a488} 'append' '(Ljava/lang/String;)Ljava/lang/StringBuilder;' in 'java/lang/StringBuilder')}
  0x0000026c80321384: ff49 ba80 | a409 f96c | 0200 004c | 8954 2408 | 48c7 0424 | ffff ffff 

  0x0000026c8032139c: ;   {runtime_call counter_overflow Runtime1 stub}
  0x0000026c8032139c: e8df 9330 

  0x0000026c803213a0: ; ImmutableOopMap {[152]=Oop [224]=Oop [216]=Oop [128]=Oop [232]=Oop [104]=Oop }
                      ;*synchronization entry
                      ; - java.lang.StringBuilder::append@-1
                      ; - org.eclipse.osgi.internal.framework.BundleContextImpl::dispatchEvent@261 (line 993)
  0x0000026c803213a0: 07e9 32e4 

  0x0000026c803213a4: ;   {metadata({method} {0x0000026cf909b800} 'toString' '()Ljava/lang/String;' in 'java/lang/StringBuilder')}
  0x0000026c803213a4: ffff 49ba | f8b7 09f9 | 6c02 0000 | 4c89 5424 | 0848 c704 | 24ff ffff 

  0x0000026c803213bc: ;   {runtime_call counter_overflow Runtime1 stub}
  0x0000026c803213bc: ffe8 be93 

  0x0000026c803213c0: ; ImmutableOopMap {[152]=Oop [224]=Oop [216]=Oop [128]=Oop [232]=Oop [104]=Oop }
                      ;*synchronization entry
                      ; - java.lang.StringBuilder::toString@-1
                      ; - org.eclipse.osgi.internal.framework.BundleContextImpl::dispatchEvent@264 (line 993)
  0x0000026c803213c0: 3007 e98c 

  0x0000026c803213c4: ;   {metadata({method} {0x0000026cf9098288} 'isLatin1' '()Z' in 'java/lang/AbstractStringBuilder')}
  0x0000026c803213c4: e4ff ff49 | ba80 8209 | f96c 0200 | 004c 8954 | 2408 48c7 | 0424 ffff 

  0x0000026c803213dc: ;   {runtime_call counter_overflow Runtime1 stub}
  0x0000026c803213dc: ffff e89d 

  0x0000026c803213e0: ; ImmutableOopMap {[152]=Oop [224]=Oop [216]=Oop [128]=Oop [232]=Oop [104]=Oop }
                      ;*synchronization entry
                      ; - java.lang.AbstractStringBuilder::isLatin1@-1
                      ; - java.lang.StringBuilder::toString@1
                      ; - org.eclipse.osgi.internal.framework.BundleContextImpl::dispatchEvent@264 (line 993)
  0x0000026c803213e0: 9330 07e9 | b2e4 ffff 

  0x0000026c803213e8: ;   {metadata({method} {0x0000026cf9869150} 'println' '(Ljava/lang/String;)V' in 'org/eclipse/osgi/internal/debug/Debug')}
  0x0000026c803213e8: 49ba 4891 | 86f9 6c02 | 0000 4c89 | 5424 0848 | c704 24ff 

  0x0000026c803213fc: ;   {runtime_call counter_overflow Runtime1 stub}
  0x0000026c803213fc: ffff ffe8 

  0x0000026c80321400: ; ImmutableOopMap {[152]=Oop [224]=Oop [216]=Oop [128]=Oop [104]=Oop rax=Oop }
                      ;*synchronization entry
                      ; - org.eclipse.osgi.internal.debug.Debug::println@-1 (line 358)
                      ; - org.eclipse.osgi.internal.framework.BundleContextImpl::dispatchEvent@267 (line 993)
  0x0000026c80321400: 7c93 3007 | e9e7 e5ff 

  0x0000026c80321408: ;   {runtime_call throw_null_pointer_exception Runtime1 stub}
  0x0000026c80321408: ffe8 1231 

  0x0000026c8032140c: ; ImmutableOopMap {[152]=Oop [224]=Oop [216]=Oop [128]=Oop [104]=Oop rax=Oop rdx=Oop }
                      ;*invokevirtual println {reexecute=0 rethrow=0 return_oop=0}
                      ; - org.eclipse.osgi.internal.debug.Debug::println@4 (line 358)
                      ; - org.eclipse.osgi.internal.framework.BundleContextImpl::dispatchEvent@267 (line 993)
                      ;   {runtime_call throw_null_pointer_exception Runtime1 stub}
  0x0000026c8032140c: 3007 e80d 

  0x0000026c80321410: ; ImmutableOopMap {[152]=Oop [128]=Oop [104]=Oop rdx=Oop rbx=Oop }
                      ;*invokeinterface serviceChanged {reexecute=0 rethrow=0 return_oop=0}
                      ; - org.eclipse.osgi.internal.framework.BundleContextImpl::dispatchEvent@274 (line 995)
  0x0000026c80321410: 3130 0748 

  0x0000026c80321414: ;   {runtime_call throw_class_cast_exception Runtime1 stub}
  0x0000026c80321414: 8904 24e8 

  0x0000026c80321418: ; ImmutableOopMap {}
                      ;*checkcast {reexecute=0 rethrow=0 return_oop=0}
                      ; - org.eclipse.osgi.internal.framework.BundleContextImpl::dispatchEvent@551 (line 1035)
  0x0000026c80321418: 045d 3007 

  0x0000026c8032141c: ;   {runtime_call throw_null_pointer_exception Runtime1 stub}
  0x0000026c8032141c: e8ff 3030 

  0x0000026c80321420: ; ImmutableOopMap {r8=Oop rdx=Oop }
                      ;*invokevirtual setContextClassLoader {reexecute=0 rethrow=0 return_oop=0}
                      ; - org.eclipse.osgi.internal.framework.BundleContextImpl::dispatchEvent@554 (line 1035)
                      ;   {internal_word}
  0x0000026c80321420: 0749 baf4 | fc31 806c | 0200 004d | 8997 6803 

  0x0000026c80321430: ;   {runtime_call SafepointBlob}
  0x0000026c80321430: 0000 e949 

  0x0000026c80321434: ;   {metadata(NULL)}
  0x0000026c80321434: 7826 0748 | ba00 0000 | 0000 0000 | 00b8 000f 

  0x0000026c80321444: ;   {runtime_call load_klass_patching Runtime1 stub}
  0x0000026c80321444: 050a e8b5 

  0x0000026c80321448: ; ImmutableOopMap {[152]=Oop [128]=Oop [104]=Oop }
                      ;*new {reexecute=1 rethrow=0 return_oop=0}
                      ; - (reexecute) org.eclipse.osgi.internal.framework.BundleContextImpl::dispatchEvent@393 (line 1012)
  0x0000026c80321448: 7c30 07e9 | b8e8 ffff 

  0x0000026c80321450: ;   {runtime_call fast_new_instance Runtime1 stub}
  0x0000026c80321450: 488b d2e8 

  0x0000026c80321454: ; ImmutableOopMap {[128]=Oop [104]=Oop [152]=Oop }
                      ;*new {reexecute=0 rethrow=0 return_oop=0}
                      ; - org.eclipse.osgi.internal.framework.BundleContextImpl::dispatchEvent@393 (line 1012)
  0x0000026c80321454: a83b 3007 | e9fa e8ff 

  0x0000026c8032145c: ;   {runtime_call throw_null_pointer_exception Runtime1 stub}
  0x0000026c8032145c: ffe8 be30 

  0x0000026c80321460: ; ImmutableOopMap {[128]=Oop [152]=Oop rdx=Oop [104]=Oop rax=Oop [256]=Oop }
                      ;*getfield DEBUG_GENERAL {reexecute=1 rethrow=0 return_oop=0}
                      ; - (reexecute) org.eclipse.osgi.internal.framework.BundleContextImpl::dispatchEvent@407 (line 1017)
                      ;   {metadata(NULL)}
  0x0000026c80321460: 3007 48ba | 0000 0000 | 0000 0000 | b800 0f05 

  0x0000026c80321470: ;   {runtime_call load_klass_patching Runtime1 stub}
  0x0000026c80321470: 0ae8 8a7c 

  0x0000026c80321474: ; ImmutableOopMap {[128]=Oop [152]=Oop [256]=Oop [104]=Oop }
                      ;*new {reexecute=1 rethrow=0 return_oop=0}
                      ; - (reexecute) org.eclipse.osgi.internal.framework.BundleContextImpl::dispatchEvent@413 (line 1018)
  0x0000026c80321474: 3007 e98d | e9ff ff48 

  0x0000026c8032147c: ;   {runtime_call fast_new_instance Runtime1 stub}
  0x0000026c8032147c: 8bd2 e87d 

  0x0000026c80321480: ; ImmutableOopMap {[128]=Oop [152]=Oop [104]=Oop [256]=Oop }
                      ;*new {reexecute=0 rethrow=0 return_oop=0}
                      ; - org.eclipse.osgi.internal.framework.BundleContextImpl::dispatchEvent@413 (line 1018)
  0x0000026c80321480: 3b30 07e9 | c7e9 ffff 

  0x0000026c80321488: ;   {metadata({method} {0x0000026cf909a228} '<init>' '(Ljava/lang/String;)V' in 'java/lang/StringBuilder')}
  0x0000026c80321488: 49ba 20a2 | 09f9 6c02 | 0000 4c89 | 5424 0848 | c704 24ff 

  0x0000026c8032149c: ;   {runtime_call counter_overflow Runtime1 stub}
  0x0000026c8032149c: ffff ffe8 

  0x0000026c803214a0: ; ImmutableOopMap {[128]=Oop [152]=Oop [104]=Oop [256]=Oop rax=Oop }
                      ;*synchronization entry
                      ; - java.lang.StringBuilder::<init>@-1
                      ; - org.eclipse.osgi.internal.framework.BundleContextImpl::dispatchEvent@420 (line 1018)
  0x0000026c803214a0: dc92 3007 | e9e5 e9ff 

  0x0000026c803214a8: ;   {metadata({method} {0x0000026cf909a488} 'append' '(Ljava/lang/String;)Ljava/lang/StringBuilder;' in 'java/lang/StringBuilder')}
  0x0000026c803214a8: ff49 ba80 | a409 f96c | 0200 004c | 8954 2408 | 48c7 0424 | ffff ffff 

  0x0000026c803214c0: ;   {runtime_call counter_overflow Runtime1 stub}
  0x0000026c803214c0: e8bb 9230 

  0x0000026c803214c4: ; ImmutableOopMap {[128]=Oop [152]=Oop [264]=Oop [104]=Oop [256]=Oop rax=Oop }
                      ;*synchronization entry
                      ; - java.lang.StringBuilder::append@-1
                      ; - org.eclipse.osgi.internal.framework.BundleContextImpl::dispatchEvent@428 (line 1018)
  0x0000026c803214c4: 07e9 eeea 

  0x0000026c803214c8: ;   {metadata({method} {0x0000026cf909b800} 'toString' '()Ljava/lang/String;' in 'java/lang/StringBuilder')}
  0x0000026c803214c8: ffff 49ba | f8b7 09f9 | 6c02 0000 | 4c89 5424 | 0848 c704 | 24ff ffff 

  0x0000026c803214e0: ;   {runtime_call counter_overflow Runtime1 stub}
  0x0000026c803214e0: ffe8 9a92 

  0x0000026c803214e4: ; ImmutableOopMap {[128]=Oop [152]=Oop [264]=Oop [104]=Oop [256]=Oop }
                      ;*synchronization entry
                      ; - java.lang.StringBuilder::toString@-1
                      ; - org.eclipse.osgi.internal.framework.BundleContextImpl::dispatchEvent@431 (line 1018)
  0x0000026c803214e4: 3007 e940 

  0x0000026c803214e8: ;   {metadata({method} {0x0000026cf9098288} 'isLatin1' '()Z' in 'java/lang/AbstractStringBuilder')}
  0x0000026c803214e8: ebff ff49 | ba80 8209 | f96c 0200 | 004c 8954 | 2408 48c7 | 0424 ffff 

  0x0000026c80321500: ;   {runtime_call counter_overflow Runtime1 stub}
  0x0000026c80321500: ffff e879 

  0x0000026c80321504: ; ImmutableOopMap {[128]=Oop [152]=Oop [264]=Oop [104]=Oop [256]=Oop }
                      ;*synchronization entry
                      ; - java.lang.AbstractStringBuilder::isLatin1@-1
                      ; - java.lang.StringBuilder::toString@1
                      ; - org.eclipse.osgi.internal.framework.BundleContextImpl::dispatchEvent@431 (line 1018)
  0x0000026c80321504: 9230 07e9 | 66eb ffff 

  0x0000026c8032150c: ;   {metadata({method} {0x0000026cf9869150} 'println' '(Ljava/lang/String;)V' in 'org/eclipse/osgi/internal/debug/Debug')}
  0x0000026c8032150c: 49ba 4891 | 86f9 6c02 | 0000 4c89 | 5424 0848 | c704 24ff 

  0x0000026c80321520: ;   {runtime_call counter_overflow Runtime1 stub}
  0x0000026c80321520: ffff ffe8 

  0x0000026c80321524: ; ImmutableOopMap {[128]=Oop [152]=Oop [104]=Oop rax=Oop [256]=Oop }
                      ;*synchronization entry
                      ; - org.eclipse.osgi.internal.debug.Debug::println@-1 (line 358)
                      ; - org.eclipse.osgi.internal.framework.BundleContextImpl::dispatchEvent@434 (line 1018)
  0x0000026c80321524: 5892 3007 | e99b ecff 

  0x0000026c8032152c: ;   {runtime_call throw_null_pointer_exception Runtime1 stub}
  0x0000026c8032152c: ffe8 ee2f 

  0x0000026c80321530: ; ImmutableOopMap {[128]=Oop [152]=Oop [104]=Oop rax=Oop [256]=Oop rdx=Oop }
                      ;*invokevirtual println {reexecute=0 rethrow=0 return_oop=0}
                      ; - org.eclipse.osgi.internal.debug.Debug::println@4 (line 358)
                      ; - org.eclipse.osgi.internal.framework.BundleContextImpl::dispatchEvent@434 (line 1018)
                      ;   {metadata({method} {0x0000026cf98692a8} 'printStackTrace' '(Ljava/lang/Throwable;)V' in 'org/eclipse/osgi/internal/debug/Debug')}
  0x0000026c80321530: 3007 49ba | a092 86f9 | 6c02 0000 | 4c89 5424 | 0848 c704 | 24ff ffff 

  0x0000026c80321548: ;   {runtime_call counter_overflow Runtime1 stub}
  0x0000026c80321548: ffe8 3292 

  0x0000026c8032154c: ; ImmutableOopMap {[128]=Oop [152]=Oop [104]=Oop [256]=Oop }
                      ;*synchronization entry
                      ; - org.eclipse.osgi.internal.debug.Debug::printStackTrace@-1 (line 372)
                      ; - org.eclipse.osgi.internal.framework.BundleContextImpl::dispatchEvent@439 (line 1019)
  0x0000026c8032154c: 3007 e9f3 

  0x0000026c80321550: ;   {metadata({method} {0x0000026cf9026790} 'printStackTrace' '(Ljava/io/PrintStream;)V' in 'java/lang/Throwable')}
  0x0000026c80321550: ecff ff49 | ba88 6702 | f96c 0200 | 004c 8954 | 2408 48c7 | 0424 ffff 

  0x0000026c80321568: ;   {runtime_call counter_overflow Runtime1 stub}
  0x0000026c80321568: ffff e811 

  0x0000026c8032156c: ; ImmutableOopMap {[128]=Oop [152]=Oop [104]=Oop rax=Oop [256]=Oop r8=Oop }
                      ;*synchronization entry
                      ; - java.lang.Throwable::printStackTrace@-1
                      ; - org.eclipse.osgi.internal.debug.Debug::printStackTrace@9 (line 374)
                      ; - org.eclipse.osgi.internal.framework.BundleContextImpl::dispatchEvent@439 (line 1019)
  0x0000026c8032156c: 9230 07e9 | ebed ffff 

  0x0000026c80321574: ;   {metadata(NULL)}
  0x0000026c80321574: 48ba 0000 | 0000 0000 | 0000 b800 

  0x0000026c80321580: ;   {runtime_call load_klass_patching Runtime1 stub}
  0x0000026c80321580: 0f05 0ae8 

  0x0000026c80321584: ; ImmutableOopMap {[128]=Oop [152]=Oop [104]=Oop rax=Oop [256]=Oop r8=Oop }
                      ;*new {reexecute=1 rethrow=0 return_oop=0}
                      ; - (reexecute) java.lang.Throwable::printStackTrace@1
                      ; - org.eclipse.osgi.internal.debug.Debug::printStackTrace@9 (line 374)
                      ; - org.eclipse.osgi.internal.framework.BundleContextImpl::dispatchEvent@439 (line 1019)
  0x0000026c80321584: 787b 3007 | e9d3 edff | ff48 8bd2 

  0x0000026c80321590: ;   {runtime_call new_instance Runtime1 stub}
  0x0000026c80321590: e86b 3630 

  0x0000026c80321594: ; ImmutableOopMap {[128]=Oop [152]=Oop [104]=Oop r8=Oop [256]=Oop }
                      ;*new {reexecute=0 rethrow=0 return_oop=0}
                      ; - java.lang.Throwable::printStackTrace@1
                      ; - org.eclipse.osgi.internal.debug.Debug::printStackTrace@9 (line 374)
                      ; - org.eclipse.osgi.internal.framework.BundleContextImpl::dispatchEvent@439 (line 1019)
  0x0000026c80321594: 07e9 d5ed 

  0x0000026c80321598: ;   {runtime_call throw_null_pointer_exception Runtime1 stub}
  0x0000026c80321598: ffff e881 

  0x0000026c8032159c: ; ImmutableOopMap {[128]=Oop [152]=Oop [256]=Oop rsi=Oop [104]=Oop r8=Oop }
                      ;*invokevirtual handleRuntimeError {reexecute=0 rethrow=0 return_oop=0}
                      ; - org.eclipse.osgi.internal.framework.BundleContextImpl::dispatchEvent@448 (line 1022)
                      ;   {metadata({method} {0x0000026cf982b778} 'handleRuntimeError' '(Ljava/lang/Throwable;)V' in 'org/eclipse/osgi/internal/framework/EquinoxContainer')}
  0x0000026c8032159c: 2f30 0749 | ba70 b782 | f96c 0200 | 004c 8954 | 2408 48c7 | 0424 ffff 

  0x0000026c803215b4: ;   {runtime_call counter_overflow Runtime1 stub}
  0x0000026c803215b4: ffff e8c5 

  0x0000026c803215b8: ; ImmutableOopMap {[128]=Oop [152]=Oop [256]=Oop rsi=Oop [104]=Oop r8=Oop }
                      ;*synchronization entry
                      ; - org.eclipse.osgi.internal.framework.EquinoxContainer::handleRuntimeError@-1 (line 313)
                      ; - org.eclipse.osgi.internal.framework.BundleContextImpl::dispatchEvent@448 (line 1022)
  0x0000026c803215b8: 9130 07e9 | 67ee ffff | 4889 0424 

  0x0000026c803215c4: ;   {runtime_call throw_class_cast_exception Runtime1 stub}
  0x0000026c803215c4: e857 5b30 

  0x0000026c803215c8: ; ImmutableOopMap {[152]=Oop [256]=Oop rsi=Oop [104]=Oop r8=Oop }
                      ;*checkcast {reexecute=0 rethrow=0 return_oop=0}
                      ; - org.eclipse.osgi.internal.framework.BundleContextImpl::dispatchEvent@458 (line 1025)
                      ;   {runtime_call throw_null_pointer_exception Runtime1 stub}
  0x0000026c803215c8: 07e8 522f 

  0x0000026c803215cc: ; ImmutableOopMap {[152]=Oop [256]=Oop rsi=Oop [104]=Oop r8=Oop rax=Oop }
                      ;*invokevirtual getType {reexecute=0 rethrow=0 return_oop=0}
                      ; - org.eclipse.osgi.internal.framework.BundleContextImpl::dispatchEvent@465 (line 1026)
                      ;   {metadata({method} {0x0000026cf982b260} 'getEventPublisher' '()Lorg/eclipse/osgi/internal/framework/EquinoxEventPublisher;' in 'org/eclipse/osgi/internal/framework/EquinoxContainer')}
  0x0000026c803215cc: 3007 49ba | 58b2 82f9 | 6c02 0000 | 4c89 5424 | 0848 c704 | 24ff ffff 

  0x0000026c803215e4: ;   {runtime_call counter_overflow Runtime1 stub}
  0x0000026c803215e4: ffe8 9691 

  0x0000026c803215e8: ; ImmutableOopMap {[152]=Oop [256]=Oop rsi=Oop [104]=Oop r8=Oop }
                      ;*synchronization entry
                      ; - org.eclipse.osgi.internal.framework.EquinoxContainer::getEventPublisher@-1 (line 276)
                      ; - org.eclipse.osgi.internal.framework.BundleContextImpl::dispatchEvent@479 (line 1031)
  0x0000026c803215e8: 3007 e90e 

  0x0000026c803215ec: ;   {runtime_call throw_null_pointer_exception Runtime1 stub}
  0x0000026c803215ec: f0ff ffe8 

  0x0000026c803215f0: ; ImmutableOopMap {[152]=Oop [256]=Oop rsi=Oop [104]=Oop r8=Oop r9=Oop }
                      ;*monitorenter {reexecute=0 rethrow=0 return_oop=0}
                      ; - org.eclipse.osgi.internal.framework.EquinoxContainer::getEventPublisher@6 (line 276)
                      ; - org.eclipse.osgi.internal.framework.BundleContextImpl::dispatchEvent@479 (line 1031)
  0x0000026c803215f0: 2c2f 3007 | 4c89 4c24 | 0848 893c 

  0x0000026c803215fc: ;   {runtime_call monitorenter_nofpu Runtime1 stub}
  0x0000026c803215fc: 24e8 7e67 

  0x0000026c80321600: ; ImmutableOopMap {[152]=Oop [256]=Oop rsi=Oop [104]=Oop r8=Oop r9=Oop [296]=Oop }
                      ;*monitorenter {reexecute=0 rethrow=0 return_oop=0}
                      ; - org.eclipse.osgi.internal.framework.EquinoxContainer::getEventPublisher@6 (line 276)
                      ; - org.eclipse.osgi.internal.framework.BundleContextImpl::dispatchEvent@479 (line 1031)
  0x0000026c80321600: 3007 e92e | f0ff ff48 | 8d84 2420 | 0100 0048 

  0x0000026c80321610: ;   {runtime_call monitorexit_nofpu Runtime1 stub}
  0x0000026c80321610: 8904 24e8 | e86d 3007 | e93f f0ff 

  0x0000026c8032161c: ;   {runtime_call throw_null_pointer_exception Runtime1 stub}
  0x0000026c8032161c: ffe8 fe2e 

  0x0000026c80321620: ; ImmutableOopMap {[152]=Oop [256]=Oop rdx=Oop r9=Oop }
                      ;*invokevirtual publishFrameworkEvent {reexecute=0 rethrow=0 return_oop=0}
                      ; - org.eclipse.osgi.internal.framework.BundleContextImpl::dispatchEvent@489 (line 1031)
  0x0000026c80321620: 3007 4889 

  0x0000026c80321624: ;   {runtime_call throw_class_cast_exception Runtime1 stub}
  0x0000026c80321624: 3c24 e8f5 

  0x0000026c80321628: ; ImmutableOopMap {}
                      ;*checkcast {reexecute=0 rethrow=0 return_oop=0}
                      ; - org.eclipse.osgi.internal.framework.BundleContextImpl::dispatchEvent@505 (line 1035)
                      ;   {runtime_call throw_null_pointer_exception Runtime1 stub}
  0x0000026c80321628: 5a30 07e8 

  0x0000026c8032162c: ; ImmutableOopMap {r8=Oop rdx=Oop }
                      ;*invokevirtual setContextClassLoader {reexecute=0 rethrow=0 return_oop=0}
                      ; - org.eclipse.osgi.internal.framework.BundleContextImpl::dispatchEvent@508 (line 1035)
  0x0000026c8032162c: f02e 3007 

  0x0000026c80321630: ;   {internal_word}
  0x0000026c80321630: 49ba b408 | 3280 6c02 | 0000 4d89 | 9768 0300 

  0x0000026c80321640: ;   {runtime_call SafepointBlob}
  0x0000026c80321640: 00e9 3a76 | 2607 488d | 8424 2001 | 0000 4889 

  0x0000026c80321650: ;   {runtime_call monitorexit_nofpu Runtime1 stub}
  0x0000026c80321650: 0424 e8a9 | 6d30 07e9 | b4f2 ffff | 4889 3c24 

  0x0000026c80321660: ;   {runtime_call throw_class_cast_exception Runtime1 stub}
  0x0000026c80321660: e8bb 5a30 

  0x0000026c80321664: ; ImmutableOopMap {[280]=Oop }
                      ;*checkcast {reexecute=0 rethrow=0 return_oop=0}
                      ; - org.eclipse.osgi.internal.framework.BundleContextImpl::dispatchEvent@529 (line 1035)
                      ;   {runtime_call throw_null_pointer_exception Runtime1 stub}
  0x0000026c80321664: 07e8 b62e 

  0x0000026c80321668: ; ImmutableOopMap {[280]=Oop r8=Oop rdx=Oop }
                      ;*invokevirtual setContextClassLoader {reexecute=0 rethrow=0 return_oop=0}
                      ; - org.eclipse.osgi.internal.framework.BundleContextImpl::dispatchEvent@532 (line 1035)
  0x0000026c80321668: 3007 9090 | 498b 87e0 | 0300 0049 | c787 e003 | 0000 0000 | 0000 49c7 | 87e8 0300 | 0000 0000 
  0x0000026c80321688: 0048 81c4 | 4001 0000 

  0x0000026c80321690: ;   {runtime_call unwind_exception Runtime1 stub}
  0x0000026c80321690: 5de9 6a4e | 2707 f4f4 | f4f4 f4f4 | f4f4 f4f4 
[Stub Code]
  0x0000026c803216a0: ;   {no_reloc}
  0x0000026c803216a0: 0f1f 4400 

  0x0000026c803216a4: ;   {static_stub}
  0x0000026c803216a4: 0048 bb00 | 0000 0000 

  0x0000026c803216ac: ;   {runtime_call}
  0x0000026c803216ac: 0000 00e9 | fbff ffff 

  0x0000026c803216b4: ;   {static_stub}
  0x0000026c803216b4: 9048 bb00 | 0000 0000 

  0x0000026c803216bc: ;   {runtime_call}
  0x0000026c803216bc: 0000 00e9 | fbff ffff 

  0x0000026c803216c4: ;   {static_stub}
  0x0000026c803216c4: 9048 bb00 | 0000 0000 

  0x0000026c803216cc: ;   {runtime_call}
  0x0000026c803216cc: 0000 00e9 | fbff ffff 

  0x0000026c803216d4: ;   {static_stub}
  0x0000026c803216d4: 9048 bb00 | 0000 0000 

  0x0000026c803216dc: ;   {runtime_call}
  0x0000026c803216dc: 0000 00e9 | fbff ffff 

  0x0000026c803216e4: ;   {static_stub}
  0x0000026c803216e4: 9048 bb00 | 0000 0000 

  0x0000026c803216ec: ;   {runtime_call}
  0x0000026c803216ec: 0000 00e9 | fbff ffff 

  0x0000026c803216f4: ;   {static_stub}
  0x0000026c803216f4: 9048 bb00 | 0000 0000 

  0x0000026c803216fc: ;   {runtime_call}
  0x0000026c803216fc: 0000 00e9 | fbff ffff 

  0x0000026c80321704: ;   {static_stub}
  0x0000026c80321704: 9048 bb00 | 0000 0000 

  0x0000026c8032170c: ;   {runtime_call}
  0x0000026c8032170c: 0000 00e9 | fbff ffff 

  0x0000026c80321714: ;   {static_stub}
  0x0000026c80321714: 9048 bb00 | 0000 0000 

  0x0000026c8032171c: ;   {runtime_call}
  0x0000026c8032171c: 0000 00e9 | fbff ffff 

  0x0000026c80321724: ;   {static_stub}
  0x0000026c80321724: 9048 bb00 | 0000 0000 

  0x0000026c8032172c: ;   {runtime_call}
  0x0000026c8032172c: 0000 00e9 | fbff ffff 

  0x0000026c80321734: ;   {static_stub}
  0x0000026c80321734: 9048 bb00 | 0000 0000 

  0x0000026c8032173c: ;   {runtime_call}
  0x0000026c8032173c: 0000 00e9 | fbff ffff 

  0x0000026c80321744: ;   {static_stub}
  0x0000026c80321744: 9048 bb00 | 0000 0000 

  0x0000026c8032174c: ;   {runtime_call}
  0x0000026c8032174c: 0000 00e9 | fbff ffff 

  0x0000026c80321754: ;   {static_stub}
  0x0000026c80321754: 9048 bb00 | 0000 0000 

  0x0000026c8032175c: ;   {runtime_call}
  0x0000026c8032175c: 0000 00e9 | fbff ffff 

  0x0000026c80321764: ;   {static_stub}
  0x0000026c80321764: 9048 bb00 | 0000 0000 

  0x0000026c8032176c: ;   {runtime_call}
  0x0000026c8032176c: 0000 00e9 | fbff ffff 

  0x0000026c80321774: ;   {static_stub}
  0x0000026c80321774: 9048 bb00 | 0000 0000 

  0x0000026c8032177c: ;   {runtime_call}
  0x0000026c8032177c: 0000 00e9 | fbff ffff 

  0x0000026c80321784: ;   {static_stub}
  0x0000026c80321784: 9048 bb00 | 0000 0000 

  0x0000026c8032178c: ;   {runtime_call}
  0x0000026c8032178c: 0000 00e9 | fbff ffff 

  0x0000026c80321794: ;   {static_stub}
  0x0000026c80321794: 9048 bb00 | 0000 0000 

  0x0000026c8032179c: ;   {runtime_call}
  0x0000026c8032179c: 0000 00e9 | fbff ffff 

  0x0000026c803217a4: ;   {static_stub}
  0x0000026c803217a4: 9048 bb00 | 0000 0000 

  0x0000026c803217ac: ;   {runtime_call}
  0x0000026c803217ac: 0000 00e9 | fbff ffff 

  0x0000026c803217b4: ;   {static_stub}
  0x0000026c803217b4: 9048 bb00 | 0000 0000 

  0x0000026c803217bc: ;   {runtime_call}
  0x0000026c803217bc: 0000 00e9 | fbff ffff 

  0x0000026c803217c4: ;   {static_stub}
  0x0000026c803217c4: 9048 bb00 | 0000 0000 

  0x0000026c803217cc: ;   {runtime_call}
  0x0000026c803217cc: 0000 00e9 | fbff ffff 

  0x0000026c803217d4: ;   {static_stub}
  0x0000026c803217d4: 9048 bb00 | 0000 0000 

  0x0000026c803217dc: ;   {runtime_call}
  0x0000026c803217dc: 0000 00e9 | fbff ffff 

  0x0000026c803217e4: ;   {static_stub}
  0x0000026c803217e4: 9048 bb00 | 0000 0000 

  0x0000026c803217ec: ;   {runtime_call}
  0x0000026c803217ec: 0000 00e9 | fbff ffff 

  0x0000026c803217f4: ;   {static_stub}
  0x0000026c803217f4: 9048 bb00 | 0000 0000 

  0x0000026c803217fc: ;   {runtime_call}
  0x0000026c803217fc: 0000 00e9 | fbff ffff 

  0x0000026c80321804: ;   {static_stub}
  0x0000026c80321804: 9048 bb00 | 0000 0000 

  0x0000026c8032180c: ;   {runtime_call}
  0x0000026c8032180c: 0000 00e9 | fbff ffff 

  0x0000026c80321814: ;   {static_stub}
  0x0000026c80321814: 9048 bb00 | 0000 0000 

  0x0000026c8032181c: ;   {runtime_call}
  0x0000026c8032181c: 0000 00e9 | fbff ffff 

  0x0000026c80321824: ;   {static_stub}
  0x0000026c80321824: 9048 bb00 | 0000 0000 

  0x0000026c8032182c: ;   {runtime_call}
  0x0000026c8032182c: 0000 00e9 | fbff ffff 

  0x0000026c80321834: ;   {static_stub}
  0x0000026c80321834: 9048 bb00 | 0000 0000 

  0x0000026c8032183c: ;   {runtime_call}
  0x0000026c8032183c: 0000 00e9 | fbff ffff 

  0x0000026c80321844: ;   {static_stub}
  0x0000026c80321844: 9048 bb00 | 0000 0000 

  0x0000026c8032184c: ;   {runtime_call}
  0x0000026c8032184c: 0000 00e9 | fbff ffff 

  0x0000026c80321854: ;   {static_stub}
  0x0000026c80321854: 9048 bb00 | 0000 0000 

  0x0000026c8032185c: ;   {runtime_call}
  0x0000026c8032185c: 0000 00e9 | fbff ffff 

  0x0000026c80321864: ;   {static_stub}
  0x0000026c80321864: 9048 bb00 | 0000 0000 

  0x0000026c8032186c: ;   {runtime_call}
  0x0000026c8032186c: 0000 00e9 | fbff ffff 

  0x0000026c80321874: ;   {static_stub}
  0x0000026c80321874: 9048 bb00 | 0000 0000 

  0x0000026c8032187c: ;   {runtime_call}
  0x0000026c8032187c: 0000 00e9 | fbff ffff 

  0x0000026c80321884: ;   {static_stub}
  0x0000026c80321884: 9048 bb00 | 0000 0000 

  0x0000026c8032188c: ;   {runtime_call}
  0x0000026c8032188c: 0000 00e9 | fbff ffff 

  0x0000026c80321894: ;   {static_stub}
  0x0000026c80321894: 9048 bb00 | 0000 0000 

  0x0000026c8032189c: ;   {runtime_call}
  0x0000026c8032189c: 0000 00e9 | fbff ffff 

  0x0000026c803218a4: ;   {static_stub}
  0x0000026c803218a4: 9048 bb00 | 0000 0000 

  0x0000026c803218ac: ;   {runtime_call}
  0x0000026c803218ac: 0000 00e9 | fbff ffff 

  0x0000026c803218b4: ;   {static_stub}
  0x0000026c803218b4: 9048 bb00 | 0000 0000 

  0x0000026c803218bc: ;   {runtime_call}
  0x0000026c803218bc: 0000 00e9 | fbff ffff 

  0x0000026c803218c4: ;   {static_stub}
  0x0000026c803218c4: 9048 bb00 | 0000 0000 

  0x0000026c803218cc: ;   {runtime_call}
  0x0000026c803218cc: 0000 00e9 | fbff ffff 

  0x0000026c803218d4: ;   {static_stub}
  0x0000026c803218d4: 9048 bb00 | 0000 0000 

  0x0000026c803218dc: ;   {runtime_call}
  0x0000026c803218dc: 0000 00e9 | fbff ffff 

  0x0000026c803218e4: ;   {static_stub}
  0x0000026c803218e4: 9048 bb00 | 0000 0000 

  0x0000026c803218ec: ;   {runtime_call}
  0x0000026c803218ec: 0000 00e9 | fbff ffff 

  0x0000026c803218f4: ;   {static_stub}
  0x0000026c803218f4: 9048 bb00 | 0000 0000 

  0x0000026c803218fc: ;   {runtime_call}
  0x0000026c803218fc: 0000 00e9 | fbff ffff 

  0x0000026c80321904: ;   {static_stub}
  0x0000026c80321904: 9048 bb00 | 0000 0000 

  0x0000026c8032190c: ;   {runtime_call}
  0x0000026c8032190c: 0000 00e9 | fbff ffff 

  0x0000026c80321914: ;   {static_stub}
  0x0000026c80321914: 9048 bb00 | 0000 0000 

  0x0000026c8032191c: ;   {runtime_call}
  0x0000026c8032191c: 0000 00e9 | fbff ffff 

  0x0000026c80321924: ;   {static_stub}
  0x0000026c80321924: 9048 bb00 | 0000 0000 

  0x0000026c8032192c: ;   {runtime_call}
  0x0000026c8032192c: 0000 00e9 | fbff ffff 

  0x0000026c80321934: ;   {static_stub}
  0x0000026c80321934: 9048 bb00 | 0000 0000 

  0x0000026c8032193c: ;   {runtime_call}
  0x0000026c8032193c: 0000 00e9 | fbff ffff 

  0x0000026c80321944: ;   {static_stub}
  0x0000026c80321944: 9048 bb00 | 0000 0000 

  0x0000026c8032194c: ;   {runtime_call}
  0x0000026c8032194c: 0000 00e9 | fbff ffff 

  0x0000026c80321954: ;   {static_stub}
  0x0000026c80321954: 9048 bb00 | 0000 0000 

  0x0000026c8032195c: ;   {runtime_call}
  0x0000026c8032195c: 0000 00e9 | fbff ffff 

  0x0000026c80321964: ;   {static_stub}
  0x0000026c80321964: 9048 bb00 | 0000 0000 

  0x0000026c8032196c: ;   {runtime_call}
  0x0000026c8032196c: 0000 00e9 | fbff ffff 

  0x0000026c80321974: ;   {static_stub}
  0x0000026c80321974: 9048 bb00 | 0000 0000 

  0x0000026c8032197c: ;   {runtime_call}
  0x0000026c8032197c: 0000 00e9 | fbff ffff 

  0x0000026c80321984: ;   {static_stub}
  0x0000026c80321984: 9048 bb00 | 0000 0000 

  0x0000026c8032198c: ;   {runtime_call}
  0x0000026c8032198c: 0000 00e9 | fbff ffff 

  0x0000026c80321994: ;   {static_stub}
  0x0000026c80321994: 9048 bb00 | 0000 0000 

  0x0000026c8032199c: ;   {runtime_call}
  0x0000026c8032199c: 0000 00e9 | fbff ffff 

  0x0000026c803219a4: ;   {static_stub}
  0x0000026c803219a4: 9048 bb00 | 0000 0000 

  0x0000026c803219ac: ;   {runtime_call}
  0x0000026c803219ac: 0000 00e9 | fbff ffff 

  0x0000026c803219b4: ;   {static_stub}
  0x0000026c803219b4: 9048 bb00 | 0000 0000 

  0x0000026c803219bc: ;   {runtime_call}
  0x0000026c803219bc: 0000 00e9 | fbff ffff 

  0x0000026c803219c4: ;   {static_stub}
  0x0000026c803219c4: 9048 bb00 | 0000 0000 

  0x0000026c803219cc: ;   {runtime_call}
  0x0000026c803219cc: 0000 00e9 | fbff ffff 

  0x0000026c803219d4: ;   {static_stub}
  0x0000026c803219d4: 9048 bb00 | 0000 0000 

  0x0000026c803219dc: ;   {runtime_call}
  0x0000026c803219dc: 0000 00e9 | fbff ffff 

  0x0000026c803219e4: ;   {static_stub}
  0x0000026c803219e4: 9048 bb00 | 0000 0000 

  0x0000026c803219ec: ;   {runtime_call}
  0x0000026c803219ec: 0000 00e9 | fbff ffff 

  0x0000026c803219f4: ;   {static_stub}
  0x0000026c803219f4: 9048 bb00 | 0000 0000 

  0x0000026c803219fc: ;   {runtime_call}
  0x0000026c803219fc: 0000 00e9 | fbff ffff 

  0x0000026c80321a04: ;   {static_stub}
  0x0000026c80321a04: 9048 bb00 | 0000 0000 

  0x0000026c80321a0c: ;   {runtime_call}
  0x0000026c80321a0c: 0000 00e9 | fbff ffff 

  0x0000026c80321a14: ;   {static_stub}
  0x0000026c80321a14: 9048 bb00 | 0000 0000 

  0x0000026c80321a1c: ;   {runtime_call}
  0x0000026c80321a1c: 0000 00e9 | fbff ffff 

  0x0000026c80321a24: ;   {static_stub}
  0x0000026c80321a24: 9048 bb00 | 0000 0000 

  0x0000026c80321a2c: ;   {runtime_call}
  0x0000026c80321a2c: 0000 00e9 | fbff ffff 

  0x0000026c80321a34: ;   {static_stub}
  0x0000026c80321a34: 9048 bb00 | 0000 0000 

  0x0000026c80321a3c: ;   {runtime_call}
  0x0000026c80321a3c: 0000 00e9 | fbff ffff 

  0x0000026c80321a44: ;   {static_stub}
  0x0000026c80321a44: 9048 bb00 | 0000 0000 

  0x0000026c80321a4c: ;   {runtime_call}
  0x0000026c80321a4c: 0000 00e9 | fbff ffff 

  0x0000026c80321a54: ;   {static_stub}
  0x0000026c80321a54: 9048 bb00 | 0000 0000 

  0x0000026c80321a5c: ;   {runtime_call}
  0x0000026c80321a5c: 0000 00e9 | fbff ffff 

  0x0000026c80321a64: ;   {static_stub}
  0x0000026c80321a64: 9048 bb00 | 0000 0000 

  0x0000026c80321a6c: ;   {runtime_call}
  0x0000026c80321a6c: 0000 00e9 | fbff ffff 

  0x0000026c80321a74: ;   {static_stub}
  0x0000026c80321a74: 9048 bb00 | 0000 0000 

  0x0000026c80321a7c: ;   {runtime_call}
  0x0000026c80321a7c: 0000 00e9 | fbff ffff 

  0x0000026c80321a84: ;   {static_stub}
  0x0000026c80321a84: 9048 bb00 | 0000 0000 

  0x0000026c80321a8c: ;   {runtime_call}
  0x0000026c80321a8c: 0000 00e9 | fbff ffff 

  0x0000026c80321a94: ;   {static_stub}
  0x0000026c80321a94: 9048 bb00 | 0000 0000 

  0x0000026c80321a9c: ;   {runtime_call}
  0x0000026c80321a9c: 0000 00e9 | fbff ffff 

  0x0000026c80321aa4: ;   {static_stub}
  0x0000026c80321aa4: 9048 bb00 | 0000 0000 

  0x0000026c80321aac: ;   {runtime_call}
  0x0000026c80321aac: 0000 00e9 | fbff ffff 

  0x0000026c80321ab4: ;   {static_stub}
  0x0000026c80321ab4: 9048 bb00 | 0000 0000 

  0x0000026c80321abc: ;   {runtime_call}
  0x0000026c80321abc: 0000 00e9 | fbff ffff 

  0x0000026c80321ac4: ;   {static_stub}
  0x0000026c80321ac4: 9048 bb00 | 0000 0000 

  0x0000026c80321acc: ;   {runtime_call}
  0x0000026c80321acc: 0000 00e9 | fbff ffff 

  0x0000026c80321ad4: ;   {static_stub}
  0x0000026c80321ad4: 9048 bb00 | 0000 0000 

  0x0000026c80321adc: ;   {runtime_call}
  0x0000026c80321adc: 0000 00e9 | fbff ffff 

  0x0000026c80321ae4: ;   {static_stub}
  0x0000026c80321ae4: 9048 bb00 | 0000 0000 

  0x0000026c80321aec: ;   {runtime_call}
  0x0000026c80321aec: 0000 00e9 | fbff ffff 

  0x0000026c80321af4: ;   {static_stub}
  0x0000026c80321af4: 9048 bb00 | 0000 0000 

  0x0000026c80321afc: ;   {runtime_call}
  0x0000026c80321afc: 0000 00e9 | fbff ffff 

  0x0000026c80321b04: ;   {static_stub}
  0x0000026c80321b04: 9048 bb00 | 0000 0000 

  0x0000026c80321b0c: ;   {runtime_call}
  0x0000026c80321b0c: 0000 00e9 | fbff ffff 
[Exception Handler]
  0x0000026c80321b14: ;   {runtime_call handle_exception_from_callee Runtime1 stub}
  0x0000026c80321b14: e8e7 4f30 

  0x0000026c80321b18: ;   {external_word}
  0x0000026c80321b18: 0748 b930 | 9a37 fffa | 7f00 0048 

  0x0000026c80321b24: ;   {runtime_call}
  0x0000026c80321b24: 83e4 f049 | ba40 2b00 | fffa 7f00 | 0041 ffd2 

  0x0000026c80321b34: ;   {section_word}
  0x0000026c80321b34: f449 ba35 | 1b32 806c | 0200 0041 

  0x0000026c80321b40: ;   {runtime_call DeoptimizationBlob}
  0x0000026c80321b40: 52e9 da85 | 2607 f4f4 
[/MachCode]


---------------  P R O C E S S  ---------------

Threads class SMR info:
_java_thread_list=0x0000026c8f2910b0, length=17, elements={
0x0000026cf409ea50, 0x0000026cf8f28020, 0x0000026cf8f29d80, 0x0000026cfe058f20,
0x0000026cfe059ae0, 0x0000026cfe05ae40, 0x0000026cfe05fc20, 0x0000026cfe067630,
0x0000026cfe069fe0, 0x0000026cfe07f8a0, 0x0000026cfe177200, 0x0000026cfe382c40,
0x0000026c8f2cb100, 0x0000026c8f0caaf0, 0x0000026c8f0cafd0, 0x0000026c8f185880,
0x0000026c8f4ba020
}

Java Threads: ( => current thread )
  0x0000026cf409ea50 JavaThread "main" [_thread_in_vm, id=13808, stack(0x00000089c0e00000,0x00000089c0f00000)]
  0x0000026cf8f28020 JavaThread "Reference Handler" daemon [_thread_blocked, id=12660, stack(0x00000089c1100000,0x00000089c1200000)]
  0x0000026cf8f29d80 JavaThread "Finalizer" daemon [_thread_blocked, id=3832, stack(0x00000089c1200000,0x00000089c1300000)]
  0x0000026cfe058f20 JavaThread "Signal Dispatcher" daemon [_thread_blocked, id=10752, stack(0x00000089c1300000,0x00000089c1400000)]
  0x0000026cfe059ae0 JavaThread "Attach Listener" daemon [_thread_blocked, id=4424, stack(0x00000089c1400000,0x00000089c1500000)]
  0x0000026cfe05ae40 JavaThread "Service Thread" daemon [_thread_blocked, id=6680, stack(0x00000089c1500000,0x00000089c1600000)]
  0x0000026cfe05fc20 JavaThread "Monitor Deflation Thread" daemon [_thread_blocked, id=8432, stack(0x00000089c1600000,0x00000089c1700000)]
  0x0000026cfe067630 JavaThread "C2 CompilerThread0" daemon [_thread_blocked, id=8404, stack(0x00000089c1700000,0x00000089c1800000)]
  0x0000026cfe069fe0 JavaThread "C1 CompilerThread0" daemon [_thread_in_vm, id=3660, stack(0x00000089c1800000,0x00000089c1900000)]
  0x0000026cfe07f8a0 JavaThread "Sweeper thread" daemon [_thread_blocked, id=14716, stack(0x00000089c1900000,0x00000089c1a00000)]
  0x0000026cfe177200 JavaThread "Common-Cleaner" daemon [_thread_blocked, id=11860, stack(0x00000089c1a00000,0x00000089c1b00000)]
  0x0000026cfe382c40 JavaThread "Notification Thread" daemon [_thread_blocked, id=11740, stack(0x00000089c1c00000,0x00000089c1d00000)]
  0x0000026c8f2cb100 JavaThread "Active Thread: Equinox Container: 2d390687-81e9-479c-a54a-593068421c93" [_thread_blocked, id=3036, stack(0x00000089c1e00000,0x00000089c1f00000)]
  0x0000026c8f0caaf0 JavaThread "Framework Event Dispatcher: Equinox Container: 2d390687-81e9-479c-a54a-593068421c93" daemon [_thread_blocked, id=8612, stack(0x00000089c2500000,0x00000089c2600000)]
=>0x0000026c8f0cafd0 JavaThread "Start Level: Equinox Container: 2d390687-81e9-479c-a54a-593068421c93" daemon [_thread_in_vm, id=12584, stack(0x00000089c2600000,0x00000089c2700000)]
  0x0000026c8f185880 JavaThread "SCR Component Actor" daemon [_thread_blocked, id=9436, stack(0x00000089c2700000,0x00000089c2800000)]
  0x0000026c8f4ba020 JavaThread "SCR Component Registry" daemon [_thread_blocked, id=13672, stack(0x00000089c2900000,0x00000089c2a00000)]

Other Threads:
  0x0000026cf414ea00 VMThread "VM Thread" [stack: 0x00000089c1000000,0x00000089c1100000] [id=5200]
  0x0000026cfe3eed20 WatcherThread [stack: 0x00000089c1d00000,0x00000089c1e00000] [id=3184]
  0x0000026cf40b2290 GCTaskThread "GC Thread#0" [stack: 0x00000089c0f00000,0x00000089c1000000] [id=8180]
  0x0000026cff980590 GCTaskThread "GC Thread#1" [stack: 0x00000089c1f00000,0x00000089c2000000] [id=11072]
  0x0000026cff980850 GCTaskThread "GC Thread#2" [stack: 0x00000089c2000000,0x00000089c2100000] [id=15324]
  0x0000026c8f053ff0 GCTaskThread "GC Thread#3" [stack: 0x00000089c2100000,0x00000089c2200000] [id=6760]
  0x0000026c8f0542b0 GCTaskThread "GC Thread#4" [stack: 0x00000089c2200000,0x00000089c2300000] [id=6608]
  0x0000026c8f054570 GCTaskThread "GC Thread#5" [stack: 0x00000089c2300000,0x00000089c2400000] [id=12320]
  0x0000026cff9a1030 GCTaskThread "GC Thread#6" [stack: 0x00000089c2400000,0x00000089c2500000] [id=3440]
  0x0000026c8f23f150 GCTaskThread "GC Thread#7" [stack: 0x00000089c2800000,0x00000089c2900000] [id=6504]

Threads with active compile tasks:
C1 CompilerThread0     4343 1931       3       jdk.internal.reflect.ClassFileAssembler::setStack (25 bytes)

VM state: not at safepoint (normal execution)

VM Mutex/Monitor currently owned by a thread:  ([mutex/lock_event])
[0x0000026cf4099380] Metaspace_lock - owner thread: 0x0000026c8f0cafd0
[0x0000026cf409baa0] MethodData_lock - owner thread: 0x0000026cfe069fe0

Heap address: 0x00000000c0000000, size: 1024 MB, Compressed Oops mode: 32-bit

CDS archive(s) not mapped
Compressed class space mapped at: 0x0000000100000000-0x0000000140000000, reserved size: 1073741824
Narrow klass base: 0x0000000000000000, Narrow klass shift: 3, Narrow klass range: 0x140000000

GC Precious Log:
 CPUs: 8 total, 8 available
 Memory: 7997M
 Large Page Support: Disabled
 NUMA Support: Disabled
 Compressed Oops: Enabled (32-bit)
 Alignments: Space 512K, Generation 512K, Heap 2M
 Heap Min Capacity: 100M
 Heap Initial Capacity: 100M
 Heap Max Capacity: 1G
 Pre-touch: Disabled
 Parallel Workers: 8

Heap:
 PSYoungGen      total 29696K, used 19832K [0x00000000eab00000, 0x00000000ecc00000, 0x0000000100000000)
  eden space 25600K, 61% used [0x00000000eab00000,0x00000000eba65260,0x00000000ec400000)
  from space 4096K, 99% used [0x00000000ec800000,0x00000000ecbf8f28,0x00000000ecc00000)
  to   space 4096K, 0% used [0x00000000ec400000,0x00000000ec400000,0x00000000ec800000)
 ParOldGen       total 68608K, used 804K [0x00000000c0000000, 0x00000000c4300000, 0x00000000eab00000)
  object space 68608K, 1% used [0x00000000c0000000,0x00000000c00c9360,0x00000000c4300000)
 Metaspace       used 17858K, committed 18176K, reserved 1114112K
  class space    used 1829K, committed 1984K, reserved 1048576K

Card table byte_map: [0x0000026cf3a60000,0x0000026cf3c70000] _byte_map_base: 0x0000026cf3460000

Marking Bits: (ParMarkBitMap*) 0x00007ffaff5ed820
 Begin Bits: [0x0000026cf6d30000, 0x0000026cf7d30000)
 End Bits:   [0x0000026cf7d30000, 0x0000026cf8d30000)

Polling page: 0x0000026cf3850000

Metaspace:

Usage:
  Non-class:     15.65 MB used.
      Class:      1.79 MB used.
       Both:     17.44 MB used.

Virtual space:
  Non-class space:       64.00 MB reserved,      15.81 MB ( 25%) committed,  1 nodes.
      Class space:        1.00 GB reserved,       1.94 MB ( <1%) committed,  1 nodes.
             Both:        1.06 GB reserved,      17.75 MB (  2%) committed. 

Chunk freelists:
   Non-Class:  112.00 KB
       Class:  14.02 MB
        Both:  14.12 MB

MaxMetaspaceSize: unlimited
CompressedClassSpaceSize: 1.00 GB
Initial GC threshold: 21.00 MB
Current GC threshold: 21.00 MB
CDS: off
MetaspaceReclaimPolicy: balanced
 - commit_granule_bytes: 65536.
 - commit_granule_words: 8192.
 - virtual_space_node_default_size: 8388608.
 - enlarge_chunks_in_place: 1.
 - new_chunks_are_fully_committed: 0.
 - uncommit_free_chunks: 1.
 - use_allocation_guard: 0.
 - handle_deallocations: 1.


Internal statistics:

num_allocs_failed_limit: 0.
num_arena_births: 168.
num_arena_deaths: 0.
num_vsnodes_births: 2.
num_vsnodes_deaths: 0.
num_space_committed: 284.
num_space_uncommitted: 0.
num_chunks_returned_to_freelist: 0.
num_chunks_taken_from_freelist: 519.
num_chunk_merges: 0.
num_chunk_splits: 328.
num_chunks_enlarged: 236.
num_inconsistent_stats: 0.

CodeHeap 'non-profiled nmethods': size=120000Kb used=825Kb max_used=825Kb free=119174Kb
 bounds [0x0000026c87ad0000, 0x0000026c87d40000, 0x0000026c8f000000]
CodeHeap 'profiled nmethods': size=120000Kb used=3625Kb max_used=3625Kb free=116374Kb
 bounds [0x0000026c80000000, 0x0000026c80390000, 0x0000026c87530000]
CodeHeap 'non-nmethods': size=5760Kb used=1188Kb max_used=1221Kb free=4572Kb
 bounds [0x0000026c87530000, 0x0000026c877a0000, 0x0000026c87ad0000]
 total_blobs=2401 nmethods=1930 adapters=385
 compilation: enabled
              stopped_count=0, restarted_count=0
 full_count=0

Compilation events (20 events):
Event: 3.010 Thread 0x0000026cfe069fe0 nmethod 1920 0x0000026c87b99990 code [0x0000026c87b99b20, 0x0000026c87b99bf8]
Event: 3.012 Thread 0x0000026cfe067630 1921       4       java.lang.Object::equals (11 bytes)
Event: 3.013 Thread 0x0000026cfe067630 nmethod 1921 0x0000026c87b99c90 code [0x0000026c87b99e00, 0x0000026c87b99e98]
Event: 3.014 Thread 0x0000026cfe069fe0 1922       3       java.util.ArrayList$SubList$1::<init> (39 bytes)
Event: 3.014 Thread 0x0000026cfe069fe0 nmethod 1922 0x0000026c80380290 code [0x0000026c80380420, 0x0000026c803805b8]
Event: 3.027 Thread 0x0000026cfe069fe0 1923   !   3       org.eclipse.osgi.internal.loader.classpath.ClasspathManager::findClassImpl (308 bytes)
Event: 3.031 Thread 0x0000026cfe067630 1925       4       java.lang.ref.Reference::refersToImpl (6 bytes)
Event: 3.032 Thread 0x0000026cfe067630 nmethod 1925 0x0000026c87b99f90 code [0x0000026c87b9a100, 0x0000026c87b9a198]
Event: 3.035 Thread 0x0000026cfe069fe0 nmethod 1923 0x0000026c80380690 code [0x0000026c80380f40, 0x0000026c80385528]
Event: 3.035 Thread 0x0000026cfe069fe0 1924       3       org.eclipse.osgi.internal.loader.classpath.ClasspathEntry::findEntry (56 bytes)
Event: 3.038 Thread 0x0000026cfe069fe0 nmethod 1924 0x0000026c80387010 code [0x0000026c80387340, 0x0000026c80388b68]
Event: 3.038 Thread 0x0000026cfe069fe0 1928  s    3       org.eclipse.osgi.framework.eventmgr.ListenerQueue::queueListeners (37 bytes)
Event: 3.038 Thread 0x0000026cfe069fe0 nmethod 1928 0x0000026c80389290 code [0x0000026c80389460, 0x0000026c803898e8]
Event: 3.038 Thread 0x0000026cfe069fe0 1929       3       org.eclipse.osgi.framework.eventmgr.CopyOnWriteIdentityMap$Snapshot$EntrySet::size (9 bytes)
Event: 3.039 Thread 0x0000026cfe069fe0 nmethod 1929 0x0000026c80389a90 code [0x0000026c80389c20, 0x0000026c80389d58]
Event: 3.039 Thread 0x0000026cfe069fe0 1926       3       org.eclipse.osgi.framework.eventmgr.CopyOnWriteIdentityMap::isEmpty (11 bytes)
Event: 3.039 Thread 0x0000026cfe069fe0 nmethod 1926 0x0000026c80389e10 code [0x0000026c80389fc0, 0x0000026c8038a1d8]
Event: 3.039 Thread 0x0000026cfe069fe0 1927       3       org.eclipse.osgi.framework.eventmgr.CopyOnWriteIdentityMap::size (6 bytes)
Event: 3.039 Thread 0x0000026cfe069fe0 nmethod 1927 0x0000026c8038a310 code [0x0000026c8038a4a0, 0x0000026c8038a5d8]
Event: 3.042 Thread 0x0000026cfe067630 1930       4       java.util.concurrent.ConcurrentHashMap::addCount (279 bytes)

GC Heap History (4 events):
Event: 1.657 GC heap before
{Heap before GC invocations=1 (full 0):
 PSYoungGen      total 29696K, used 25600K [0x00000000eab00000, 0x00000000ecc00000, 0x0000000100000000)
  eden space 25600K, 100% used [0x00000000eab00000,0x00000000ec400000,0x00000000ec400000)
  from space 4096K, 0% used [0x00000000ec800000,0x00000000ec800000,0x00000000ecc00000)
  to   space 4096K, 0% used [0x00000000ec400000,0x00000000ec400000,0x00000000ec800000)
 ParOldGen       total 68608K, used 0K [0x00000000c0000000, 0x00000000c4300000, 0x00000000eab00000)
  object space 68608K, 0% used [0x00000000c0000000,0x00000000c0000000,0x00000000c4300000)
 Metaspace       used 10952K, committed 11136K, reserved 1114112K
  class space    used 1088K, committed 1216K, reserved 1048576K
}
Event: 1.665 GC heap after
{Heap after GC invocations=1 (full 0):
 PSYoungGen      total 29696K, used 3156K [0x00000000eab00000, 0x00000000ecc00000, 0x0000000100000000)
  eden space 25600K, 0% used [0x00000000eab00000,0x00000000eab00000,0x00000000ec400000)
  from space 4096K, 77% used [0x00000000ec400000,0x00000000ec715288,0x00000000ec800000)
  to   space 4096K, 0% used [0x00000000ec800000,0x00000000ec800000,0x00000000ecc00000)
 ParOldGen       total 68608K, used 16K [0x00000000c0000000, 0x00000000c4300000, 0x00000000eab00000)
  object space 68608K, 0% used [0x00000000c0000000,0x00000000c0004000,0x00000000c4300000)
 Metaspace       used 10952K, committed 11136K, reserved 1114112K
  class space    used 1088K, committed 1216K, reserved 1048576K
}
Event: 2.615 GC heap before
{Heap before GC invocations=2 (full 0):
 PSYoungGen      total 29696K, used 28756K [0x00000000eab00000, 0x00000000ecc00000, 0x0000000100000000)
  eden space 25600K, 100% used [0x00000000eab00000,0x00000000ec400000,0x00000000ec400000)
  from space 4096K, 77% used [0x00000000ec400000,0x00000000ec715288,0x00000000ec800000)
  to   space 4096K, 0% used [0x00000000ec800000,0x00000000ec800000,0x00000000ecc00000)
 ParOldGen       total 68608K, used 16K [0x00000000c0000000, 0x00000000c4300000, 0x00000000eab00000)
  object space 68608K, 0% used [0x00000000c0000000,0x00000000c0004000,0x00000000c4300000)
 Metaspace       used 14802K, committed 15104K, reserved 1114112K
  class space    used 1498K, committed 1664K, reserved 1048576K
}
Event: 2.623 GC heap after
{Heap after GC invocations=2 (full 0):
 PSYoungGen      total 29696K, used 4067K [0x00000000eab00000, 0x00000000ecc00000, 0x0000000100000000)
  eden space 25600K, 0% used [0x00000000eab00000,0x00000000eab00000,0x00000000ec400000)
  from space 4096K, 99% used [0x00000000ec800000,0x00000000ecbf8f28,0x00000000ecc00000)
  to   space 4096K, 0% used [0x00000000ec400000,0x00000000ec400000,0x00000000ec800000)
 ParOldGen       total 68608K, used 804K [0x00000000c0000000, 0x00000000c4300000, 0x00000000eab00000)
  object space 68608K, 1% used [0x00000000c0000000,0x00000000c00c9360,0x00000000c4300000)
 Metaspace       used 14802K, committed 15104K, reserved 1114112K
  class space    used 1498K, committed 1664K, reserved 1048576K
}

Dll operation events (9 events):
Event: 0.025 Loaded shared library c:\Users\thinkpad\.vscode\extensions\redhat.java-1.32.0-win32-x64\jre\17.0.11-win32-x86_64\bin\java.dll
Event: 0.325 Loaded shared library c:\Users\thinkpad\.vscode\extensions\redhat.java-1.32.0-win32-x64\jre\17.0.11-win32-x86_64\bin\zip.dll
Event: 0.331 Loaded shared library C:\Users\thinkpad\.vscode\extensions\redhat.java-1.32.0-win32-x64\jre\17.0.11-win32-x86_64\bin\instrument.dll
Event: 0.355 Loaded shared library C:\Users\thinkpad\.vscode\extensions\redhat.java-1.32.0-win32-x64\jre\17.0.11-win32-x86_64\bin\net.dll
Event: 0.359 Loaded shared library C:\Users\thinkpad\.vscode\extensions\redhat.java-1.32.0-win32-x64\jre\17.0.11-win32-x86_64\bin\nio.dll
Event: 0.372 Loaded shared library C:\Users\thinkpad\.vscode\extensions\redhat.java-1.32.0-win32-x64\jre\17.0.11-win32-x86_64\bin\zip.dll
Event: 0.401 Loaded shared library C:\Users\thinkpad\.vscode\extensions\redhat.java-1.32.0-win32-x64\jre\17.0.11-win32-x86_64\bin\jimage.dll
Event: 0.555 Loaded shared library c:\Users\thinkpad\.vscode\extensions\redhat.java-1.32.0-win32-x64\jre\17.0.11-win32-x86_64\bin\verify.dll
Event: 2.415 Loaded shared library C:\Users\thinkpad\AppData\Roaming\Code\User\globalStorage\redhat.java\1.32.0\config_ss_win\org.eclipse.equinox.launcher\org.eclipse.equinox.launcher.win32.win32.x86_64_1.2.1100.v20240613-2013\eclipse_11903.dll

Deoptimization events (20 events):
Event: 2.906 Thread 0x0000026c8f0cafd0 DEOPT PACKING pc=0x0000026c8015b2be sp=0x00000089c26fd740
Event: 2.906 Thread 0x0000026c8f0cafd0 DEOPT UNPACKING pc=0x0000026c8758a9e3 sp=0x00000089c26fcbb8 mode 0
Event: 2.975 Thread 0x0000026c8f0cafd0 DEOPT PACKING pc=0x0000026c802ae170 sp=0x00000089c26fa420
Event: 2.975 Thread 0x0000026c8f0cafd0 DEOPT UNPACKING pc=0x0000026c8758a9e3 sp=0x00000089c26f9870 mode 0
Event: 3.006 Thread 0x0000026c8f0cafd0 Uncommon trap: trap_request=0xffffff45 fr.pc=0x0000026c87b23478 relative=0x00000000000015f8
Event: 3.006 Thread 0x0000026c8f0cafd0 Uncommon trap: reason=unstable_if action=reinterpret pc=0x0000026c87b23478 method=java.util.jar.Manifest$FastInputStream.readLine([BII)I @ 106 c2
Event: 3.006 Thread 0x0000026c8f0cafd0 DEOPT PACKING pc=0x0000026c87b23478 sp=0x00000089c26fe180
Event: 3.006 Thread 0x0000026c8f0cafd0 DEOPT UNPACKING pc=0x0000026c87589ea3 sp=0x00000089c26fe060 mode 2
Event: 3.006 Thread 0x0000026c8f0cafd0 Uncommon trap: trap_request=0xffffff45 fr.pc=0x0000026c87b2c414 relative=0x0000000000000454
Event: 3.006 Thread 0x0000026c8f0cafd0 Uncommon trap: reason=unstable_if action=reinterpret pc=0x0000026c87b2c414 method=java.util.jar.Manifest$FastInputStream.readLine([BII)I @ 106 c2
Event: 3.006 Thread 0x0000026c8f0cafd0 DEOPT PACKING pc=0x0000026c87b2c414 sp=0x00000089c26fe120
Event: 3.006 Thread 0x0000026c8f0cafd0 DEOPT UNPACKING pc=0x0000026c87589ea3 sp=0x00000089c26fe058 mode 2
Event: 3.006 Thread 0x0000026c8f0cafd0 Uncommon trap: trap_request=0xffffff45 fr.pc=0x0000026c87b1925c relative=0x000000000000049c
Event: 3.006 Thread 0x0000026c8f0cafd0 Uncommon trap: reason=unstable_if action=reinterpret pc=0x0000026c87b1925c method=java.util.jar.Manifest$FastInputStream.readLine([BII)I @ 106 c2
Event: 3.006 Thread 0x0000026c8f0cafd0 DEOPT PACKING pc=0x0000026c87b1925c sp=0x00000089c26fe090
Event: 3.006 Thread 0x0000026c8f0cafd0 DEOPT UNPACKING pc=0x0000026c87589ea3 sp=0x00000089c26fe050 mode 2
Event: 3.006 Thread 0x0000026c8f0cafd0 Uncommon trap: trap_request=0xffffff45 fr.pc=0x0000026c87b2d284 relative=0x0000000000000084
Event: 3.006 Thread 0x0000026c8f0cafd0 Uncommon trap: reason=unstable_if action=reinterpret pc=0x0000026c87b2d284 method=java.util.jar.Manifest$FastInputStream.peek()B @ 8 c2
Event: 3.006 Thread 0x0000026c8f0cafd0 DEOPT PACKING pc=0x0000026c87b2d284 sp=0x00000089c26fe170
Event: 3.006 Thread 0x0000026c8f0cafd0 DEOPT UNPACKING pc=0x0000026c87589ea3 sp=0x00000089c26fe108 mode 2

Classes unloaded (0 events):
No events

Classes redefined (0 events):
No events

Internal exceptions (20 events):
Event: 1.497 Thread 0x0000026cf409ea50 Exception <a 'java/io/FileNotFoundException'{0x00000000ec117d68}> (0x00000000ec117d68) 
thrown [s\src\hotspot\share\prims\jni.cpp, line 516]
Event: 1.563 Thread 0x0000026cf409ea50 Implicit null exception at 0x0000026c87b3077b to 0x0000026c87b31130
Event: 1.563 Thread 0x0000026cf409ea50 Implicit null exception at 0x0000026c87b2b26c to 0x0000026c87b2b444
Event: 1.564 Thread 0x0000026cf409ea50 Implicit null exception at 0x0000026c87b275ec to 0x0000026c87b277bc
Event: 1.564 Thread 0x0000026cf409ea50 Implicit null exception at 0x0000026c87b17d0f to 0x0000026c87b17d85
Event: 1.653 Thread 0x0000026cf409ea50 Exception <a 'java/lang/NoSuchMethodError'{0x00000000ec3f2de8}: 'int java.lang.invoke.DirectMethodHandle$Holder.invokeStaticInit(java.lang.Object, java.lang.Object, java.lang.Object, java.lang.Object)'> (0x00000000ec3f2de8) 
thrown [s\src\hotspot\share\interpreter\linkResolver.cpp, line 759]
Event: 1.657 Thread 0x0000026cf409ea50 Exception <a 'java/lang/NoSuchMethodError'{0x00000000ec3fd458}: 'java.lang.Object java.lang.invoke.DirectMethodHandle$Holder.invokeInterface(java.lang.Object, java.lang.Object)'> (0x00000000ec3fd458) 
thrown [s\src\hotspot\share\interpreter\linkResolver.cpp, line 759]
Event: 1.666 Thread 0x0000026cf409ea50 Exception <a 'java/lang/IncompatibleClassChangeError'{0x00000000eab00ea8}: Found class java.lang.Object, but interface was expected> (0x00000000eab00ea8) 
thrown [s\src\hotspot\share\interpreter\linkResolver.cpp, line 826]
Event: 1.668 Thread 0x0000026cf409ea50 Exception <a 'java/lang/NoSuchMethodError'{0x00000000eab05418}: 'void java.lang.invoke.DirectMethodHandle$Holder.invokeStatic(java.lang.Object, java.lang.Object)'> (0x00000000eab05418) 
thrown [s\src\hotspot\share\interpreter\linkResolver.cpp, line 759]
Event: 1.669 Thread 0x0000026cf409ea50 Exception <a 'java/lang/NoSuchMethodError'{0x00000000eab08c18}: 'void java.lang.invoke.DirectMethodHandle$Holder.invokeStaticInit(java.lang.Object, java.lang.Object)'> (0x00000000eab08c18) 
thrown [s\src\hotspot\share\interpreter\linkResolver.cpp, line 759]
Event: 1.671 Thread 0x0000026cf409ea50 Exception <a 'java/lang/NoSuchMethodError'{0x00000000eab101a8}: 'int java.lang.invoke.DirectMethodHandle$Holder.invokeStaticInit(java.lang.Object, java.lang.Object)'> (0x00000000eab101a8) 
thrown [s\src\hotspot\share\interpreter\linkResolver.cpp, line 759]
Event: 1.729 Thread 0x0000026cf409ea50 Exception <a 'java/lang/NoSuchMethodError'{0x00000000eac7a660}: 'void java.lang.invoke.DirectMethodHandle$Holder.invokeSpecial(java.lang.Object, java.lang.Object, java.lang.Object)'> (0x00000000eac7a660) 
thrown [s\src\hotspot\share\interpreter\linkResolver.cpp, line 759]
Event: 2.184 Thread 0x0000026cf409ea50 Exception <a 'java/lang/NoSuchMethodError'{0x00000000eb92dfd0}: 'java.lang.Object java.lang.invoke.DirectMethodHandle$Holder.newInvokeSpecial(java.lang.Object, int, java.lang.Object)'> (0x00000000eb92dfd0) 
thrown [s\src\hotspot\share\interpreter\linkResolver.cpp, line 759]
Event: 2.411 Thread 0x0000026cf409ea50 Exception <a 'java/lang/UnsatisfiedLinkError'{0x00000000ebeba288}: 'void org.eclipse.equinox.launcher.JNIBridge._update_splash()'> (0x00000000ebeba288) 
thrown [s\src\hotspot\share\prims\nativeLookup.cpp, line 543]
Event: 2.506 Thread 0x0000026c8f0cafd0 Exception <a 'java/lang/NoSuchMethodError'{0x00000000ec185600}: 'java.lang.Object java.lang.invoke.DirectMethodHandle$Holder.invokeStaticInit(java.lang.Object)'> (0x00000000ec185600) 
thrown [s\src\hotspot\share\interpreter\linkResolver.cpp, line 759]
Event: 2.567 Thread 0x0000026c8f0cafd0 Exception <a 'java/lang/NullPointerException'{0x00000000ec2c7548}> (0x00000000ec2c7548) 
thrown [s\src\hotspot\share\interpreter\linkResolver.cpp, line 1350]
Event: 2.567 Thread 0x0000026c8f0cafd0 Exception <a 'java/lang/NullPointerException'{0x00000000ec2c7820}> (0x00000000ec2c7820) 
thrown [s\src\hotspot\share\interpreter\linkResolver.cpp, line 1350]
Event: 2.854 Thread 0x0000026c8f0cafd0 Exception <a 'java/io/FileNotFoundException'{0x00000000eb540f70}> (0x00000000eb540f70) 
thrown [s\src\hotspot\share\prims\jni.cpp, line 516]
Event: 2.937 Thread 0x0000026c8f0cafd0 Exception <a 'java/lang/NoSuchMethodError'{0x00000000eb70a438}: 'java.lang.Object java.lang.invoke.Invokers$Holder.invokeExact_MT(java.lang.Object, java.lang.Object, java.lang.Object, java.lang.Object, java.lang.Object, java.lang.Object)'> (0x00000000eb70a438) 
thrown [s\src\hotspot\share\interpreter\linkResolver.cpp, line 759]
Event: 2.990 Thread 0x0000026c8f0cafd0 Exception <a 'java/lang/NoSuchMethodError'{0x00000000eb82ecc8}: 'java.lang.Object java.lang.invoke.Invokers$Holder.linkToTargetMethod(java.lang.Object, long, java.lang.Object)'> (0x00000000eb82ecc8) 
thrown [s\src\hotspot\share\interpreter\linkResolver.cpp, line 759]

VM Operations (20 events):
Event: 1.058 Executing VM operation: HandshakeAllThreads
Event: 1.058 Executing VM operation: HandshakeAllThreads done
Event: 1.443 Executing VM operation: HandshakeAllThreads
Event: 1.443 Executing VM operation: HandshakeAllThreads done
Event: 1.443 Executing VM operation: Cleanup
Event: 1.443 Executing VM operation: Cleanup done
Event: 1.657 Executing VM operation: ParallelGCFailedAllocation
Event: 1.666 Executing VM operation: ParallelGCFailedAllocation done
Event: 2.135 Executing VM operation: HandshakeAllThreads
Event: 2.135 Executing VM operation: HandshakeAllThreads done
Event: 2.136 Executing VM operation: HandshakeAllThreads
Event: 2.136 Executing VM operation: HandshakeAllThreads done
Event: 2.148 Executing VM operation: HandshakeAllThreads
Event: 2.148 Executing VM operation: HandshakeAllThreads done
Event: 2.174 Executing VM operation: HandshakeAllThreads
Event: 2.174 Executing VM operation: HandshakeAllThreads done
Event: 2.560 Executing VM operation: HandshakeAllThreads
Event: 2.560 Executing VM operation: HandshakeAllThreads done
Event: 2.615 Executing VM operation: ParallelGCFailedAllocation
Event: 2.623 Executing VM operation: ParallelGCFailedAllocation done

Events (20 events):
Event: 3.044 loading class java/time/temporal/IsoFields$Field$3 done
Event: 3.044 loading class java/time/temporal/IsoFields$Field$4
Event: 3.044 loading class java/time/temporal/IsoFields$Field$4 done
Event: 3.044 loading class java/time/temporal/IsoFields$Unit
Event: 3.045 loading class java/time/temporal/IsoFields$Unit done
Event: 3.045 loading class java/time/temporal/JulianFields
Event: 3.045 loading class java/time/temporal/JulianFields done
Event: 3.045 loading class java/time/temporal/JulianFields$Field
Event: 3.045 loading class java/time/temporal/JulianFields$Field done
Event: 3.045 loading class java/time/format/SignStyle
Event: 3.046 loading class java/time/format/SignStyle done
Event: 3.046 loading class java/time/format/DateTimeFormatterBuilder$NumberPrinterParser
Event: 3.046 loading class java/time/format/DateTimeFormatterBuilder$DateTimePrinterParser
Event: 3.046 loading class java/time/format/DateTimeFormatterBuilder$DateTimePrinterParser done
Event: 3.046 loading class java/time/format/DateTimeFormatterBuilder$NumberPrinterParser done
Event: 3.046 loading class java/time/format/DateTimeFormatterBuilder$CharLiteralPrinterParser
Event: 3.046 loading class java/time/format/DateTimeFormatterBuilder$CharLiteralPrinterParser done
Event: 3.047 loading class java/time/format/ResolverStyle
Event: 3.047 loading class java/time/format/ResolverStyle done
Event: 3.047 loading class java/time/chrono/IsoChronology


Dynamic libraries:
0x00007ff6dd070000 - 0x00007ff6dd07e000 	c:\Users\thinkpad\.vscode\extensions\redhat.java-1.32.0-win32-x64\jre\17.0.11-win32-x86_64\bin\java.exe
0x00007ffb48d90000 - 0x00007ffb48fa7000 	C:\WINDOWS\SYSTEM32\ntdll.dll
0x00007ffb47c60000 - 0x00007ffb47d24000 	C:\WINDOWS\System32\KERNEL32.DLL
0x00007ffb46210000 - 0x00007ffb465bc000 	C:\WINDOWS\System32\KERNELBASE.dll
0x00007ffb465c0000 - 0x00007ffb466d1000 	C:\WINDOWS\System32\ucrtbase.dll
0x00007ffb2c4d0000 - 0x00007ffb2c4eb000 	c:\Users\thinkpad\.vscode\extensions\redhat.java-1.32.0-win32-x64\jre\17.0.11-win32-x86_64\bin\VCRUNTIME140.dll
0x00007ffb2cfe0000 - 0x00007ffb2cff7000 	c:\Users\thinkpad\.vscode\extensions\redhat.java-1.32.0-win32-x64\jre\17.0.11-win32-x86_64\bin\jli.dll
0x00007ffb47540000 - 0x00007ffb476ee000 	C:\WINDOWS\System32\USER32.dll
0x00007ffb461e0000 - 0x00007ffb46206000 	C:\WINDOWS\System32\win32u.dll
0x00007ffb2dad0000 - 0x00007ffb2dd63000 	C:\WINDOWS\WinSxS\amd64_microsoft.windows.common-controls_6595b64144ccf1df_6.0.22621.3672_none_2713b9d173822955\COMCTL32.dll
0x00007ffb47f30000 - 0x00007ffb47f59000 	C:\WINDOWS\System32\GDI32.dll
0x00007ffb48ba0000 - 0x00007ffb48c47000 	C:\WINDOWS\System32\msvcrt.dll
0x00007ffb460c0000 - 0x00007ffb461d9000 	C:\WINDOWS\System32\gdi32full.dll
0x00007ffb46850000 - 0x00007ffb468ea000 	C:\WINDOWS\System32\msvcp_win.dll
0x00007ffb46b20000 - 0x00007ffb46b51000 	C:\WINDOWS\System32\IMM32.DLL
0x00007ffb3e8b0000 - 0x00007ffb3e8bc000 	c:\Users\thinkpad\.vscode\extensions\redhat.java-1.32.0-win32-x64\jre\17.0.11-win32-x86_64\bin\vcruntime140_1.dll
0x00007ffb129d0000 - 0x00007ffb12a5d000 	c:\Users\thinkpad\.vscode\extensions\redhat.java-1.32.0-win32-x64\jre\17.0.11-win32-x86_64\bin\msvcp140.dll
0x00007ffafea50000 - 0x00007ffaff6b2000 	c:\Users\thinkpad\.vscode\extensions\redhat.java-1.32.0-win32-x64\jre\17.0.11-win32-x86_64\bin\server\jvm.dll
0x00007ffb48ac0000 - 0x00007ffb48b72000 	C:\WINDOWS\System32\ADVAPI32.dll
0x00007ffb48060000 - 0x00007ffb4810a000 	C:\WINDOWS\System32\sechost.dll
0x00007ffb46a20000 - 0x00007ffb46a48000 	C:\WINDOWS\System32\bcrypt.dll
0x00007ffb48990000 - 0x00007ffb48aa5000 	C:\WINDOWS\System32\RPCRT4.dll
0x00007ffb45060000 - 0x00007ffb450ad000 	C:\WINDOWS\SYSTEM32\POWRPROF.dll
0x00007ffb42e20000 - 0x00007ffb42e29000 	C:\WINDOWS\SYSTEM32\WSOCK32.dll
0x00007ffb40870000 - 0x00007ffb408a4000 	C:\WINDOWS\SYSTEM32\WINMM.dll
0x00007ffb48c50000 - 0x00007ffb48cc1000 	C:\WINDOWS\System32\WS2_32.dll
0x00007ffb3d4d0000 - 0x00007ffb3d4da000 	C:\WINDOWS\SYSTEM32\VERSION.dll
0x00007ffb44f90000 - 0x00007ffb44fa3000 	C:\WINDOWS\SYSTEM32\UMPDC.dll
0x00007ffb451a0000 - 0x00007ffb451b8000 	C:\WINDOWS\SYSTEM32\kernel.appcore.dll
0x00007ffb3dac0000 - 0x00007ffb3daca000 	c:\Users\thinkpad\.vscode\extensions\redhat.java-1.32.0-win32-x64\jre\17.0.11-win32-x86_64\bin\jimage.dll
0x00007ffb43750000 - 0x00007ffb43982000 	C:\WINDOWS\SYSTEM32\DBGHELP.DLL
0x00007ffb46b70000 - 0x00007ffb46ef8000 	C:\WINDOWS\System32\combase.dll
0x00007ffb47b70000 - 0x00007ffb47c47000 	C:\WINDOWS\System32\OLEAUT32.dll
0x00007ffb18d40000 - 0x00007ffb18d72000 	C:\WINDOWS\SYSTEM32\dbgcore.DLL
0x00007ffb46a50000 - 0x00007ffb46acb000 	C:\WINDOWS\System32\bcryptPrimitives.dll
0x00007ffb3d630000 - 0x00007ffb3d63e000 	c:\Users\thinkpad\.vscode\extensions\redhat.java-1.32.0-win32-x64\jre\17.0.11-win32-x86_64\bin\instrument.dll
0x00007ffb2c4a0000 - 0x00007ffb2c4c5000 	c:\Users\thinkpad\.vscode\extensions\redhat.java-1.32.0-win32-x64\jre\17.0.11-win32-x86_64\bin\java.dll
0x00007ffb2c330000 - 0x00007ffb2c348000 	c:\Users\thinkpad\.vscode\extensions\redhat.java-1.32.0-win32-x64\jre\17.0.11-win32-x86_64\bin\zip.dll
0x00007ffb48130000 - 0x00007ffb4898c000 	C:\WINDOWS\System32\SHELL32.dll
0x00007ffb43fc0000 - 0x00007ffb448b7000 	C:\WINDOWS\SYSTEM32\windows.storage.dll
0x00007ffb43e80000 - 0x00007ffb43fbf000 	C:\WINDOWS\SYSTEM32\wintypes.dll
0x00007ffb47380000 - 0x00007ffb47474000 	C:\WINDOWS\System32\SHCORE.dll
0x00007ffb47480000 - 0x00007ffb474de000 	C:\WINDOWS\System32\shlwapi.dll
0x00007ffb45ff0000 - 0x00007ffb46011000 	C:\WINDOWS\SYSTEM32\profapi.dll
0x00007ffb2c310000 - 0x00007ffb2c329000 	C:\Users\thinkpad\.vscode\extensions\redhat.java-1.32.0-win32-x64\jre\17.0.11-win32-x86_64\bin\net.dll
0x00007ffb41420000 - 0x00007ffb41556000 	C:\WINDOWS\SYSTEM32\WINHTTP.dll
0x00007ffb45600000 - 0x00007ffb45669000 	C:\WINDOWS\system32\mswsock.dll
0x00007ffb266d0000 - 0x00007ffb266e6000 	C:\Users\thinkpad\.vscode\extensions\redhat.java-1.32.0-win32-x64\jre\17.0.11-win32-x86_64\bin\nio.dll
0x00007ffb32550000 - 0x00007ffb32560000 	c:\Users\thinkpad\.vscode\extensions\redhat.java-1.32.0-win32-x64\jre\17.0.11-win32-x86_64\bin\verify.dll
0x00007ffb25fb0000 - 0x00007ffb25ff4000 	C:\Users\thinkpad\AppData\Roaming\Code\User\globalStorage\redhat.java\1.32.0\config_ss_win\org.eclipse.equinox.launcher\org.eclipse.equinox.launcher.win32.win32.x86_64_1.2.1100.v20240613-2013\eclipse_11903.dll
0x00007ffb477a0000 - 0x00007ffb47945000 	C:\WINDOWS\System32\ole32.dll

dbghelp: loaded successfully - version: 4.0.5 - missing functions: none
symbol engine: initialized successfully - sym options: 0x614 - pdb path: .;c:\Users\thinkpad\.vscode\extensions\redhat.java-1.32.0-win32-x64\jre\17.0.11-win32-x86_64\bin;C:\WINDOWS\SYSTEM32;C:\WINDOWS\WinSxS\amd64_microsoft.windows.common-controls_6595b64144ccf1df_6.0.22621.3672_none_2713b9d173822955;c:\Users\thinkpad\.vscode\extensions\redhat.java-1.32.0-win32-x64\jre\17.0.11-win32-x86_64\bin\server;C:\Users\thinkpad\AppData\Roaming\Code\User\globalStorage\redhat.java\1.32.0\config_ss_win\org.eclipse.equinox.launcher\org.eclipse.equinox.launcher.win32.win32.x86_64_1.2.1100.v20240613-2013

VM Arguments:
jvm_args: --add-modules=ALL-SYSTEM --add-opens=java.base/java.util=ALL-UNNAMED --add-opens=java.base/java.lang=ALL-UNNAMED --add-opens=java.base/sun.nio.fs=ALL-UNNAMED -Declipse.application=org.eclipse.jdt.ls.core.id1 -Dosgi.bundles.defaultStartLevel=4 -Declipse.product=org.eclipse.jdt.ls.core.product -Djava.import.generatesMetadataFilesAtProjectRoot=false -DDetectVMInstallationsJob.disabled=true -Dfile.encoding=utf8 -XX:+UseParallelGC -XX:GCTimeRatio=4 -XX:AdaptiveSizePolicyWeight=90 -Dsun.zip.disableMemoryMapping=true -Xmx1G -Xms100m -Xlog:disable -javaagent:c:\Users\thinkpad\.vscode\extensions\redhat.java-1.32.0-win32-x64\lombok\lombok-1.18.33.jar 
java_command: c:\Users\thinkpad\.vscode\extensions\redhat.java-1.32.0-win32-x64\server\plugins\org.eclipse.equinox.launcher_1.6.900.v20240613-2009.jar -configuration c:\Users\thinkpad\AppData\Roaming\Code\User\globalStorage\redhat.java\1.32.0\config_ss_win -data c:\Users\thinkpad\AppData\Roaming\Code\User\workspaceStorage\51565181f65691b3f7f12234beb67880\redhat.java\ss_ws --pipe=\\.\pipe\lsp-e0f7746035b15e39c2b275724b68228d-sock
java_class_path (initial): c:\Users\thinkpad\.vscode\extensions\redhat.java-1.32.0-win32-x64\server\plugins\org.eclipse.equinox.launcher_1.6.900.v20240613-2009.jar
Launcher Type: SUN_STANDARD

[Global flags]
    uintx AdaptiveSizePolicyWeight                 = 90                                        {product} {command line}
     intx CICompilerCount                          = 4                                         {product} {ergonomic}
    uintx GCTimeRatio                              = 4                                         {product} {command line}
   size_t InitialHeapSize                          = 104857600                                 {product} {command line}
   size_t MaxHeapSize                              = 1073741824                                {product} {command line}
   size_t MaxNewSize                               = 357564416                                 {product} {ergonomic}
   size_t MinHeapDeltaBytes                        = 524288                                    {product} {ergonomic}
   size_t MinHeapSize                              = 104857600                                 {product} {command line}
   size_t NewSize                                  = 34603008                                  {product} {ergonomic}
    uintx NonNMethodCodeHeapSize                   = 5839372                                {pd product} {ergonomic}
    uintx NonProfiledCodeHeapSize                  = 122909434                              {pd product} {ergonomic}
   size_t OldSize                                  = 70254592                                  {product} {ergonomic}
    uintx ProfiledCodeHeapSize                     = 122909434                              {pd product} {ergonomic}
    uintx ReservedCodeCacheSize                    = 251658240                              {pd product} {ergonomic}
     bool SegmentedCodeCache                       = true                                      {product} {ergonomic}
   size_t SoftMaxHeapSize                          = 1073741824                             {manageable} {ergonomic}
     bool UseCompressedClassPointers               = true                           {product lp64_product} {ergonomic}
     bool UseCompressedOops                        = true                           {product lp64_product} {ergonomic}
     bool UseLargePagesIndividualAllocation        = false                                  {pd product} {ergonomic}
     bool UseParallelGC                            = true                                      {product} {command line}

Logging:
Log output configuration:
 #0: stdout all=off uptime,level,tags
 #1: stderr all=off uptime,level,tags

Environment Variables:
JAVA_HOME=C:\Program Files\Java\jdk-11
PATH=C:\Program Files\Common Files\Oracle\Java\javapath;C:\WINDOWS\system32;C:\WINDOWS;C:\WINDOWS\System32\Wbem;C:\WINDOWS\System32\WindowsPowerShell\v1.0\;C:\WINDOWS\System32\OpenSSH\;C:\xampp\php;C:\Program Files\Java\jdk-11\bin;C:\ProgramData\ComposerSetup\bin;C:\xampp\php;C:\Program Files\Docker\Docker\resources\bin;C:\Program Files\nodejs\;C:\Program Files\Java\jdk-21\bin;C:\Program Files\Java\jdk-11\bin;C:\Program Files\Git\cmd;C:\Users\thinkpad\scoop\shims;C:\Program Files\Elixir\bin;C:\Program Files\Erlang OTP\bin;C:\Users\thinkpad\AppData\Local\Programs\Python\Python310\Scripts\;C:\Users\thinkpad\AppData\Local\Programs\Python\Python310\;C:\Users\thinkpad\AppData\Local\Microsoft\WindowsApps;C:\Users\thinkpad\AppData\Local\Programs\Microsoft VS Code\bin;C:\xampp\htdocs\server\php;C:\Users\thinkpad\AppData\Local\Programs\mongosh\;C:\Users\thinkpad\AppData\Roaming\Composer\vendor\bin;C:\Users\thinkpad\AppData\Roaming\npm
USERNAME=thinkpad
OS=Windows_NT
PROCESSOR_IDENTIFIER=Intel64 Family 6 Model 126 Stepping 5, GenuineIntel
TMP=C:\Users\thinkpad\AppData\Local\Temp
TEMP=C:\Users\thinkpad\AppData\Local\Temp



Periodic native trim disabled


---------------  S Y S T E M  ---------------

OS:
 Windows 11 , 64 bit Build 22621 (10.0.22621.3672)
OS uptime: 0 days 2:28 hours
Hyper-V role detected

CPU: total 8 (initial active 8) (4 cores per cpu, 2 threads per core) family 6 model 126 stepping 5 microcode 0xa6, cx8, cmov, fxsr, ht, mmx, 3dnowpref, sse, sse2, sse3, ssse3, sse4.1, sse4.2, popcnt, lzcnt, tsc, tscinvbit, avx, avx2, aes, erms, clmul, bmi1, bmi2, adx, avx512f, avx512dq, avx512cd, avx512bw, avx512vl, sha, fma, vzeroupper, avx512_vpopcntdq, avx512_vpclmulqdq, avx512_vaes, avx512_vnni, clflush, clflushopt, avx512_vbmi2, avx512_vbmi, hv
Processor Information for all 8 processors :
  Max Mhz: 1190, Current Mhz: 991, Mhz Limit: 987

Memory: 4k page, system-wide physical 7997M (993M free)
TotalPageFile size 10045M (AvailPageFile size 78M)
current process WorkingSet (physical memory assigned to process): 97M, peak: 98M
current process commit charge ("private bytes"): 212M, peak: 214M

vm_info: OpenJDK 64-Bit Server VM (17.0.11+9) for windows-amd64 JRE (17.0.11+9), built on Apr 17 2024 06:07:48 by "admin" with MS VC++ 16.10 / 16.11 (VS2019)

END.
